-- phpMyAdmin SQL Dump
-- version 4.3.0
-- http://www.phpmyadmin.net
--
-- Хост: localhost
-- Время создания: Ноя 12 2015 г., 22:40
-- Версия сервера: 5.6.22
-- Версия PHP: 5.5.27

SET SQL_MODE = "NO_AUTO_VALUE_ON_ZERO";
SET time_zone = "+00:00";


/*!40101 SET @OLD_CHARACTER_SET_CLIENT=@@CHARACTER_SET_CLIENT */;
/*!40101 SET @OLD_CHARACTER_SET_RESULTS=@@CHARACTER_SET_RESULTS */;
/*!40101 SET @OLD_COLLATION_CONNECTION=@@COLLATION_CONNECTION */;
/*!40101 SET NAMES utf8 */;

--
-- База данных: `koleso`
--

-- --------------------------------------------------------

--
-- Структура таблицы `action`
--

CREATE TABLE IF NOT EXISTS `action` (
`id` int(10) unsigned NOT NULL,
  `name` varchar(255) NOT NULL,
  `code` varchar(100) NOT NULL
) ENGINE=InnoDB AUTO_INCREMENT=4 DEFAULT CHARSET=utf8;

--
-- Дамп данных таблицы `action`
--

INSERT INTO `action` (`id`, `name`, `code`) VALUES
(1, 'Добавление', 'add'),
(2, 'Редактирование', 'update'),
(3, 'Удаление', 'delete');

-- --------------------------------------------------------

--
-- Структура таблицы `advert`
--

CREATE TABLE IF NOT EXISTS `advert` (
`id` int(10) unsigned NOT NULL,
  `good_id` int(10) unsigned NOT NULL,
  `place_id` int(10) unsigned NOT NULL,
  `url` varchar(255) DEFAULT NULL,
  `type_id` int(10) unsigned NOT NULL,
  `city_id` int(10) unsigned NOT NULL
) ENGINE=InnoDB AUTO_INCREMENT=11 DEFAULT CHARSET=utf8;

--
-- Дамп данных таблицы `advert`
--

INSERT INTO `advert` (`id`, `good_id`, `place_id`, `url`, `type_id`, `city_id`) VALUES
(1, 1, 8, NULL, 869, 1058),
(2, 1, 8, NULL, 869, 1059),
(3, 1, 8, NULL, 869, 1062),
(4, 1, 8, NULL, 869, 1067),
(5, 1, 8, NULL, 869, 1061),
(6, 1, 8, NULL, 869, 1060),
(7, 1, 8, NULL, 869, 1064),
(8, 1, 8, 'http://', 869, 1065),
(9, 1, 8, NULL, 869, 1081),
(10, 1, 8, NULL, 869, 1057);

-- --------------------------------------------------------

--
-- Структура таблицы `attribute`
--

CREATE TABLE IF NOT EXISTS `attribute` (
`id` int(10) unsigned NOT NULL,
  `name` varchar(255) NOT NULL,
  `attribute_type_id` smallint(5) unsigned NOT NULL,
  `multi` tinyint(1) NOT NULL DEFAULT '0',
  `list` tinyint(1) NOT NULL DEFAULT '0',
  `width` int(11) NOT NULL DEFAULT '0',
  `dynamic` tinyint(1) NOT NULL DEFAULT '0',
  `required` tinyint(1) NOT NULL DEFAULT '0',
  `group_id` int(10) unsigned NOT NULL
) ENGINE=InnoDB AUTO_INCREMENT=61 DEFAULT CHARSET=utf8;

--
-- Дамп данных таблицы `attribute`
--

INSERT INTO `attribute` (`id`, `name`, `attribute_type_id`, `multi`, `list`, `width`, `dynamic`, `required`, `group_id`) VALUES
(3, 'Код', 3, 0, 0, 55, 0, 1, 0),
(5, 'Сверловка', 3, 1, 1, 0, 0, 0, 0),
(6, 'Модель диска', 3, 0, 1, 80, 0, 0, 0),
(7, 'Ширина шины', 2, 0, 1, 0, 0, 0, 0),
(8, 'Профиль шины', 1, 0, 1, 0, 0, 0, 0),
(9, 'Посадочный диаметр', 1, 0, 1, 0, 0, 0, 0),
(10, 'Год выпуска шины', 1, 0, 1, 0, 0, 0, 0),
(11, 'Страна изготовитель', 3, 0, 1, 0, 0, 0, 0),
(12, 'Остаток шины 1', 1, 0, 0, 0, 0, 0, 0),
(13, 'Остаток шины 2', 1, 0, 0, 0, 0, 0, 0),
(14, 'Остаток шины 3', 1, 0, 0, 0, 0, 0, 0),
(15, 'Остаток шины 4', 1, 0, 0, 0, 0, 0, 0),
(16, 'Марка шины', 3, 0, 1, 0, 0, 0, 0),
(17, 'Модель шины', 3, 0, 1, 179, 0, 0, 0),
(18, 'Индекс нагрузки шины', 3, 0, 1, 0, 0, 0, 0),
(19, 'Индекс скорости шины', 3, 0, 1, 0, 0, 0, 0),
(20, 'Цена продажи', 1, 0, 0, 0, 0, 0, 0),
(21, 'Цена за плохую пару шин', 1, 0, 0, 0, 0, 0, 0),
(22, 'Цена за хорошую пару шин', 1, 0, 0, 0, 0, 0, 0),
(23, 'Сезонность шин', 3, 0, 1, 0, 0, 0, 0),
(26, 'Состояние товара', 3, 0, 1, 0, 0, 0, 0),
(27, 'Город нахождения', 3, 0, 1, 125, 0, 1, 0),
(28, 'Количество', 1, 0, 1, 80, 0, 0, 0),
(29, 'Износ шины в %', 1, 0, 1, 0, 0, 0, 0),
(31, 'Ширина диска', 2, 1, 1, 0, 0, 0, 0),
(32, 'Вылет', 2, 1, 1, 0, 0, 0, 0),
(33, 'Диаметр центр. отверстия', 2, 0, 1, 0, 0, 0, 0),
(34, 'Вес', 2, 0, 0, 0, 0, 0, 0),
(35, 'Описание ', 4, 0, 0, 0, 0, 0, 0),
(36, 'Тип наценки', 1, 0, 1, 0, 0, 0, 0),
(37, 'Тип объявления', 3, 0, 1, 0, 1, 0, 0),
(38, 'Город выкладки', 3, 1, 1, 150, 1, 0, 0),
(41, 'Тип диска', 3, 0, 1, 80, 0, 0, 0),
(42, 'Объем', 2, 0, 0, 35, 0, 0, 0),
(43, 'Реализация', 1, 0, 1, 0, 0, 0, 0),
(44, 'URL', 3, 0, 0, 0, 0, 0, 0),
(46, 'Выкладывать ФД (0 - нет, 1 - да)', 1, 0, 0, 0, 0, 0, 0),
(47, 'Категория Колес', 1, 0, 1, 0, 0, 0, 0),
(51, 'Цена в магазине', 1, 0, 0, 0, 0, 0, 0),
(52, 'Текст объявления', 4, 0, 0, 0, 0, 0, 0),
(53, 'URL_avito', 3, 0, 0, 0, 0, 0, 0),
(54, 'Партнеры - условия', 3, 0, 1, 0, 0, 0, 0),
(55, 'Принадлежность', 1, 0, 1, 0, 0, 0, 0),
(56, 'Наличие', 3, 0, 1, 0, 0, 0, 0),
(57, 'Площадка', 3, 1, 1, 0, 1, 0, 0),
(58, 'Города выкладки Дром (бесплатные объявления) ', 3, 1, 1, 0, 1, 0, 38),
(59, 'Города выкладки Дром (аукцион) ', 3, 1, 1, 0, 1, 0, 38),
(60, 'Города выкладки Авито', 3, 1, 1, 0, 1, 0, 38);

-- --------------------------------------------------------

--
-- Структура таблицы `attribute_type`
--

CREATE TABLE IF NOT EXISTS `attribute_type` (
`id` smallint(5) unsigned NOT NULL,
  `name` varchar(50) NOT NULL,
  `code` varchar(50) NOT NULL
) ENGINE=InnoDB AUTO_INCREMENT=5 DEFAULT CHARSET=utf8;

--
-- Дамп данных таблицы `attribute_type`
--

INSERT INTO `attribute_type` (`id`, `name`, `code`) VALUES
(1, 'Целое число', 'int'),
(2, 'Дробное число', 'float'),
(3, 'Строка', 'varchar'),
(4, 'Текст', 'text');

-- --------------------------------------------------------

--
-- Структура таблицы `attribute_variant`
--

CREATE TABLE IF NOT EXISTS `attribute_variant` (
  `attribute_id` int(10) unsigned NOT NULL,
  `variant_id` int(10) unsigned NOT NULL
) ENGINE=InnoDB DEFAULT CHARSET=utf8;

--
-- Дамп данных таблицы `attribute_variant`
--

INSERT INTO `attribute_variant` (`attribute_id`, `variant_id`) VALUES
(5, 1262),
(5, 1263),
(5, 1264),
(5, 1265),
(5, 1266),
(5, 1267),
(5, 1269),
(5, 1270),
(5, 1271),
(5, 1272),
(5, 1273),
(5, 1366),
(5, 1367),
(5, 1368),
(5, 1372),
(5, 1382),
(5, 1384),
(5, 1473),
(5, 1557),
(5, 1628),
(5, 1679),
(5, 1778),
(6, 1567),
(6, 1568),
(6, 1609),
(6, 1610),
(6, 1611),
(6, 1612),
(6, 1613),
(6, 1614),
(6, 1616),
(6, 1617),
(6, 1618),
(6, 1619),
(6, 1620),
(6, 1621),
(6, 1622),
(6, 1623),
(6, 1625),
(6, 1626),
(6, 1627),
(6, 1629),
(6, 1631),
(6, 1632),
(6, 1634),
(6, 1635),
(6, 1636),
(6, 1637),
(6, 1640),
(6, 1641),
(6, 1642),
(6, 1643),
(6, 1644),
(6, 1645),
(6, 1646),
(6, 1647),
(6, 1648),
(6, 1649),
(6, 1652),
(6, 1653),
(6, 1654),
(6, 1655),
(6, 1656),
(6, 1657),
(6, 1658),
(6, 1659),
(6, 1660),
(6, 1661),
(6, 1662),
(6, 1663),
(6, 1664),
(6, 1665),
(6, 1667),
(6, 1668),
(6, 1669),
(6, 1670),
(6, 1673),
(6, 1674),
(6, 1675),
(6, 1676),
(6, 1677),
(6, 1678),
(6, 1680),
(6, 1681),
(6, 1682),
(6, 1683),
(6, 1684),
(6, 1685),
(6, 1686),
(6, 1688),
(6, 1690),
(6, 1691),
(6, 1694),
(6, 1695),
(6, 1696),
(6, 1697),
(6, 1698),
(6, 1700),
(6, 1701),
(6, 1702),
(6, 1703),
(6, 1704),
(6, 1705),
(6, 1707),
(6, 1708),
(6, 1709),
(6, 1710),
(6, 1711),
(6, 1712),
(6, 1713),
(6, 1714),
(6, 1715),
(6, 1716),
(6, 1717),
(6, 1718),
(6, 1719),
(6, 1720),
(6, 1721),
(6, 1722),
(6, 1723),
(6, 1724),
(6, 1725),
(6, 1726),
(6, 1727),
(6, 1728),
(6, 1729),
(6, 1730),
(6, 1731),
(6, 1732),
(6, 1733),
(6, 1734),
(6, 1735),
(6, 1736),
(6, 1737),
(6, 1738),
(6, 1739),
(6, 1740),
(6, 1741),
(6, 1742),
(6, 1743),
(6, 1744),
(6, 1746),
(6, 1747),
(6, 1748),
(6, 1749),
(6, 1750),
(6, 1751),
(6, 1752),
(6, 1753),
(6, 1754),
(6, 1755),
(6, 1756),
(6, 1758),
(6, 1759),
(6, 1760),
(6, 1761),
(6, 1762),
(6, 1763),
(6, 1764),
(6, 1765),
(6, 1766),
(6, 1767),
(6, 1768),
(6, 1770),
(6, 1771),
(6, 1772),
(6, 1773),
(6, 1774),
(6, 1775),
(6, 1776),
(6, 1777),
(6, 1779),
(6, 1784),
(6, 1785),
(6, 1786),
(6, 1787),
(6, 1788),
(6, 1789),
(6, 1790),
(6, 1791),
(6, 1792),
(6, 1793),
(6, 1794),
(6, 1795),
(6, 1797),
(6, 1798),
(6, 1799),
(6, 1800),
(6, 1801),
(6, 1802),
(6, 1803),
(6, 1804),
(6, 1805),
(6, 1806),
(6, 1807),
(6, 1808),
(6, 1810),
(6, 1811),
(6, 1812),
(6, 1813),
(6, 1816),
(6, 1818),
(6, 1819),
(6, 1820),
(6, 1821),
(6, 1823),
(6, 1897),
(6, 1898),
(6, 1899),
(6, 1900),
(6, 1901),
(6, 1902),
(6, 1903),
(6, 1904),
(6, 1905),
(6, 1906),
(6, 1907),
(6, 1908),
(6, 1909),
(6, 1910),
(6, 1911),
(6, 1912),
(6, 1913),
(6, 1914),
(6, 1915),
(6, 1916),
(6, 1917),
(6, 1918),
(6, 1919),
(6, 1920),
(6, 1921),
(6, 1922),
(6, 1923),
(6, 1924),
(6, 1925),
(6, 1926),
(6, 1927),
(6, 1928),
(6, 1929),
(6, 1930),
(6, 1931),
(6, 1932),
(6, 1933),
(6, 1934),
(6, 1935),
(6, 1936),
(6, 1937),
(6, 1938),
(6, 1939),
(6, 1940),
(6, 1941),
(6, 1942),
(6, 1943),
(6, 1944),
(6, 1945),
(6, 1946),
(6, 1947),
(6, 1948),
(6, 1949),
(6, 1950),
(6, 1951),
(6, 1952),
(6, 1953),
(6, 1954),
(6, 1955),
(6, 1956),
(6, 1957),
(6, 1958),
(6, 1959),
(6, 1960),
(6, 1961),
(6, 1962),
(6, 1963),
(6, 1964),
(6, 1965),
(6, 1966),
(6, 1967),
(6, 1968),
(6, 1969),
(6, 1970),
(6, 1971),
(6, 1972),
(6, 1973),
(6, 1974),
(6, 1975),
(6, 1976),
(6, 1977),
(6, 1978),
(6, 1979),
(6, 1980),
(6, 1981),
(6, 1982),
(6, 1983),
(6, 1984),
(6, 1985),
(6, 1986),
(6, 1987),
(6, 1988),
(6, 1989),
(6, 1990),
(6, 1991),
(6, 1992),
(6, 1993),
(6, 1994),
(6, 1995),
(6, 1996),
(6, 1997),
(6, 1998),
(6, 1999),
(6, 2000),
(6, 2001),
(6, 2002),
(6, 2003),
(6, 2004),
(6, 2005),
(6, 2006),
(6, 2007),
(6, 2008),
(6, 2009),
(6, 2010),
(6, 2011),
(6, 2012),
(6, 2013),
(6, 2014),
(6, 2015),
(6, 2016),
(6, 2017),
(6, 2018),
(6, 2019),
(6, 2020),
(6, 2021),
(7, 1327),
(7, 1328),
(7, 1329),
(7, 1330),
(7, 1331),
(7, 1332),
(7, 1333),
(7, 1334),
(7, 1335),
(7, 1336),
(7, 1337),
(7, 1338),
(7, 1339),
(7, 1486),
(7, 1488),
(7, 1494),
(7, 1837),
(8, 113),
(8, 114),
(8, 115),
(8, 116),
(8, 117),
(8, 118),
(8, 119),
(8, 120),
(8, 121),
(8, 122),
(8, 123),
(8, 124),
(9, 1317),
(9, 1318),
(9, 1319),
(9, 1320),
(9, 1321),
(9, 1322),
(9, 1323),
(9, 1324),
(9, 1325),
(9, 1326),
(9, 1369),
(9, 1633),
(10, 138),
(10, 139),
(10, 140),
(10, 141),
(10, 142),
(10, 143),
(10, 144),
(10, 145),
(10, 146),
(10, 147),
(10, 148),
(10, 149),
(10, 150),
(10, 151),
(10, 152),
(10, 153),
(10, 154),
(10, 155),
(10, 156),
(10, 1392),
(11, 819),
(11, 820),
(11, 821),
(11, 822),
(11, 823),
(11, 824),
(11, 825),
(11, 826),
(11, 827),
(11, 828),
(11, 829),
(11, 830),
(11, 831),
(11, 832),
(11, 833),
(11, 834),
(11, 835),
(11, 836),
(11, 837),
(11, 838),
(11, 839),
(11, 840),
(11, 841),
(11, 842),
(11, 1350),
(11, 1378),
(11, 1400),
(11, 1422),
(11, 1565),
(16, 157),
(16, 158),
(16, 159),
(16, 161),
(16, 162),
(16, 164),
(16, 165),
(16, 166),
(16, 167),
(16, 168),
(16, 169),
(16, 171),
(16, 172),
(16, 173),
(16, 174),
(16, 175),
(16, 177),
(16, 178),
(16, 179),
(16, 180),
(16, 181),
(16, 182),
(16, 183),
(16, 184),
(16, 185),
(16, 746),
(16, 775),
(16, 780),
(16, 798),
(16, 806),
(16, 809),
(16, 850),
(16, 858),
(16, 1251),
(16, 1255),
(16, 1348),
(16, 1354),
(16, 1395),
(16, 1413),
(16, 1436),
(16, 1453),
(16, 1456),
(16, 1457),
(16, 1468),
(16, 1470),
(16, 1482),
(16, 1490),
(16, 1529),
(16, 1530),
(16, 1533),
(16, 1551),
(16, 1556),
(16, 1563),
(16, 1879),
(16, 1895),
(16, 2022),
(17, 186),
(17, 187),
(17, 188),
(17, 189),
(17, 190),
(17, 191),
(17, 192),
(17, 193),
(17, 194),
(17, 195),
(17, 196),
(17, 197),
(17, 198),
(17, 199),
(17, 200),
(17, 201),
(17, 202),
(17, 203),
(17, 204),
(17, 205),
(17, 206),
(17, 207),
(17, 208),
(17, 209),
(17, 210),
(17, 211),
(17, 212),
(17, 213),
(17, 214),
(17, 215),
(17, 216),
(17, 217),
(17, 218),
(17, 219),
(17, 220),
(17, 221),
(17, 222),
(17, 223),
(17, 224),
(17, 225),
(17, 226),
(17, 227),
(17, 228),
(17, 229),
(17, 230),
(17, 231),
(17, 232),
(17, 233),
(17, 234),
(17, 235),
(17, 236),
(17, 237),
(17, 238),
(17, 239),
(17, 240),
(17, 241),
(17, 242),
(17, 243),
(17, 244),
(17, 245),
(17, 246),
(17, 247),
(17, 248),
(17, 249),
(17, 250),
(17, 251),
(17, 252),
(17, 253),
(17, 254),
(17, 255),
(17, 256),
(17, 257),
(17, 258),
(17, 259),
(17, 260),
(17, 261),
(17, 262),
(17, 263),
(17, 264),
(17, 265),
(17, 266),
(17, 267),
(17, 268),
(17, 269),
(17, 270),
(17, 271),
(17, 272),
(17, 273),
(17, 274),
(17, 275),
(17, 276),
(17, 277),
(17, 278),
(17, 279),
(17, 280),
(17, 281),
(17, 282),
(17, 283),
(17, 284),
(17, 285),
(17, 286),
(17, 287),
(17, 288),
(17, 289),
(17, 290),
(17, 291),
(17, 292),
(17, 293),
(17, 294),
(17, 295),
(17, 296),
(17, 297),
(17, 298),
(17, 299),
(17, 300),
(17, 301),
(17, 302),
(17, 303),
(17, 304),
(17, 305),
(17, 306),
(17, 307),
(17, 308),
(17, 309),
(17, 310),
(17, 311),
(17, 312),
(17, 313),
(17, 314),
(17, 315),
(17, 316),
(17, 317),
(17, 318),
(17, 319),
(17, 320),
(17, 321),
(17, 322),
(17, 323),
(17, 324),
(17, 325),
(17, 326),
(17, 327),
(17, 328),
(17, 329),
(17, 330),
(17, 331),
(17, 332),
(17, 333),
(17, 334),
(17, 335),
(17, 336),
(17, 705),
(17, 706),
(17, 707),
(17, 708),
(17, 709),
(17, 710),
(17, 711),
(17, 712),
(17, 713),
(17, 714),
(17, 716),
(17, 717),
(17, 718),
(17, 719),
(17, 720),
(17, 721),
(17, 722),
(17, 723),
(17, 724),
(17, 725),
(17, 726),
(17, 727),
(17, 728),
(17, 729),
(17, 730),
(17, 731),
(17, 732),
(17, 733),
(17, 734),
(17, 735),
(17, 736),
(17, 737),
(17, 738),
(17, 739),
(17, 740),
(17, 741),
(17, 742),
(17, 743),
(17, 744),
(17, 745),
(17, 747),
(17, 748),
(17, 750),
(17, 751),
(17, 752),
(17, 753),
(17, 754),
(17, 755),
(17, 756),
(17, 757),
(17, 758),
(17, 759),
(17, 760),
(17, 761),
(17, 763),
(17, 765),
(17, 766),
(17, 767),
(17, 768),
(17, 769),
(17, 770),
(17, 771),
(17, 772),
(17, 773),
(17, 774),
(17, 776),
(17, 777),
(17, 778),
(17, 779),
(17, 781),
(17, 782),
(17, 783),
(17, 784),
(17, 785),
(17, 786),
(17, 787),
(17, 788),
(17, 789),
(17, 790),
(17, 791),
(17, 792),
(17, 794),
(17, 795),
(17, 796),
(17, 799),
(17, 800),
(17, 801),
(17, 802),
(17, 803),
(17, 804),
(17, 805),
(17, 807),
(17, 808),
(17, 810),
(17, 811),
(17, 812),
(17, 813),
(17, 844),
(17, 845),
(17, 846),
(17, 847),
(17, 848),
(17, 849),
(17, 851),
(17, 853),
(17, 859),
(17, 861),
(17, 862),
(17, 863),
(17, 1208),
(17, 1209),
(17, 1210),
(17, 1211),
(17, 1243),
(17, 1247),
(17, 1249),
(17, 1250),
(17, 1252),
(17, 1253),
(17, 1254),
(17, 1344),
(17, 1345),
(17, 1346),
(17, 1349),
(17, 1353),
(17, 1355),
(17, 1356),
(17, 1357),
(17, 1358),
(17, 1359),
(17, 1360),
(17, 1361),
(17, 1362),
(17, 1388),
(17, 1391),
(17, 1393),
(17, 1394),
(17, 1396),
(17, 1397),
(17, 1398),
(17, 1399),
(17, 1407),
(17, 1414),
(17, 1415),
(17, 1416),
(17, 1420),
(17, 1421),
(17, 1424),
(17, 1425),
(17, 1426),
(17, 1433),
(17, 1434),
(17, 1435),
(17, 1437),
(17, 1438),
(17, 1439),
(17, 1440),
(17, 1441),
(17, 1442),
(17, 1443),
(17, 1444),
(17, 1445),
(17, 1446),
(17, 1447),
(17, 1448),
(17, 1449),
(17, 1450),
(17, 1451),
(17, 1452),
(17, 1454),
(17, 1455),
(17, 1458),
(17, 1460),
(17, 1461),
(17, 1462),
(17, 1463),
(17, 1466),
(17, 1469),
(17, 1471),
(17, 1472),
(17, 1475),
(17, 1476),
(17, 1477),
(17, 1479),
(17, 1480),
(17, 1483),
(17, 1484),
(17, 1485),
(17, 1487),
(17, 1489),
(17, 1491),
(17, 1492),
(17, 1493),
(17, 1495),
(17, 1496),
(17, 1497),
(17, 1498),
(17, 1499),
(17, 1500),
(17, 1501),
(17, 1502),
(17, 1504),
(17, 1505),
(17, 1506),
(17, 1507),
(17, 1508),
(17, 1509),
(17, 1510),
(17, 1511),
(17, 1512),
(17, 1513),
(17, 1514),
(17, 1515),
(17, 1516),
(17, 1517),
(17, 1518),
(17, 1519),
(17, 1520),
(17, 1521),
(17, 1522),
(17, 1523),
(17, 1524),
(17, 1525),
(17, 1526),
(17, 1527),
(17, 1528),
(17, 1531),
(17, 1532),
(17, 1534),
(17, 1535),
(17, 1536),
(17, 1537),
(17, 1538),
(17, 1539),
(17, 1540),
(17, 1541),
(17, 1542),
(17, 1543),
(17, 1544),
(17, 1545),
(17, 1546),
(17, 1547),
(17, 1548),
(17, 1549),
(17, 1550),
(17, 1552),
(17, 1553),
(17, 1554),
(17, 1555),
(17, 1564),
(17, 1566),
(17, 1780),
(17, 1781),
(17, 1782),
(17, 1824),
(17, 1825),
(17, 1826),
(17, 1827),
(17, 1828),
(17, 1829),
(17, 1830),
(17, 1831),
(17, 1832),
(17, 1833),
(17, 1834),
(17, 1835),
(17, 1836),
(17, 1839),
(17, 1840),
(17, 1841),
(17, 1842),
(17, 1843),
(17, 1844),
(17, 1845),
(17, 1846),
(17, 1847),
(17, 1848),
(17, 1849),
(17, 1850),
(17, 1851),
(17, 1852),
(17, 1853),
(17, 1854),
(17, 1872),
(17, 1873),
(17, 1874),
(17, 1875),
(17, 1876),
(17, 1877),
(17, 1878),
(17, 1880),
(17, 1881),
(17, 1882),
(17, 1883),
(17, 1884),
(17, 1885),
(17, 1886),
(17, 1887),
(17, 1888),
(17, 1891),
(17, 1896),
(17, 2023),
(17, 2024),
(17, 2025),
(17, 2026),
(17, 2027),
(17, 2028),
(17, 2029),
(17, 2030),
(18, 418),
(18, 419),
(18, 420),
(18, 421),
(18, 422),
(18, 423),
(18, 424),
(18, 425),
(18, 426),
(18, 427),
(18, 428),
(18, 429),
(18, 430),
(18, 431),
(18, 432),
(18, 433),
(18, 434),
(18, 435),
(18, 436),
(18, 437),
(18, 438),
(18, 439),
(18, 440),
(18, 441),
(18, 442),
(18, 443),
(18, 444),
(18, 445),
(18, 446),
(18, 447),
(18, 448),
(18, 449),
(18, 450),
(18, 451),
(18, 452),
(18, 453),
(18, 454),
(18, 455),
(18, 456),
(18, 457),
(18, 458),
(18, 459),
(18, 460),
(18, 461),
(18, 797),
(18, 856),
(18, 1478),
(18, 1838),
(19, 337),
(19, 338),
(19, 339),
(19, 340),
(19, 341),
(19, 342),
(19, 343),
(19, 344),
(19, 345),
(19, 346),
(19, 347),
(19, 348),
(19, 349),
(19, 350),
(19, 351),
(19, 352),
(19, 749),
(19, 793),
(19, 1459),
(19, 1481),
(23, 463),
(23, 465),
(23, 762),
(26, 399),
(26, 400),
(26, 818),
(27, 1032),
(27, 1033),
(27, 1034),
(27, 1035),
(27, 1036),
(27, 1037),
(27, 1038),
(27, 1039),
(27, 1040),
(27, 1041),
(27, 1042),
(27, 1043),
(27, 1044),
(27, 1045),
(27, 1046),
(27, 1047),
(27, 1048),
(27, 1049),
(27, 1050),
(27, 1051),
(27, 1052),
(27, 1053),
(27, 1054),
(27, 1055),
(27, 1056),
(27, 1386),
(27, 1403),
(27, 1406),
(27, 1411),
(27, 1412),
(27, 1417),
(28, 814),
(28, 815),
(28, 816),
(28, 817),
(28, 1783),
(29, 406),
(29, 407),
(29, 408),
(29, 409),
(29, 410),
(29, 411),
(29, 412),
(29, 413),
(29, 414),
(29, 415),
(29, 416),
(29, 1890),
(31, 1307),
(31, 1308),
(31, 1309),
(31, 1310),
(31, 1311),
(31, 1312),
(31, 1313),
(31, 1314),
(31, 1315),
(31, 1316),
(31, 1370),
(31, 1376),
(31, 1432),
(31, 1630),
(31, 1638),
(31, 1672),
(32, 1274),
(32, 1275),
(32, 1276),
(32, 1277),
(32, 1278),
(32, 1279),
(32, 1280),
(32, 1281),
(32, 1282),
(32, 1283),
(32, 1284),
(32, 1285),
(32, 1286),
(32, 1287),
(32, 1288),
(32, 1289),
(32, 1290),
(32, 1291),
(32, 1292),
(32, 1293),
(32, 1294),
(32, 1295),
(32, 1296),
(32, 1297),
(32, 1298),
(32, 1299),
(32, 1300),
(32, 1301),
(32, 1302),
(32, 1303),
(32, 1304),
(32, 1305),
(32, 1306),
(32, 1351),
(32, 1352),
(32, 1363),
(32, 1365),
(32, 1371),
(32, 1373),
(32, 1377),
(32, 1379),
(32, 1381),
(32, 1401),
(32, 1615),
(32, 1624),
(32, 1639),
(32, 1651),
(32, 1671),
(32, 1693),
(32, 1699),
(32, 1706),
(32, 1757),
(32, 1769),
(32, 1796),
(32, 1809),
(33, 880),
(33, 884),
(33, 888),
(33, 890),
(33, 893),
(33, 896),
(33, 901),
(33, 905),
(33, 909),
(33, 911),
(33, 914),
(33, 915),
(33, 917),
(33, 919),
(33, 924),
(33, 931),
(33, 934),
(33, 936),
(33, 958),
(33, 961),
(33, 962),
(33, 965),
(33, 966),
(33, 972),
(33, 977),
(33, 978),
(33, 1257),
(33, 1364),
(33, 1374),
(33, 1375),
(33, 1380),
(33, 1383),
(33, 1402),
(33, 1428),
(33, 1429),
(33, 1430),
(33, 1558),
(33, 1814),
(33, 1817),
(33, 1822),
(36, 1177),
(36, 1179),
(36, 1181),
(36, 1184),
(37, 868),
(37, 869),
(38, 1057),
(38, 1058),
(38, 1059),
(38, 1060),
(38, 1061),
(38, 1062),
(38, 1063),
(38, 1064),
(38, 1065),
(38, 1066),
(38, 1067),
(38, 1068),
(38, 1069),
(38, 1070),
(38, 1071),
(38, 1072),
(38, 1073),
(38, 1074),
(38, 1075),
(38, 1076),
(38, 1077),
(38, 1078),
(38, 1079),
(38, 1080),
(38, 1081),
(38, 1385),
(38, 1404),
(38, 1405),
(38, 1409),
(38, 1410),
(41, 1340),
(41, 1341),
(41, 1342),
(41, 1343),
(43, 1418),
(43, 1419),
(43, 1603),
(43, 1604),
(43, 1605),
(43, 1606),
(43, 1607),
(43, 1608),
(43, 1855),
(43, 1856),
(43, 1857),
(43, 1858),
(43, 1859),
(43, 1860),
(43, 1861),
(43, 1862),
(43, 1863),
(43, 1864),
(43, 1865),
(43, 1866),
(43, 1867),
(46, 1561),
(46, 1562),
(47, 1560),
(47, 1600),
(47, 1601),
(54, 2037),
(54, 2038),
(54, 2039),
(54, 2040),
(54, 2041),
(55, 2042),
(55, 2043),
(56, 2044),
(56, 2045),
(56, 2046),
(57, 2047),
(57, 2048),
(58, 1057),
(58, 1058),
(58, 1059),
(58, 1060),
(58, 1061),
(58, 1062),
(58, 1063),
(58, 1064),
(58, 1065),
(58, 1066),
(58, 1067),
(58, 1068),
(58, 1069),
(58, 1070),
(58, 1071),
(58, 1072),
(58, 1073),
(58, 1074),
(58, 1075),
(58, 1076),
(58, 1077),
(58, 1078),
(58, 1079),
(58, 1080),
(58, 1081),
(58, 1385),
(58, 1404),
(58, 1405),
(58, 1409),
(58, 1410),
(59, 1057),
(59, 1058),
(59, 1059),
(59, 1060),
(59, 1061),
(59, 1062),
(59, 1063),
(59, 1064),
(59, 1065),
(59, 1066),
(59, 1067),
(59, 1068),
(59, 1069),
(59, 1070),
(59, 1071),
(59, 1072),
(59, 1073),
(59, 1074),
(59, 1075),
(59, 1076),
(59, 1077),
(59, 1078),
(59, 1079),
(59, 1080),
(59, 1081),
(59, 1385),
(59, 1404),
(59, 1405),
(59, 1409),
(59, 1410),
(60, 1057),
(60, 1058),
(60, 1059),
(60, 1060),
(60, 1061),
(60, 1062),
(60, 1063),
(60, 1064),
(60, 1065),
(60, 1066),
(60, 1067),
(60, 1068),
(60, 1069),
(60, 1070),
(60, 1071),
(60, 1072),
(60, 1073),
(60, 1074),
(60, 1075),
(60, 1076),
(60, 1077),
(60, 1078),
(60, 1079),
(60, 1080),
(60, 1081),
(60, 1385),
(60, 1404),
(60, 1405),
(60, 1409),
(60, 1410);

-- --------------------------------------------------------

--
-- Структура таблицы `auction`
--

CREATE TABLE IF NOT EXISTS `auction` (
`id` int(10) unsigned NOT NULL,
  `code` varchar(100) NOT NULL,
  `name` varchar(1000) NOT NULL,
  `date` datetime NOT NULL,
  `state` tinyint(4) NOT NULL DEFAULT '0',
  `image` varchar(255) NOT NULL,
  `price` int(11) NOT NULL,
  `current_price` int(11) NOT NULL,
  `archive` tinyint(1) DEFAULT '0'
) ENGINE=InnoDB AUTO_INCREMENT=162 DEFAULT CHARSET=utf8;

--
-- Дамп данных таблицы `auction`
--

INSERT INTO `auction` (`id`, `code`, `name`, `date`, `state`, `image`, `price`, `current_price`, `archive`) VALUES
(8, 'm136334808', 'AvanzaR 17x7J +45 канавка протектора есть 215/45ZR17 лето шина есть VOXY и прочее !!', '2015-07-21 18:31:00', 5, 'https://auctions.c.yimg.jp/images.auctions.yahoo.co.jp/image/ra225/users/5/3/9/2/taiya_iwatetxt-img600x450-14371213009ytqku24869.jpg', 10001, 19166, 1),
(10, 'w123116901', 'SUPER ADVAN Racing17 X 9J+22 5 отверстий 114.3... есть... 447', '2015-07-22 16:31:00', 5, 'https://auctions.c.yimg.jp/images.auctions.yahoo.co.jp/image/ra120/users/6/8/4/7/niigata_txt_urikiri-img600x450-1437288955bkdwyz25234.jpg', 16701, 33050, 1),
(11, 'n152081390', '225/40R18* Шина & набор дисков *18 X 7.5J', '2015-07-21 19:03:00', 5, 'https://auctions.c.yimg.jp/images.auctions.yahoo.co.jp/image/ra184/users/0/7/8/8/mikio2243-img600x450-1437031111orbchc30483.jpg', 15001, 16000, 1),
(12, 'm140938785', '* Mercedes-Benz E класс и прочее 225/55R16 Bridgestone REVO GZ *', '2015-07-21 17:51:00', 3, 'https://auctions.c.yimg.jp/images.auctions.yahoo.co.jp/image/ra218/users/6/4/0/0/honest_cars-img600x450-1437184341vqmwvh27196.jpg', 11001, 13770, 1),
(13, 'd168271436', '17X7J +48 114.3/5H LM703/ZE912 225/55R17 SET', '2015-07-21 19:31:00', 5, 'https://auctions.c.yimg.jp/images.auctions.yahoo.co.jp/image/ra127/users/2/6/4/7/tanimura_auto_0001-img600x450-1436937399akxstb29085.jpg', 11501, 12000, 1),
(14, 'v398791404', '1 йен E52 ELGRAND оригинальный high GLORIA... 18 дюймов с шиной комплект из 4 штук ', '2015-07-21 19:44:00', 5, 'https://auctions.c.yimg.jp/images.auctions.yahoo.co.jp/image/bi527/users/5/7/1/5/tmgarage2005-imgbatch_1429271608/600x450-2015041700268.jpg', 9401, 9510, 1),
(15, 'l298254584', 'WREST 18 дюймов 7.5JJ PCD114.3 комплект из 4 штук ', '2015-07-21 19:41:00', 5, 'https://auctions.c.yimg.jp/images.auctions.yahoo.co.jp/image/bi273/users/0/3/2/9/sns_parts-imgbatch_1436256870/600x450-2015070300008.jpg', 11001, 11000, 1),
(16, 's459138871', ' Vellfire 19 X 8JJ 38 5 отверстий 114.3 комплект из 4 штук Kranze (61654)', '2015-07-21 21:06:00', 5, 'https://auctions.c.yimg.jp/images.auctions.yahoo.co.jp/image/bi148/users/3/6/7/7/sad_566-imgbatch_1436245664/600x450-2015070700001.jpg', 19501, 36000, 1),
(18, 'g148890166', '19 дюймов шина на дисках набор ', '2015-07-21 18:36:00', 5, 'https://auctions.c.yimg.jp/images.auctions.yahoo.co.jp/image/ra219/users/8/1/5/1/m1sakura2000-img600x450-1436873389ctae0w28814.jpg', 12001, 16500, 1),
(19, '200209373', '... TURBINE 8.0J ET38 114.3 F225. R245/35R19', '2015-07-21 18:11:00', 3, 'https://auctions.c.yimg.jp/images.auctions.yahoo.co.jp/image/ra169/users/6/9/2/3/garage_mind8338-img600x340-1437122230ldijqt13782.jpg', 15001, 23500, 1),
(20, 'u80638964', 'WORK. STEEZ185.55.15PCD100.6.5j+45', '2015-07-21 18:56:00', 5, 'https://auctions.c.yimg.jp/images.auctions.yahoo.co.jp/image/ra122/users/5/8/1/3/z19490914z-img600x448-1437281640cwk4qj4007.jpg', 8888, 9000, 1),
(21, 'd168440130', ' глубокий обод ARBET (Германия пр-во) 7J 195/55R15 комплект из 4 штук ', '2015-07-21 18:49:00', 6, 'https://auctions.c.yimg.jp/images.auctions.yahoo.co.jp/image/ra217/users/8/8/2/6/haru_pooh5-img600x450-1437187915bvevhh25392.jpg', 10001, 7000, 1),
(22, 'f156051575', 'LEGZAS 18 дюймов алюминиевый диск... шина есть (б/у)', '2015-07-22 17:18:00', 3, 'https://auctions.c.yimg.jp/images.auctions.yahoo.co.jp/image/ra226/users/9/3/1/2/f2010nabeya-img600x450-1436959269ihuylj4220.jpg', 16501, 16500, 1),
(23, 'u80670189', '4... 5 отверстий *Racing Hart BS ECOPIA остальное 17 дюймов 4 штуки *(57-15)N', '2015-07-22 18:04:00', 3, 'https://auctions.c.yimg.jp/images.auctions.yahoo.co.jp/image/ra233/users/6/0/2/0/csm_2014-img600x450-14369583458lavcm25045.jpg', 22001, 22000, 1),
(24, 'd170462789', 'ENKEI RPF1 Racing 17x7,5J +48 PCD100 лето шина есть SUBARU и прочее !!', '2015-07-22 18:58:00', 3, 'https://auctions.c.yimg.jp/images.auctions.yahoo.co.jp/image/ra216/users/5/3/9/2/taiya_iwatetxt-img600x450-1437216825yxwnjk16294.jpg', 21001, 37099, 1),
(25, 'n151814858', '*... канавка протектора * MONZA JAPAN 235/50R18 245/40R18 CELSIOR и прочее ', '2015-07-22 18:54:00', 3, 'https://auctions.c.yimg.jp/images.auctions.yahoo.co.jp/image/ra177/users/9/0/6/9/m_trendy_net-img518x389-1436409632gu2wzb18113.jpg', 13001, 20500, 1),
(27, 'f156194713', 'YOKOHAMA Model7* 17x7J +45 2008 г. пр-во PIRELLI шина есть * Продается !', '2015-07-22 19:04:00', 3, 'https://auctions.c.yimg.jp/images.auctions.yahoo.co.jp/image/ra219/users/2/7/4/4/txt_aomori-img600x450-1437307514noc9it32237.jpg', 11111, 22309, 1),
(28, 'g148655072', '* Продается... 18 дюймов Axell диск... шина 4 штуки set*', '2015-07-22 17:15:00', 6, 'https://auctions.c.yimg.jp/images.auctions.yahoo.co.jp/image/ra124/users/1/9/1/2/dariyan9610-img600x450-1436333418rrykzx8975.jpg', 25501, 25000, 1),
(29, '194960530', '1 йен ~*18in!!TOYOTA/ TOYOTA mark X оригинальный *BS PLAYZ остаток протектора 70% *', '2015-07-22 18:43:00', 3, 'https://auctions.c.yimg.jp/images.auctions.yahoo.co.jp/image/ra072/users/9/9/8/8/yuuya3113osaki-img600x377-1436700429szkabq24206.jpg', 13001, 23499, 1),
(30, 'g155343037', '*WORK work SCHWERT... SC2 245/45R18*8529', '2015-07-22 20:27:00', 3, 'https://auctions.c.yimg.jp/images.auctions.yahoo.co.jp/image/ra084/users/3/5/3/6/koudati2003-img600x450-1437102651j6o96d31381.jpg', 23501, 40000, 1),
(31, 'c481480140', '1 йен ~ NISSAN Dualis оригинальный 6.5J-17 pcd114.3/5H с шиной 4 штуки ', '2015-07-22 20:27:00', 3, 'https://auctions.c.yimg.jp/images.auctions.yahoo.co.jp/image/bi514/users/5/7/1/5/tmgarage2005-imgbatch_1426333968/600x450-2015031400152.jpg', 10001, 10100, 1),
(32, 'l281059922', '1 йен MITSUBISHI Lancer Evolution 7 оригинальный 8J-17 off+38 pcd114.3/5H с шиной 4 штуки ', '2015-07-22 19:48:00', 3, 'https://auctions.c.yimg.jp/images.auctions.yahoo.co.jp/image/bi521/users/5/7/1/5/tmgarage2005-imgbatch_1426592543/600x450-2015031700140.jpg', 10901, 10750, 1),
(33, 'g155454365', '200... LAND CRUISER можно установить 5 диск + studless 275/65R17 4 штуки ', '2015-07-23 09:15:00', 3, 'https://auctions.c.yimg.jp/images.auctions.yahoo.co.jp/image/ra131/users/0/3/2/2/iside2013-img600x450-1437364099q6bh1613978.jpg', 12001, 13500, 1),
(34, 'f156239103', ' ... RSR 235 45ZR17 BBS диск есть комплект из 4 штук ', '2015-07-23 19:33:00', 5, 'https://auctions.c.yimg.jp/images.auctions.yahoo.co.jp/image/ra183/users/8/4/3/9/ygsjq200-img599x337-1437400506yzusa830182.jpg', 20001, 26600, 1),
(35, 'e159821608', ' Impreza... алюминиевый диск & шина... RAYS... 17 дюймов ', '2015-07-23 21:37:00', 5, 'https://auctions.c.yimg.jp/images.auctions.yahoo.co.jp/image/ra120/users/8/8/1/2/totohimaru20051231-img600x338-1437054215nptdnf11810.jpg', 24000, 24500, 1),
(36, 'n146671745', 'NEO ROAD 18x7.5JJ PCD114.3 5H OFF+50 NANKANG 225/40R18', '2015-07-23 18:19:00', 5, 'https://auctions.c.yimg.jp/images.auctions.yahoo.co.jp/image/ra125/users/2/4/2/0/txt_hakodate-img600x450-1437365638mgxple14013.jpg', 14501, 14572, 1),
(37, 'm140874297', 'B182... лапа Schmidt motorsport 225/45R18... state и прочее ', '2015-07-23 19:00:00', 5, 'https://auctions.c.yimg.jp/images.auctions.yahoo.co.jp/image/ra083/users/3/8/0/5/birubiru2009-img600x450-1437026155v5j0fl25465.jpg', 15501, 20501, 1),
(38, 'f156189641', ' продается *SSR AGLE... +BS GY 18inSET ARISTO CROWN ', '2015-07-23 20:21:00', 6, 'https://auctions.c.yimg.jp/images.auctions.yahoo.co.jp/image/ra114/users/9/4/7/2/chuko_1ban-img600x450-1437297406ygwq2x9506.jpg', 35001, 31500, 1),
(39, 'r130489431', ' продается *... +BS YH 225/45R18 4 штуки CROWN mark X', '2015-07-23 20:46:00', 5, 'https://auctions.c.yimg.jp/images.auctions.yahoo.co.jp/image/ra233/users/9/4/7/2/chuko_1ban-img600x450-1437297392yxjy5g9178.jpg', 17001, 17046, 1),
(40, 'f150704806', ' хороший товар *A-TECH CORSA... +TO S1 235/65R18 4 штуки 51 Murano ', '2015-07-23 20:17:00', 5, 'https://auctions.c.yimg.jp/images.auctions.yahoo.co.jp/image/ra126/users/9/4/7/2/chuko_1ban-img600x450-143729743028pm84530.jpg', 22001, 25400, 1),
(41, 'r133393316', 'RACING 17x7.5 PCD100 5H GOODYEAR ICE NAVI 225/60R17', '2015-09-10 18:35:00', 5, 'https://auctions.c.yimg.jp/images.auctions.yahoo.co.jp/image/ra166/users/5/3/9/2/taiya_iwatetxt-img600x450-144153967228cg9z19540.jpg', 11600, 13001, 1),
(42, 'k189270654', 'GAT... 17x7J 215/50R17 LM703 есть проблемы [Z-660]', '2015-09-10 18:00:00', 5, 'https://auctions.c.yimg.jp/images.auctions.yahoo.co.jp/image/ra187/users/3/7/1/7/traffics1107-img600x450-1440156191gsromr18971.jpg', 10000, 12000, 1),
(43, 'm138886912', 'WEDS... ... 2&225/45R18 комплект из 4 штук б/у ', '2015-09-10 17:37:00', 5, 'https://auctions.c.yimg.jp/images.auctions.yahoo.co.jp/image/ra184/users/7/0/7/7/eon588-img600x450-1441333937t3fwlr26764.jpg', 13600, 13300, 1),
(44, 'p489641685', '* Rays Versus комплект из 4 штук *', '2015-09-10 17:35:00', 5, 'https://auctions.c.yimg.jp/images.auctions.yahoo.co.jp/image/ra228/users/4/0/1/0/nikkatu-img600x450-1441354976whwb0e26460.jpg', 10000, 10000, 1),
(45, 'f156511513', '#728-1 SPORSH WHEELS 18x7.5J +48 5 отверстий 18 дюймов диск ', '2015-09-10 18:51:00', 5, 'https://auctions.c.yimg.jp/images.auctions.yahoo.co.jp/image/ra182/users/0/6/0/7/yos4430-img480x360-1438057912okw8fp18611.jpg', 7000, 8250, 1),
(46, 'h207232015', '215/45R18 покрытие multi 5H 18 дюймов X 7.5J комплект из 4 штук ', '2015-09-10 18:14:00', 5, 'https://auctions.c.yimg.jp/images.auctions.yahoo.co.jp/image/ra233/users/1/5/2/9/chubu21ts-img600x600-1441322083lsfr9m3331.jpg', 13000, 13000, 1),
(47, 'h207232015', '215/45R18 покрытие multi 5H 18 дюймов X 7.5J комплект из 4 штук ', '2015-09-10 18:14:00', 5, 'https://auctions.c.yimg.jp/images.auctions.yahoo.co.jp/image/ra233/users/1/5/2/9/chubu21ts-img600x600-1441322083lsfr9m3331.jpg', 13600, 16500, 1),
(48, 'o112613322', '17 X 9J 17 X 8J GOODYEAR REVSPEC 225/50R17 канавка протектора есть 1320', '2015-09-10 18:35:00', 5, 'https://auctions.c.yimg.jp/images.auctions.yahoo.co.jp/image/ra118/users/4/7/0/8/torisoboro20140607-img600x450-1441346498zg9bua29987.jpg', 16000, 18000, 1),
(49, 'w125474725', '*RAYS VERSUS 18 X 8.5J +45 PCD114.3 225/45R18 4 штуки ', '2015-09-10 18:39:00', 5, 'https://auctions.c.yimg.jp/images.auctions.yahoo.co.jp/image/bi238/users/3/2/2/7/arnnnn-imgbatch_1441339938/600x450-2015090400112.jpg', 20000, 25500, 1),
(50, 'q84042355', '(в отличном состоянии)ZC31S SWIFT спорт оригинальный 16 дюймов диск PCD114.3', '2015-09-10 19:27:00', 5, 'https://auctions.c.yimg.jp/images.auctions.yahoo.co.jp/image/bi198/users/2/6/5/9/kazu9482-imgbatch_1441695736/600x450-2015090700087.jpg', 1001, 1100, 1),
(51, 'c527780745', ' доставка по Японии осуществляется бесплатно редкий SSR AGLE PREMIUM есть проблема 1 йен продается ', '2015-09-10 19:43:00', 5, 'https://auctions.c.yimg.jp/images.auctions.yahoo.co.jp/image/ra184/users/8/8/7/3/turniphair641-img600x450-1441269683e0ukx727824.jpg', 15000, 22000, 1),
(52, 'r133174134', '* Outlander оригинальный 18 дюймов AW DELICA D: 5 также * 9145612', '2015-09-10 19:21:00', 5, 'https://auctions.c.yimg.jp/images.auctions.yahoo.co.jp/image/ra179/users/3/5/3/6/koudati2003-img600x450-1441336969tia0as7362.jpg', 18000, 21499, 1),
(53, 'o112544072', '*weds... SHOKI 225/45R18 лето 114.3-5H 18x8J +38', '2015-09-10 21:06:00', 3, 'https://auctions.c.yimg.jp/images.auctions.yahoo.co.jp/image/bi255/users/5/1/4/6/kaiho_kokunai-imgbatch_1441283041/600x450-2015090300001.jpg', 24000, 24000, 1),
(54, 'x417922435', 'AQUA 16x6.5 PCD114.3 5H BS SNEAKER 205/65R16 LANCER и прочее... ', '2015-09-10 19:25:00', 5, 'https://auctions.c.yimg.jp/images.auctions.yahoo.co.jp/image/ra114/users/5/3/9/2/taiya_iwatetxt-img600x450-1441616030u7bzhs4081.jpg', 9250, 9250, 1),
(55, 'q84042227', '(... канавка протектора !)... SPARCO ENKEI 16 дюймов диск PCD112 Mercedes-Benz ', '2015-09-10 19:21:00', 5, 'https://auctions.c.yimg.jp/images.auctions.yahoo.co.jp/image/bi269/users/2/6/5/9/kazu9482-imgbatch_1441695736/600x450-2015090700126.jpg', 12000, 12800, 1),
(56, 'm136945942', '* NISSAN X-TRAIL оригинальный + BS DM-V1 215/70R16 4 штуки ', '2015-09-10 19:31:00', 5, 'https://auctions.c.yimg.jp/images.auctions.yahoo.co.jp/image/ra112/users/1/8/7/8/tyuuko1gou-img600x450-1438585353wq0kk930470.jpg', 10000, 9999, 1),
(57, 'v430075655', 'SSR TYPE-C SSR тип C... RS-R комплект из 4 штук !! ', '2015-09-10 19:37:00', 6, 'https://auctions.c.yimg.jp/images.auctions.yahoo.co.jp/image/ra220/users/8/7/8/5/siketakar-img600x450-1441288050vskafu23455.jpg', 33000, 33000, 1),
(58, 'h207592128', '(Кумамото... * Быстрый вещь... !)LINEA SPORT18 X 7.5J! продается !', '2015-09-12 17:28:00', 5, 'https://auctions.c.yimg.jp/images.auctions.yahoo.co.jp/image/ra167/users/9/5/6/1/txt_kumamoto-img600x450-1441617301kxcdsw10140.jpg', 11500, 11500, 1),
(59, 's465867002', ' MITSUBISHI оригинальный DELICA D5 Outlander GEOLANDAR H/T 225/55R18', '2015-09-12 17:38:00', 5, 'https://auctions.c.yimg.jp/images.auctions.yahoo.co.jp/image/ra170/users/8/2/9/0/auto_mc8188-img600x450-1441434947g0fq1m30525.jpg', 15500, 15499, 1),
(60, 'q84408058', '(продается)Lisea... 17 дюймов диск 7J 5 отверстий PCD100 PCD114.3', '2015-09-12 19:21:00', 5, 'https://auctions.c.yimg.jp/images.auctions.yahoo.co.jp/image/bi534/users/2/6/5/9/kazu9482-imgbatch_1441883213/600x450-2015090900099.jpg', 10000, 10600, 1),
(61, 'v430463833', '17 дюймов лето комплект колес 215/45R17', '2015-09-12 19:18:00', 5, 'https://auctions.c.yimg.jp/images.auctions.yahoo.co.jp/image/ra230/users/9/4/3/1/kkaazz18-img337x600-1441663911aoegxz24396.jpg', 7000, 6850, 1),
(62, 'v430196800', '(очень дешево) BIM 17 дюймов шина есть ', '2015-09-12 19:44:00', 5, 'https://auctions.c.yimg.jp/images.auctions.yahoo.co.jp/image/ra217/users/7/2/8/8/cancoffee_120-img600x450-1441421422xnsx7z4146.jpg', 6600, 10500, 1),
(63, 'r133787101', '(продается !)NEO RADO 18 дюймов диск 7.5J 8.5J 5 отверстий PCD114.3', '2015-09-12 19:16:00', 6, 'https://auctions.c.yimg.jp/images.auctions.yahoo.co.jp/image/bi269/users/2/6/5/9/kazu9482-imgbatch_1441845530/600x450-2015090800369.jpg', 15500, 7000, 1),
(64, 'q84408098', '(глубокий обод)STICH... 18 дюймов диск 4 отверстия /5 отверстий PCD114.3', '2015-09-12 19:47:00', 5, 'https://auctions.c.yimg.jp/images.auctions.yahoo.co.jp/image/bi275/users/2/6/5/9/kazu9482-imgbatch_1441883213/600x450-2015090900069.jpg', 14500, 15500, 1),
(65, 'r133787081', '(продается) high... 18 дюймов диск 7.5J+48 5 отверстий PCD114.3', '2015-09-12 19:10:00', 5, 'https://auctions.c.yimg.jp/images.auctions.yahoo.co.jp/image/bi516/users/2/6/5/9/kazu9482-imgbatch_1441845530/600x450-2015090800373.jpg', 9500, 13200, 1),
(66, 'q84408022', '(... канавка протектора !14 год выпуска !)... Reverline 17 дюймов диск PCD114.3', '2015-09-12 19:53:00', 5, 'https://auctions.c.yimg.jp/images.auctions.yahoo.co.jp/image/bi524/users/2/6/5/9/kazu9482-imgbatch_1441883213/600x450-2015090900122.jpg', 11000, 11250, 1),
(67, 'q84408038', '(продается)VW гольф 4 GTi оригинальный BBS RS771 16 дюймов диск PCD100', '2015-09-12 19:33:00', 5, 'https://auctions.c.yimg.jp/images.auctions.yahoo.co.jp/image/bi190/users/2/6/5/9/kazu9482-imgbatch_1441883213/600x450-2015090900114.jpg', 4800, 8750, 1),
(68, 'w122413641', '*... * ESTIMA Odyssey CROWN ARISTO ', '2015-09-13 18:13:00', 6, 'https://auctions.c.yimg.jp/images.auctions.yahoo.co.jp/image/ra187/users/7/3/3/4/kazuhiko2483-img600x398-1435663681tqanie25296.jpg', 9500, 8000, 1),
(69, 'q70592481', '1 йен ~E51 ELGRAND райдер оригинальный 17 дюймов с шиной комплект из 4 штук ', '2015-09-13 19:11:00', 5, 'https://auctions.c.yimg.jp/images.auctions.yahoo.co.jp/image/bi531/users/5/7/1/5/tmgarage2005-imgbatch_1433936803/600x450-2015061000196.jpg', 5750, 5750, 1),
(70, '196831592', 'WORK XSA... 225/40R18 PCD114.3 X 4 отверстия SILVIA 180SX... машина !', '2015-09-13 19:14:00', 5, 'https://auctions.c.yimg.jp/images.auctions.yahoo.co.jp/image/ra167/users/1/3/7/2/houjich1200-img600x450-1441505524mootxq11725.jpg', 18000, 23000, 1),
(71, 'g158380275', 'WORK CRAG большой остаток протектора LT235/75R15 BF Goodrich All-Terrain DELICA ', '2015-09-13 19:37:00', 5, 'https://auctions.c.yimg.jp/images.auctions.yahoo.co.jp/image/ra116/users/1/3/7/2/houjich1200-img600x450-14415071781mttnz11913.jpg', 23500, 33150, 1),
(72, 'w125564551', ' в отличном состоянии MITSUBISHI DELICA D5 оригинальный 225/55R18 очень дешево продаю !', '2015-09-13 19:29:00', 5, 'https://auctions.c.yimg.jp/images.auctions.yahoo.co.jp/image/ra235/users/1/3/7/2/houjich1200-img600x450-1441503322k7dh2t26597.jpg', 6000, 7000, 1),
(73, 'e166907580', 'Zauher... bar покрытие 8J/9J 215/40 225/40... машина нерабочий товар ', '2015-09-13 19:49:00', 5, 'https://auctions.c.yimg.jp/images.auctions.yahoo.co.jp/image/ra219/users/1/3/7/2/houjich1200-img600x450-1441504231wr6yoc4220.jpg', 11000, 13001, 1),
(74, 'o112881878', 'BBS*RG*8J*9J* CROWN *Комплект из 4 штук... продается.', '2015-09-14 09:21:00', 5, 'https://auctions.c.yimg.jp/images.auctions.yahoo.co.jp/image/ra232/users/5/6/8/7/carrosso-img600x450-144159723927sjwh7285.jpg', 15000, 17800, 1),
(75, 'm144425444', '(продается)Weds key... 16 дюймов диск 7J+26 6 отверстий PCD139.7', '2015-09-14 19:01:00', 5, 'https://auctions.c.yimg.jp/images.auctions.yahoo.co.jp/image/bi514/users/2/6/5/9/kazu9482-imgbatch_1441937928/600x450-2015091000144.jpg', 6500, 11000, 1),
(76, 'v430971178', '(... канава)HOT STUFF... 16 дюймов диск 5 отверстий PCD114.3', '2015-09-15 19:04:00', 5, 'https://auctions.c.yimg.jp/images.auctions.yahoo.co.jp/image/bi195/users/2/6/5/9/kazu9482-imgbatch_1442070257/600x450-2015091100077.jpg', 5500, 14600, 1),
(77, 'm144425616', '(... канавка протектора !13 года !) Bridgestone BEO 17 дюймов диск 5 отверстий PCD114.3', '2015-09-14 19:38:00', 5, 'https://auctions.c.yimg.jp/images.auctions.yahoo.co.jp/image/bi253/users/2/6/5/9/kazu9482-imgbatch_1441937928/600x450-2015091000124.jpg', 12000, 13500, 1),
(79, 'o113552575', '*RAYS Evolution 4 шина & диск * Товар в состоянии "как есть" *', '2015-09-18 19:30:00', 5, 'https://auctions.c.yimg.jp/images.auctions.yahoo.co.jp/image/bi245/users/2/2/7/2/usednet_corporation-imgbatch_1442216885/600x450-2015091400772.jpg', 14000, 13600, 1),
(80, 'v430866487', ' покрытие 18 дюймов шина на дисках набор Odyssey остальное ', '2015-09-18 18:35:00', 5, 'https://auctions.c.yimg.jp/images.auctions.yahoo.co.jp/image/ra128/users/6/0/0/5/hiroaki_asakawa2007-img600x450-144196782871fnzj30969.jpg', 13000, 13500, 1),
(81, 'l321993473', '1 0000 йен ~* Глубокий обод *... * ARISTO... CROWN... SOARER *F', '2015-09-18 17:59:00', 6, 'https://auctions.c.yimg.jp/images.auctions.yahoo.co.jp/image/bi532/users/4/6/2/1/fix1youki-imgbatch_1442205522/600x450-2015090900051.jpg', 11000, 10500, 0),
(82, 'p490227882', 'начало торгов с 1 йены H19 SKYLINE NISSAN NISSAN оригинальный ELGRAND и прочее ', '2015-09-19 11:20:00', 5, 'https://auctions.c.yimg.jp/images.auctions.yahoo.co.jp/image/ra214/users/0/7/1/6/akihiro1386-img600x450-14421217971r8oy115822.jpg', 10000, 16500, 1),
(83, 's466656251', '* Популярный MANARAY* Начало продается * Очень дешево *R18*... выгодно *', '2015-09-19 17:03:00', 5, 'https://auctions.c.yimg.jp/images.auctions.yahoo.co.jp/image/ra185/users/1/6/6/6/matsuokakyodai-img600x439-1442343814tujq743135.jpg', 6000, 11000, 1),
(84, 't446752097', '* Очень дешево * Начало продается *R16*4 отверстия *... ... *', '2015-09-21 14:44:00', 3, 'https://auctions.c.yimg.jp/images.auctions.yahoo.co.jp/image/ra128/users/1/6/6/6/matsuokakyodai-img600x443-1442530409ly4gqr11777.jpg', 5500, 26000, 1),
(85, 'b180697182', '(в отличном состоянии)... спорт G7 глубокий обод 17 дюймов 4 штуки большой остаток протектора *', '2015-09-19 20:16:00', 5, 'https://auctions.c.yimg.jp/images.auctions.yahoo.co.jp/image/ra217/users/4/6/3/8/farky_tin-img598x309-1441988343ad2t9t19119.jpg', 15500, 15500, 1),
(86, 'n156233171', '(в отличном состоянии)ENKEI GTC-01 глубокий обод 17 дюймов 17x8J большой остаток протектора *', '2015-09-19 19:45:00', 5, 'https://auctions.c.yimg.jp/images.auctions.yahoo.co.jp/image/ra226/users/4/6/3/8/farky_tin-img600x346-1442158651uuqg9220093.jpg', 17500, 29500, 1),
(87, 'd174658822', '* Миэ... MAZDA оригинальный 18 X 8 YOKOHAMA 225/45/18 RX-8 и прочее 114.3', '2015-09-20 16:39:00', 5, 'https://auctions.c.yimg.jp/images.auctions.yahoo.co.jp/image/ra227/users/7/1/2/6/mie_txt-img600x450-1442483757flamvj5235.jpg', 15000, 24500, 1),
(88, 'm144988709', '* Миэ... NISSAN оригинальный 18 X 8 Bridgestone 225/45/18 245/45/18', '2015-09-20 16:59:00', 5, 'https://auctions.c.yimg.jp/images.auctions.yahoo.co.jp/image/ra236/users/7/1/2/6/mie_txt-img600x450-1442480871taairs25856.jpg', 14000, 33500, 1),
(89, 'b181260373', ' Окаяма... * Нордический линия... 17 X 7.5 V70 продается ', '2015-09-20 18:01:00', 5, 'https://auctions.c.yimg.jp/images.auctions.yahoo.co.jp/image/ra122/users/2/1/7/6/txt_okayama-img600x448-1442390517pq3arf4428.jpg', 5500, 15500, 1),
(90, 't446253920', ' не пропустите !! TOYOTA 200 CROWN оригинальный ADVAN dB 215/55R17 Majesta !', '2015-09-20 18:17:00', 5, 'https://auctions.c.yimg.jp/images.auctions.yahoo.co.jp/image/ra229/users/1/7/6/3/all_parts_fv-img600x450-1442128709oyhmgu30075.jpg', 10500, 16500, 1),
(91, 'e160775626', 'WORK work Emotion XT7 17 дюймов 7J +32 4 штуки б/у ', '2015-09-20 18:23:00', 5, 'https://auctions.c.yimg.jp/images.auctions.yahoo.co.jp/image/ra216/users/2/9/8/5/amamiyasaga-img600x600-1439368827vtsmv83095.jpg', 12500, 18500, 1),
(92, 'q84781134', ' для зимы !!STYLE PRASNO YOKOHAMA 225/55R17 FORESTER продается !!', '2015-09-20 18:47:00', 5, 'https://auctions.c.yimg.jp/images.auctions.yahoo.co.jp/image/ra164/users/1/7/6/3/all_parts_fv-img600x450-1442126852tgq37f14807.jpg', 11500, 17990, 1),
(93, 'k197441976', '*VW гольф R32 оригинальный 18 дюймов AW*', '2015-09-20 18:47:00', 5, 'https://auctions.c.yimg.jp/images.auctions.yahoo.co.jp/image/ra169/users/0/5/3/8/sevenspiritfd3s2000-img450x600-14424548422csljz21358.jpg', 13000, 32500, 1),
(94, 's466485884', '* DELICA D5 оригинальный * Outlander PHEV, для зимних шин также *', '2015-09-20 19:05:00', 5, 'https://auctions.c.yimg.jp/images.auctions.yahoo.co.jp/image/ra124/users/2/7/9/6/gambit_618jp-img600x450-14422181234n10w36373.jpg', 10500, 11000, 1),
(95, 'w126082663', '*BBS алюминиевый &2014y235/45R17... канава шина 4 штуки Set*BMW5... 7 очень подходит ', '2015-09-20 19:06:00', 6, 'https://auctions.c.yimg.jp/images.auctions.yahoo.co.jp/image/ra172/users/3/3/4/9/kensukehorikawa351_0708-img600x450-1442308130wnaxzt20561.jpg', 23000, 21000, 0),
(96, 'o113563955', '*... Canon drive * Odyssey ESTIMA... X и прочее *', '2015-09-20 19:15:00', 5, 'https://auctions.c.yimg.jp/images.auctions.yahoo.co.jp/image/ra173/users/2/7/9/6/gambit_618jp-img600x450-1442221959hgflt231642.jpg', 10000, 9850, 1),
(97, 'w126296957', ' Осака... * HARRIER оригинальный AW MICHELIN LX4 225/65R17 X 6.5J+35 продается ', '2015-09-20 19:36:00', 5, 'https://auctions.c.yimg.jp/images.auctions.yahoo.co.jp/image/ra225/users/2/3/5/7/txt_kansai1-img600x450-1442547175mgqd0p2167.jpg', 16500, 16500, 1),
(98, 'f159805361', '235/40R17(2 штуки) 215/40R17(2 штуки) 17 дюймов 8JJ 114.3', '2015-09-20 19:40:00', 5, 'https://auctions.c.yimg.jp/images.auctions.yahoo.co.jp/image/ra131/users/2/9/4/5/kakuosa-img599x362-1442147850muqwmh14050.jpg', 23000, 23832, 1),
(99, 'l321882230', '(б/у)RAYS CAMPIONATO-SS7 & BLIZZAK MZ-03 комплект из 4 штук ', '2015-09-20 19:51:00', 5, 'https://auctions.c.yimg.jp/images.auctions.yahoo.co.jp/image/ra227/users/4/3/4/4/toshi_design1997-img599x324-1442122762g0az4f637.jpg', 18000, 19499, 1),
(100, 'f160021594', '" SUBARU " Impreza SSR алюминиевый 215/55R17 4WD', '2015-09-20 19:37:00', 5, 'https://auctions.c.yimg.jp/images.auctions.yahoo.co.jp/image/ra184/users/7/5/5/7/chanel_only_one-img600x450-1442378307pz3azk30712.jpg', 25000, 25000, 1),
(101, 'c528812893', '*ENKEI AME шина & диск * Товар в состоянии "как есть" *', '2015-09-20 19:44:00', 5, 'https://auctions.c.yimg.jp/images.auctions.yahoo.co.jp/image/bi259/users/2/2/7/2/usednet_corporation-imgbatch_1442376358/600x450-2015091600332.jpg', 11000, 11500, 1),
(102, 'o94212561', 'T170(доставка по Японии осуществляется бесплатно 225/65R17) TOYOTA оригинальный лето 4 штуки RAV4 Vanguard ', '2015-09-20 19:54:00', 5, 'https://auctions.c.yimg.jp/images.auctions.yahoo.co.jp/image/bi143/users/2/0/8/5/ft2009tiy-imgbatch_1430211519/600x449-51.jpg', 18500, 19000, 1),
(103, '202299921', '... modex 17 дюймов 7J+32 RS-02 4 штуки SILVIA NA', '2015-09-20 19:30:00', 6, 'https://auctions.c.yimg.jp/images.auctions.yahoo.co.jp/image/ra171/users/9/8/2/3/taka_7_phoenix-img600x337-1442559360uj40un13040.jpg', 11500, 11499, 0),
(104, 'x418949222', '* Продается... SC3 Odyssey step w Accord ARISTO и прочее ', '2015-09-20 20:18:00', 5, 'https://auctions.c.yimg.jp/images.auctions.yahoo.co.jp/image/ra172/users/2/4/8/5/gsyokohama_2-img600x450-1441534778rivu6k6565.jpg', 21000, 21000, 1),
(105, 't446261144', '*1,000 йен ~* MITSUBISHI оригинальный Outlander оригинальный * DELICA D: 5 остальное ', '2015-09-20 20:51:00', 5, 'https://auctions.c.yimg.jp/images.auctions.yahoo.co.jp/image/ra122/users/0/9/9/5/gambit_618jp3-img600x450-1442130496cvhteg22379.jpg', 16500, 19551, 1),
(106, 'n155811839', '*AME... MX 8.5J REGNO 225/45* Б/у комплект из 4 штук ', '2015-09-20 20:41:00', 3, 'https://auctions.c.yimg.jp/images.auctions.yahoo.co.jp/image/ra123/users/6/3/5/3/masashi8000-img600x450-1442123966rhpnfz6009.jpg', 29500, 33500, 1),
(107, 'g159216165', ' редкий !? club... ошибка... TOM"S... CROWN Majesta и прочее... ', '2015-09-20 21:55:00', 6, 'https://auctions.c.yimg.jp/images.auctions.yahoo.co.jp/image/ra178/users/5/7/5/3/gambit_618jp7-img600x450-1442149176cptza729653.jpg', 9800, 9750, 0),
(108, 'o113670419', '*Final Speed 18 дюймов алюминиевый X радиальный шина 4 штуки DELICA и прочее *', '2015-09-21 17:59:00', 5, 'https://auctions.c.yimg.jp/images.auctions.yahoo.co.jp/image/ra179/users/6/7/0/8/onez_2007-img600x450-1442286806grssbn3204.jpg', 15000, 26100, 1),
(110, 'g159254056', ' ... IMPUL*215/60R17 YOKOHAMA 80% канава Vellfire продается ', '2015-09-21 18:37:00', 5, 'https://auctions.c.yimg.jp/images.auctions.yahoo.co.jp/image/ra172/users/0/3/9/9/utnk_shop-img600x450-1442205996ah1bjk14668.jpg', 10000, 22500, 1),
(111, 's466530142', '18 дюймов глубокий обод 8.5J 9.5J с шиной !', '2015-09-21 18:29:00', 6, 'https://auctions.c.yimg.jp/images.auctions.yahoo.co.jp/image/ra228/users/6/1/2/2/gwaponglalake440-img338x600-14422300927cmieg30452.jpg', 16000, 14000, 1),
(112, 'n155891969', '17 дюймов шина есть диск Odyssey STEP WGN и прочее... ', '2015-09-21 19:42:00', 3, 'https://auctions.c.yimg.jp/images.auctions.yahoo.co.jp/image/ra174/users/4/3/9/9/santa1120a-img450x600-1442145630vcebnu31896.jpg', 5000, 5250, 1),
(113, 'c528582877', 'model 7 7J-17 215/45R17 PCD100/5H +50 LEGACY ', '2015-09-21 20:05:00', 6, 'https://auctions.c.yimg.jp/images.auctions.yahoo.co.jp/image/bi256/users/0/0/4/3/ymc_parts-imgbatch_1442217598/600x450-2015091400001.jpg', 19000, 18100, 0),
(114, 'v431514683', '* Миэ... SSR Speed Star TANABE 18 дюймов глубокий обод ?', '2015-09-22 16:44:00', 5, 'https://auctions.c.yimg.jp/images.auctions.yahoo.co.jp/image/ra216/users/7/1/2/6/mie_txt-img600x450-1442487987bn2dcc14674.jpg', 22000, 42000, 1),
(115, 'm133852082', 'SSR pro... ... SP-1 17 X 8.5&9.5J 5H114.3 4 штуки ', '2015-09-22 18:35:00', 0, 'https://auctions.c.yimg.jp/images.auctions.yahoo.co.jp/image/ra127/users/8/5/5/5/earth_with_ecology0221-img600x450-1431480241i9yzl726104.jpg', 21000, 10500, 1),
(116, 'c528649939', ' TOYOTA оригинальный Канада пр-во диск 265/70/17 комплект из 4 штук ', '2015-09-22 18:08:00', 5, 'https://auctions.c.yimg.jp/images.auctions.yahoo.co.jp/image/ra232/users/2/2/3/5/w99805525-img320x240-1442311403fe5cey2387.jpg', 23500, 25500, 1),
(117, 'n156208050', 'ANTERA тип 143 8.5J X 17', '2015-09-22 18:10:00', 5, 'https://auctions.c.yimg.jp/images.auctions.yahoo.co.jp/image/ra177/users/9/2/6/8/shigekun7193156-img600x449-1442592583fm0fh228961.jpg', 3000, 6050, 1),
(118, 'u85015357', 'DHS 17x7J +38 5 отверстий 114.3 225/50R17 лето шина есть украшение... !', '2015-09-22 18:36:00', 5, 'https://auctions.c.yimg.jp/images.auctions.yahoo.co.jp/image/ra130/users/4/9/5/4/taiya_akitatxt-img600x450-1442673383sao5ux11798.jpg', 12500, 17499, 1),
(119, 'e167598386', 'ENKEI PLATINUM STEINER 18 дюймов 8J 4 штуки (245/45R18)', '2015-09-22 18:31:00', 3, 'https://auctions.c.yimg.jp/images.auctions.yahoo.co.jp/image/ra225/users/2/6/3/2/kdai392-img450x600-1442016128ratgye8905.jpg', 14000, 13500, 1),
(120, 'l321863261', '8J X 18H2 ET52 BLIZZAK DM-Z3 255/55R18', '2015-09-22 19:57:00', 5, 'https://auctions.c.yimg.jp/images.auctions.yahoo.co.jp/image/ra234/users/5/1/5/7/shouta_0714-img450x600-1441952715i9ceob30069.jpg', 9000, 19000, 1),
(121, 'j365608079', 'BMW 3 серия... E90F30 и прочее *AVS MODEL T5 19 дюймов * Шина есть 4 штуки ', '2015-09-26 18:46:00', 5, 'https://auctions.c.yimg.jp/images.auctions.yahoo.co.jp/image/bi273/users/4/0/9/4/akindo_hirochu-imgbatch_1442826905/600x450-2015092100005.jpg', 23500, 52000, 0),
(122, 'r134589025', ' Аомори... * Продается ! Civic Type-R 17 дюймов *taAR0914', '2015-09-23 17:48:00', 5, 'https://auctions.c.yimg.jp/images.auctions.yahoo.co.jp/image/ra118/users/6/3/2/5/aomori_graphic-img600x450-1442587782eithac12723.jpg', 18000, 22623, 1),
(123, 'u84640325', ' Tundra оригинальный шина диск набор 275/65R18', '2015-09-23 17:57:00', 5, 'https://auctions.c.yimg.jp/images.auctions.yahoo.co.jp/image/ra172/users/9/4/7/8/lovebibiblack0216-img564x403-1442382340m32xbg21979.jpg', 26000, 29000, 1),
(124, 'k197525589', '** Очень дешево 18 дюймов STEINER с шиной диск **', '2015-09-23 19:05:00', 5, 'https://auctions.c.yimg.jp/images.auctions.yahoo.co.jp/image/ra236/users/4/0/3/8/gfycx064-img600x450-1442541289veddmj24327.jpg', 12500, 13000, 1),
(125, 'r134454837', ' NISSAN оригинальный 18 дюймов алюминиевый 7.5JJ зима BS 225/65 Murano и прочее ', '2015-09-23 19:02:00', 5, 'https://auctions.c.yimg.jp/images.auctions.yahoo.co.jp/image/bi139/users/9/2/4/0/ssgsapporoparts-imgbatch_1442483949/600x450-2015091500031.jpg', 16500, 25500, 1),
(126, 'x419279522', 'RAYS VOLKRACING EVO4 8J9J 255/40R17 SILVIA RX-7 SUPRA и прочее... ', '2015-09-23 19:16:00', 5, 'https://auctions.c.yimg.jp/images.auctions.yahoo.co.jp/image/ra184/users/3/0/1/9/ua_8383-img600x450-1442736490fqhvxy15488.jpg', 23500, 23001, 1),
(127, 'q85817715', '(продается)5ZIGEN high... 17 дюймов диск 4 отверстия PCD114.3', '2015-09-23 19:25:00', 6, 'https://auctions.c.yimg.jp/images.auctions.yahoo.co.jp/image/bi522/users/2/6/5/9/kazu9482-imgbatch_1442649237/600x450-2015091800089.jpg', 12500, 12500, 0),
(128, 'u85068565', ' SUBARU FORESTER оригинальный серый 225/60R17 не дорого 1.000 продается... ', '2015-09-23 19:10:00', 5, 'https://auctions.c.yimg.jp/images.auctions.yahoo.co.jp/image/ra175/users/3/0/1/9/ua_8383-img600x450-1442736741tzlww25055.jpg', 14000, 15500, 1),
(129, 'e167990042', '5 отверстий *Modulo YOKOHAMA DNA ECOS 215/60R16 4 штуки *(67-9)N', '2015-09-23 17:33:00', 5, 'https://auctions.c.yimg.jp/images.auctions.yahoo.co.jp/image/ra170/users/6/0/2/0/csm_2014-img600x450-1442446103ykypn331371.jpg', 5000, 5000, 1),
(130, 'p490638155', ' Аомори... * Продается !BS/BLIZZAK DM-V1 16 дюймов *taAR0913', '2015-09-23 17:46:00', 5, 'https://auctions.c.yimg.jp/images.auctions.yahoo.co.jp/image/ra125/users/6/3/2/5/aomori_graphic-img600x450-1442587665q7trgy28818.jpg', 8900, 10100, 1),
(131, 'w126255565', '* Mercedes-Benz W202 AMG17 дюймов комплект из 4 штук *', '2015-09-23 18:26:00', 5, 'https://auctions.c.yimg.jp/images.auctions.yahoo.co.jp/image/ra129/users/2/0/8/3/dorabaka23-img600x450-1442474849b0yc8v27654.jpg', 15000, 22500, 1),
(132, 'q85841298', '** 4WD... BS б/у шина, набор дисков 265/70-16 **', '2015-09-23 18:57:00', 5, 'https://auctions.c.yimg.jp/images.auctions.yahoo.co.jp/image/ra233/users/0/5/9/1/keroney9-img600x450-1442671247xemju713241.jpg', 17000, 23500, 1),
(133, 'u85037119', 'A-TECH бронзовый 195/45R16 Fit Civic VITZ MARCH и прочее... ', '2015-09-23 19:02:00', 5, 'https://auctions.c.yimg.jp/images.auctions.yahoo.co.jp/image/ra227/users/3/0/1/9/ua_8383-img600x450-1442729015t5onzo3391.jpg', 13000, 15500, 1),
(134, 'q85817787', '(... канава !14 год выпуска !)MOZZER 16 дюймов диск 7J+25 6 отверстий PCD139.7', '2015-09-23 19:18:00', 5, 'https://auctions.c.yimg.jp/images.auctions.yahoo.co.jp/image/bi516/users/2/6/5/9/kazu9482-imgbatch_1442649237/600x450-2015091800053.jpg', 13000, 13001, 1),
(135, 'd174862610', ' Осака... * Dish Verger 225/45R18/235/40R18 18 X 8J/9J продается ', '2015-09-23 19:50:00', 5, 'https://auctions.c.yimg.jp/images.auctions.yahoo.co.jp/image/ra172/users/2/3/5/7/txt_kansai1-img600x450-1442823698lxi9lg7899.jpg', 7700, 7751, 1),
(136, 'm144868956', 'WORK SPORBO FERVORE 18 X 7.5J+53 215/35R18 114.3 Roadster ', '2015-09-23 19:35:00', 5, 'https://auctions.c.yimg.jp/images.auctions.yahoo.co.jp/image/ra232/users/8/1/1/4/runx606-img600x450-1442370805ect1653402.jpg', 18000, 24722, 1),
(137, 's467034151', ' Осака... *A-TECH... 205/45R16/16 X 6.5J/100+45 4 отверстия продается ', '2015-09-23 19:35:00', 6, 'https://auctions.c.yimg.jp/images.auctions.yahoo.co.jp/image/ra118/users/2/3/5/7/txt_kansai1-img600x450-1442824297pf6nis25235.jpg', 15200, 14700, 0),
(138, 'l322714159', ' сетка золотой (8J+359J+38) 225/50R18 RX-7 SKYLINE и прочее... ', '2015-09-23 19:42:00', 5, 'https://auctions.c.yimg.jp/images.auctions.yahoo.co.jp/image/ra165/users/3/0/1/9/ua_8383-img600x450-1442738345pg5gfz19886.jpg', 15500, 18600, 1),
(139, 'r134627810', 'WSP ITALY... 225/45R17 VW гольф... AUDI A4 и прочее ', '2015-09-23 19:45:00', 5, 'https://auctions.c.yimg.jp/images.auctions.yahoo.co.jp/image/ra226/users/3/0/1/9/ua_8383-img600x450-1442734905yjknns7792.jpg', 12500, 13000, 1),
(140, 'f160517188', ' для зимы... RAYS VERSUS металл SiL 235/55R18 HARRIER Kluger... и прочее... ', '2015-09-23 19:46:00', 5, 'https://auctions.c.yimg.jp/images.auctions.yahoo.co.jp/image/ra166/users/3/0/1/9/ua_8383-img600x450-144273866112zxoh6807.jpg', 28500, 28500, 1),
(141, 'c529040527', 'WORK STEEZ... WMC 215/45R17 PRIUS Wish LEGACY ', '2015-09-23 20:02:00', 5, 'https://auctions.c.yimg.jp/images.auctions.yahoo.co.jp/image/ra131/users/3/0/1/9/ua_8383-img600x450-1442735899kdoso88563.jpg', 20000, 30555, 1),
(142, 'p490771638', ' Mercedes-Benz б/у шина на дисках набор ', '2015-09-24 07:38:00', 3, 'https://auctions.c.yimg.jp/images.auctions.yahoo.co.jp/image/ra186/users/4/0/2/3/qqvp6qr9k-img600x450-14428072501osytf4015.jpg', 15500, 70000, 0),
(143, 'w124635195', 'AME... (покрытие) б/у 18 дюймов ', '2015-09-26 15:21:00', 3, 'https://auctions.c.yimg.jp/images.auctions.yahoo.co.jp/image/ra130/users/4/0/2/3/qqvp6qr9k-img600x450-1440493104unfxub26359.jpg', 10000, 5750, 0),
(144, 'u85277980', '(5ZIGEN)INPERIO SPORTS RS-1 (18 дюймов)', '2015-09-23 21:16:00', 5, 'https://auctions.c.yimg.jp/images.auctions.yahoo.co.jp/image/ra187/users/5/4/8/6/unk0724545-img600x450-1442849409xxl9w332537.jpg', 24000, 24500, 0),
(145, 'v431921137', ' HONDA оригинальный 17 дюймов 7J 5 отверстий PCD114.3 OFF55*MZ-03 215/55R17', '2015-09-24 18:50:00', 5, 'https://auctions.c.yimg.jp/images.auctions.yahoo.co.jp/image/ra178/users/4/4/0/2/yamagata_txt-img599x337-1442836441swmzky9092.jpg', 8000, 15500, 0),
(146, 'q85940688', 'Treffer 17x7J 5 отверстий 100 DUNLOP DSX 215/45R17 канава 7 LEGACY -', '2015-09-24 18:53:00', 5, 'https://auctions.c.yimg.jp/images.auctions.yahoo.co.jp/image/ra170/users/2/4/2/0/txt_hakodate-img599x449-1442822004zg1q7a30912.jpg', 18500, 22000, 0),
(147, 'q86059894', ' ... канава DL GRANDTREK 265/70R16 не оригинальный CV928 8J +10 6 отверстий PAJERO ', '2015-09-24 18:16:00', 5, 'https://auctions.c.yimg.jp/images.auctions.yahoo.co.jp/image/ra123/users/7/4/7/5/taiya_sendaitxt-img600x450-1442834191p8gcq011287.jpg', 12500, 14501, 0),
(148, 'l322762885', ' HONDA оригинальный 16in 5 отверстий PCD114.3 OFF45*... навигатор ZEAII 195/55R15', '2015-09-24 18:58:00', 5, 'https://auctions.c.yimg.jp/images.auctions.yahoo.co.jp/image/ra178/users/4/4/0/2/yamagata_txt-img599x337-1442825948ynre6j12836.jpg', 5500, 16606, 0),
(149, 'r134428924', 'RAYS Volk monster 8J 7.5J 4 штуки шина M5', '2015-09-24 19:01:00', 5, 'https://auctions.c.yimg.jp/images.auctions.yahoo.co.jp/image/ra168/users/7/8/1/3/sh12837-img600x450-1442481278jxcajt5994.jpg', 16500, 27000, 0),
(150, 'm145534196', 'BBS RG18 дюймов 8J9J 4 штуки шина большой остаток протектора в отличном состоянии 114.3', '2015-09-26 18:08:00', 5, 'https://auctions.c.yimg.jp/images.auctions.yahoo.co.jp/image/ra224/users/8/3/3/5/rana02040-img426x600-1442998148aohkrv9995.jpg', 11000, 33500, 0),
(151, 'r135179959', ' SUBARU оригинальный AW 17 X 7J +55 DSX есть 4 штуки LEGACY Impreza и прочее... ', '2015-09-27 18:09:00', 5, 'https://auctions.c.yimg.jp/images.auctions.yahoo.co.jp/image/ra178/users/7/4/7/5/taiya_sendaitxt-img600x450-1443093302qqjqul13187.jpg', 12000, 16000, 0),
(152, 'x419946424', '* Продается * MITSUBISHI оригинальный 235/45R17 GTO Lancer Evolution и прочее *... *', '2015-09-27 18:24:00', 5, 'https://auctions.c.yimg.jp/images.auctions.yahoo.co.jp/image/ra236/users/7/8/2/5/txt_akashi-img600x450-1443177623nnlr5l5530.jpg', 8900, 16500, 0),
(153, 'r134807577', '(Фукуока... * Кто первый - тот и хозяин. !)... Circlar 17 X 7J продается !', '2015-09-27 18:32:00', 5, 'https://auctions.c.yimg.jp/images.auctions.yahoo.co.jp/image/ra126/users/9/3/2/8/txt_fukuoka-img600x450-1442800852ufvmzf26584.jpg', 11000, 11166, 0),
(154, 'd171104362', '* LEGACY... Wish * Бронзовый *225/45R18*DSX*... канава 8mm!', '2015-09-27 18:35:00', 6, 'https://auctions.c.yimg.jp/images.auctions.yahoo.co.jp/image/ra130/users/0/5/7/7/deez4318-img600x450-1440457264shatgi22574.jpg', 29900, 27500, 0),
(155, 'j365492085', ' AUDI гольф BBS RZ519 BS 225/45R17 комплект из 4 штук ', '2015-09-27 18:53:00', 5, 'https://auctions.c.yimg.jp/images.auctions.yahoo.co.jp/image/bi263/users/7/7/8/9/tread_tire2011-imgbatch_1442728879/600x450-2015092000078.jpg', 14000, 15000, 0),
(156, 'r135083713', ' не оригинальный диск 18 дюймов шина есть продается ', '2015-09-27 19:10:00', 4, 'https://auctions.c.yimg.jp/images.auctions.yahoo.co.jp/image/ra113/users/5/3/4/1/tekunotop-img600x450-1443053297intdko15026.jpg', 8100, 7250, 0),
(157, 'p490809629', 'RAYS SESTO-CARINO 195/50R16 небольшой автомобиль !', '2015-09-27 19:14:00', 5, 'https://auctions.c.yimg.jp/images.auctions.yahoo.co.jp/image/ra182/users/1/3/7/2/houjich1200-img600x450-1442809217xmmm5r7398.jpg', 4000, 5350, 0),
(158, 'b181983964', '... 1/6 18 дюймов Mercedes-Benz C CLK SLK', '2015-09-27 19:22:00', 4, 'https://auctions.c.yimg.jp/images.auctions.yahoo.co.jp/image/ra167/users/0/9/1/2/taisei_3m-img600x450-1442989722ofhgkj16041.jpg', 14500, 12500, 0),
(159, 'k198184043', ' Осака... *bB и прочее Lorber LEMANS LM701 205/50R16 X 7J+32 продается 4 штуки ', '2015-09-27 19:22:00', 4, 'https://auctions.c.yimg.jp/images.auctions.yahoo.co.jp/image/ra227/users/2/3/5/7/txt_kansai1-img600x450-1443183796hhv2rh21610.jpg', 4700, 4110, 0),
(160, '202513011', '30 HARRIER оригинальный отверстие DUNLOP 225 65 17 комплект из 4 штук ', '2015-09-27 19:22:00', 4, 'https://auctions.c.yimg.jp/images.auctions.yahoo.co.jp/image/ra125/users/2/3/6/4/samuraidottonomu-img600x400-1443124887kmk72w29485.jpg', 8900, 6251, 0),
(161, 'q85922625', ' алюминиевый диск 17 дюймов 7J вылет диска +48 PCD114.3 5 отверстий шина есть ', '2015-09-27 19:33:00', 4, 'https://auctions.c.yimg.jp/images.auctions.yahoo.co.jp/image/ra227/users/7/0/7/8/minoruyamabe-img600x450-1442731224rwjbmm32334.jpg', 5900, 4100, 0);

-- --------------------------------------------------------

--
-- Структура таблицы `category`
--

CREATE TABLE IF NOT EXISTS `category` (
`id` int(10) unsigned NOT NULL,
  `name` varchar(255) NOT NULL,
  `sort` int(11) NOT NULL,
  `code` varchar(20) NOT NULL
) ENGINE=MyISAM AUTO_INCREMENT=8 DEFAULT CHARSET=utf8;

--
-- Дамп данных таблицы `category`
--

INSERT INTO `category` (`id`, `name`, `sort`, `code`) VALUES
(1, 'Авито', 100, 'AVITO'),
(2, 'Дром', 200, 'DROM'),
(3, 'Магазин', 300, 'SHOP'),
(4, 'Фотодоска', 400, 'PHOTODOSKA'),
(5, 'Остальное', 500, 'OTHER'),
(7, 'Отсмотрщик Yahoo', 700, 'YAHOO');

-- --------------------------------------------------------

--
-- Структура таблицы `data_cube`
--

CREATE TABLE IF NOT EXISTS `data_cube` (
`id` int(10) unsigned NOT NULL,
  `name` varchar(255) NOT NULL,
  `attribute_id_1` int(10) unsigned NOT NULL,
  `attribute_id_2` int(10) unsigned NOT NULL,
  `attribute_id_3` int(10) unsigned NOT NULL,
  `rule_code` varchar(255) NOT NULL
) ENGINE=InnoDB AUTO_INCREMENT=5 DEFAULT CHARSET=utf8;

--
-- Дамп данных таблицы `data_cube`
--

INSERT INTO `data_cube` (`id`, `name`, `attribute_id_1`, `attribute_id_2`, `attribute_id_3`, `rule_code`) VALUES
(1, 'Стоимость доставки партнерами до ТК', 43, 9, 28, 'managerActions'),
(2, 'GLT IC ADVATT', 49, 50, 48, 'managerActions'),
(3, 'Вывод ', 49, 50, 48, 'managerActions'),
(4, 'Дром логины логика выкладки', 38, 37, 43, 'managerActions');

-- --------------------------------------------------------

--
-- Структура таблицы `data_cube_variant`
--

CREATE TABLE IF NOT EXISTS `data_cube_variant` (
  `cube_id` int(10) unsigned NOT NULL,
  `attribute_1` int(10) unsigned NOT NULL,
  `attribute_2` int(10) unsigned NOT NULL,
  `attribute_3` int(10) unsigned NOT NULL,
  `value` text NOT NULL
) ENGINE=InnoDB DEFAULT CHARSET=utf8;

--
-- Дамп данных таблицы `data_cube_variant`
--

INSERT INTO `data_cube_variant` (`cube_id`, `attribute_1`, `attribute_2`, `attribute_3`, `value`) VALUES
(1, 1418, 1317, 814, 'asdasas\n'),
(2, 1569, 1592, 1586, 'TABLE'),
(2, 1569, 1593, 1586, 'BASE'),
(2, 1569, 1594, 1586, 'X   XVAR(ПРОИХ.ТОВ)'),
(2, 1569, 1595, 1586, 'X   XVAR(ПРОИХ.ТОВ)'),
(2, 1569, 1596, 1586, 'X   XVAR(ПРОИХ.ТОВ)'),
(2, 1569, 1597, 1586, 'X   XVAR (КОЛ-ВО И ТИП ТОВАРА) '),
(2, 1569, 1598, 1586, 'TABLE'),
(2, 1569, 1599, 1586, 'TABLE'),
(2, 1570, 1592, 1586, 'TABLE'),
(2, 1570, 1593, 1586, 'BASE'),
(2, 1570, 1599, 1586, 'TABLE'),
(2, 1571, 1592, 1586, 'TABLE'),
(2, 1571, 1593, 1586, 'BASE'),
(2, 1571, 1598, 1586, 'TABLE   INTR'),
(2, 1571, 1599, 1586, 'TABLE'),
(2, 1572, 1592, 1586, 'TABLE'),
(2, 1572, 1593, 1586, 'BASE'),
(2, 1572, 1599, 1586, 'TABLE'),
(2, 1573, 1592, 1586, 'TABLE'),
(2, 1573, 1593, 1586, 'BASE'),
(2, 1573, 1598, 1586, 'TABLE   INTR'),
(2, 1573, 1599, 1586, 'TABLE'),
(2, 1574, 1592, 1586, 'TABLE'),
(2, 1574, 1593, 1586, 'BASE'),
(2, 1574, 1599, 1586, 'TABLE'),
(2, 1575, 1592, 1586, 'TABLE'),
(2, 1575, 1593, 1586, 'BASE'),
(2, 1575, 1598, 1586, 'TABLE'),
(2, 1575, 1599, 1586, 'TABLE'),
(2, 1576, 1592, 1586, 'TABLE'),
(2, 1576, 1593, 1586, 'BASE'),
(2, 1576, 1598, 1586, 'TABLE'),
(2, 1576, 1599, 1586, 'TABLE'),
(2, 1577, 1592, 1586, 'TABLE'),
(2, 1577, 1593, 1586, 'BASE'),
(2, 1577, 1598, 1586, 'TABLE'),
(2, 1577, 1599, 1586, 'TABLE'),
(3, 1569, 1592, 1586, 'no sense, already in interpreters'),
(3, 1569, 1593, 1586, 'in base'),
(3, 1569, 1596, 1586, 'var G w70'),
(3, 1569, 1597, 1586, 'var D w70'),
(3, 1569, 1598, 1586, '`[ ATTR=20 ] [ INTER=?DELIVERY? ]`'),
(3, 1569, 1598, 1587, 'PRICE DELIVERY'),
(3, 1569, 1599, 1586, 'w70'),
(3, 1570, 1592, 1586, 'no sense, already in interpreters'),
(3, 1570, 1593, 1586, 'in base'),
(3, 1570, 1596, 1586, 'var G ktr'),
(3, 1570, 1597, 1586, 'var D ktr'),
(3, 1570, 1598, 1586, '`[ ATTR=20 ] [ INTER=?DELIVERY? ]`'),
(3, 1570, 1598, 1587, 'PRICE DELIVERY'),
(3, 1570, 1599, 1586, 'ktr'),
(3, 1571, 1592, 1586, 'no sense, already in interpreters'),
(3, 1571, 1593, 1586, 'in base'),
(3, 1571, 1596, 1586, 'var G AO other stock (vlad nsk ekb kem etc.)'),
(3, 1571, 1597, 1586, 'var D AO other stock (vlad nsk ekb kem etc.)'),
(3, 1571, 1598, 1586, '`[ ATTR=20 ] [ TABLE=?MARGIN? ] [ INTER=?DELIVERY? ]`'),
(3, 1571, 1598, 1587, 'PRICE DELIVERY'),
(3, 1571, 1599, 1586, 'AO'),
(3, 1572, 1592, 1586, 'no sense, already in interpreters'),
(3, 1572, 1593, 1586, 'in base'),
(3, 1572, 1596, 1586, 'var G other stock (vlad nsk ekb kem etc.)'),
(3, 1572, 1597, 1586, 'var D other stock (vlad nsk ekb kem etc.)'),
(3, 1572, 1598, 1586, '`[ ATTR=20 ] [ TABLE=?MARGIN? ] [ INTER=?DELIVERY? ]`'),
(3, 1572, 1598, 1587, 'PRICE DELIVERY'),
(3, 1572, 1599, 1586, 'regions'),
(3, 1573, 1593, 1586, ' '),
(3, 1573, 1596, 1586, 'var G partner '),
(3, 1573, 1597, 1586, 'var D partner '),
(3, 1573, 1599, 1586, 'custom txt'),
(3, 1574, 1596, 1586, 'var G partner '),
(3, 1574, 1597, 1586, 'var D partner '),
(3, 1574, 1599, 1586, 'custom txt'),
(4, 1057, 868, 1418, 'aotomskru'),
(4, 1057, 869, 1418, 'wheels22'),
(4, 1058, 868, 1418, 'aotomskru'),
(4, 1058, 869, 1418, 'wheels31'),
(4, 1059, 868, 1418, 'aotomskru'),
(4, 1059, 869, 1418, '3659593'),
(4, 1060, 868, 1418, 'aotomskru'),
(4, 1060, 869, 1418, 'wheels34'),
(4, 1061, 868, 1418, 'aotomskru'),
(4, 1061, 869, 1418, 'wheels36'),
(4, 1062, 868, 1418, 'aotomsk'),
(4, 1062, 869, 1418, 'egorVAG'),
(4, 1063, 868, 1418, 'aotomsk'),
(4, 1063, 869, 1418, 'wheels38'),
(4, 1064, 868, 1418, 'aotomskru'),
(4, 1064, 869, 1418, 'wheels16'),
(4, 1065, 868, 1418, 'wheels70'),
(4, 1065, 869, 1418, 'wheel42'),
(4, 1066, 868, 1418, 'aotomskru'),
(4, 1066, 869, 1418, 'wheels23'),
(4, 1067, 868, 1418, 'aotomskru'),
(4, 1067, 869, 1418, 'godzilla24'),
(4, 1068, 868, 1418, 'aotomskru'),
(4, 1068, 869, 1418, 'wheels46'),
(4, 1069, 868, 1418, 'aotomskru'),
(4, 1069, 869, 1418, 'wheels77'),
(4, 1070, 868, 1418, 'aotomskru'),
(4, 1070, 869, 1418, 'wheels52'),
(4, 1071, 868, 1418, 'wheels70'),
(4, 1071, 869, 1418, '3525927'),
(4, 1072, 868, 1418, 'aotomskru'),
(4, 1072, 869, 1418, '3662536'),
(4, 1073, 868, 1418, 'aotomskru'),
(4, 1073, 869, 1418, 'wheels61'),
(4, 1074, 868, 1418, 'aotomskru'),
(4, 1074, 869, 1418, 'wheels79'),
(4, 1075, 868, 1418, 'aotomskru'),
(4, 1075, 869, 1418, 'wheels26'),
(4, 1076, 868, 1418, 'aotomskru'),
(4, 1076, 869, 1418, 'wheesl86'),
(4, 1077, 868, 1418, 'aotomskru'),
(4, 1077, 869, 1418, 'wheel72'),
(4, 1078, 868, 1418, 'aotomskru'),
(4, 1078, 869, 1418, 'wheels3'),
(4, 1079, 868, 1418, 'aotomskru'),
(4, 1079, 869, 1418, 'wheels174'),
(4, 1080, 868, 1418, 'aotomskru'),
(4, 1080, 869, 1418, 'wheels75'),
(4, 1081, 868, 1418, 'wheels70'),
(4, 1081, 868, 1419, 'wheels70'),
(4, 1081, 868, 1603, 'wheels70'),
(4, 1081, 868, 1604, 'wheels70'),
(4, 1081, 868, 1605, 'wheels70'),
(4, 1081, 868, 1606, 'wheels70'),
(4, 1081, 868, 1607, 'wheels70'),
(4, 1081, 868, 1608, 'wheels70'),
(4, 1081, 868, 1855, 'wheels70'),
(4, 1081, 868, 1857, 'wheels70'),
(4, 1081, 868, 1860, 'wheels70'),
(4, 1081, 869, 1418, 'kolesotomskru'),
(4, 1385, 868, 1418, 'aotomskru'),
(4, 1385, 869, 1418, 'wheels63'),
(4, 1404, 868, 1418, 'aotomskru'),
(4, 1404, 869, 1418, 'wheels58'),
(4, 1405, 868, 1418, 'aotomskru'),
(4, 1405, 869, 1418, 'wheel63'),
(4, 1409, 868, 1418, 'aotomskru'),
(4, 1409, 869, 1418, 'wheels18'),
(4, 1410, 868, 1418, 'aotomskru'),
(4, 1410, 869, 1418, 'wheels17'),
(6, 1032, 1057, 1029, '0'),
(6, 1032, 1081, 1029, '7.19'),
(6, 1033, 1057, 1029, '11.59'),
(6, 1033, 1058, 1029, '0'),
(6, 1033, 1081, 1029, '10.89'),
(6, 1034, 1057, 1029, '19.89'),
(6, 1034, 1059, 1029, '0'),
(6, 1034, 1081, 1029, '16.99'),
(6, 1035, 1057, 1029, '10.39'),
(6, 1035, 1060, 1029, '0'),
(6, 1035, 1081, 1029, '11.69'),
(6, 1036, 1057, 1029, '7.39'),
(6, 1036, 1061, 1029, '0'),
(6, 1036, 1081, 1029, '11.79'),
(6, 1037, 1057, 1029, '7.39'),
(6, 1037, 1062, 1029, '0'),
(6, 1037, 1081, 1029, '7.39'),
(6, 1038, 1057, 1029, '10.69'),
(6, 1038, 1063, 1029, '0'),
(6, 1038, 1081, 1029, '7.79'),
(6, 1039, 1057, 1029, '8.79'),
(6, 1039, 1064, 1029, '0'),
(6, 1039, 1081, 1029, '8.19'),
(6, 1040, 1057, 1029, '7.49'),
(6, 1040, 1065, 1029, '0'),
(6, 1040, 1081, 1029, '6.89'),
(6, 1041, 1057, 1029, '12.59'),
(6, 1041, 1066, 1029, '0'),
(6, 1041, 1081, 1029, '12.19'),
(6, 1042, 1067, 1029, '0'),
(6, 1042, 1081, 1029, '6.59'),
(6, 1043, 1068, 1029, '0'),
(6, 1043, 1081, 1029, '10.69'),
(6, 1044, 1069, 1029, '0'),
(6, 1044, 1081, 1029, '8.59'),
(6, 1045, 1070, 1029, '0'),
(6, 1045, 1081, 1029, '8.89'),
(6, 1046, 1071, 1029, '0'),
(6, 1046, 1081, 1029, '5.29'),
(6, 1047, 1072, 1029, '0'),
(6, 1047, 1081, 1029, '5.99'),
(6, 1048, 1073, 1029, '0'),
(6, 1048, 1081, 1029, '10.99'),
(6, 1049, 1074, 1029, '0'),
(6, 1049, 1081, 1029, '10.49'),
(6, 1050, 1075, 1029, '0'),
(6, 1050, 1081, 1029, '11.39'),
(6, 1051, 1076, 1029, '0'),
(6, 1051, 1081, 1029, '10.79'),
(6, 1052, 1077, 1029, '0'),
(6, 1052, 1081, 1029, '6.99'),
(6, 1053, 1078, 1029, '0'),
(6, 1053, 1081, 1029, '11.89'),
(6, 1054, 1079, 1029, '0'),
(6, 1054, 1081, 1029, '7.69'),
(6, 1055, 1080, 1029, '0'),
(6, 1055, 1081, 1029, '13.89'),
(6, 1056, 1081, 1029, '0');

-- --------------------------------------------------------

--
-- Структура таблицы `data_dictionary`
--

CREATE TABLE IF NOT EXISTS `data_dictionary` (
`id` int(10) unsigned NOT NULL,
  `name` varchar(255) NOT NULL,
  `attribute_id_1` int(10) unsigned NOT NULL,
  `rule_code` varchar(255) NOT NULL
) ENGINE=InnoDB AUTO_INCREMENT=50 DEFAULT CHARSET=utf8;

--
-- Дамп данных таблицы `data_dictionary`
--

INSERT INTO `data_dictionary` (`id`, `name`, `attribute_id_1`, `rule_code`) VALUES
(10, 'Склонение городов', 38, 'managerActions'),
(11, 'Страна изготовитель - отбор выводить или нет', 11, 'managerActions'),
(12, 'Состояние для текста Шины', 26, 'managerActions'),
(14, 'Тип торгов соответствие', 37, 'managerActions'),
(17, 'Сверловка соответствие', 5, 'managerActions'),
(18, 'Состояние для текста Диски', 26, 'managerActions'),
(19, 'Стоимость доставки до ТК от филиалов', 27, 'managerActions'),
(20, 'Вид торгов соответствие Диски', 37, 'managerActions'),
(21, 'Вид торгов соответствие Шины', 37, 'managerActions'),
(22, 'Город Код Дром соответствие', 38, 'managerActions'),
(24, 'PickupAddres', 39, 'managerActions'),
(25, 'Сезонность Шин соответствие Дром', 23, 'managerActions'),
(26, 'Сезонность Шин соответствие Авито', 23, 'managerActions'),
(27, 'Город Код Авито Соответствие', 38, 'managerActions'),
(28, 'Авито Логин', 38, 'managerActions'),
(29, 'Авито пароль', 38, 'managerActions'),
(30, 'Тип торгов Авито для проверки', 37, 'managerActions'),
(31, 'Количество диски для заголовка', 28, 'managerActions'),
(32, 'Тип торгов соответствие дигитальное', 37, 'managerActions'),
(33, 'Куда выкладывать wheels70 0 - в ГН 1 - в Томск', 27, 'managerActions'),
(34, 'Филиалы - склады с товаром', 38, 'managerActions'),
(35, 'Состояние шины для текста авито нового', 26, 'managerActions'),
(36, 'Сезонность для дрома(автовыкладка)', 23, 'rootActions'),
(37, 'Наличие шипов для дрома(автовыкладка)', 23, 'rootActions'),
(38, 'Маржа для партнеров', 43, 'managerActions'),
(41, 'Партнеры дром логины', 43, 'managerActions'),
(42, 'Расчет цены для партнеров', 43, 'managerActions'),
(46, 'Заголок авито шины', 38, 'managerActions'),
(47, 'Заголовок авито диски', 38, 'managerActions'),
(48, 'Рассчет доставки по городам магазин', 43, 'managerActions'),
(49, 'Количество', 28, 'managerActions');

-- --------------------------------------------------------

--
-- Структура таблицы `data_dictionary_variant`
--

CREATE TABLE IF NOT EXISTS `data_dictionary_variant` (
  `dictionary_id` int(10) unsigned NOT NULL,
  `attribute_1` int(10) unsigned NOT NULL,
  `value` text NOT NULL
) ENGINE=InnoDB DEFAULT CHARSET=utf8;

--
-- Дамп данных таблицы `data_dictionary_variant`
--

INSERT INTO `data_dictionary_variant` (`dictionary_id`, `attribute_1`, `value`) VALUES
(1, 401, 'Томску'),
(1, 402, 'Новосибирску'),
(1, 403, 'Кемерово'),
(1, 404, 'Белово'),
(1, 405, 'Красноярску'),
(5, 396, '1'),
(5, 397, '2'),
(5, 463, '3'),
(5, 465, '4'),
(5, 762, '5'),
(7, 138, 'asd'),
(7, 139, 'asdasd'),
(7, 140, 'dasdasdasd'),
(7, 141, 'sdas'),
(7, 142, 'asda'),
(7, 143, 'ad'),
(7, 146, 'asdasd'),
(7, 149, 'asdasdsa'),
(7, 150, 'asdasd'),
(7, 152, 'asdasdasda'),
(7, 155, 'ddddd'),
(10, 1057, 'Барнаула'),
(10, 1058, 'Белгорода'),
(10, 1059, 'Владивостока'),
(10, 1060, 'Волгограда'),
(10, 1061, 'Воронежа'),
(10, 1062, 'Екатеринбурга'),
(10, 1063, 'Иркутска'),
(10, 1064, 'Казани'),
(10, 1065, 'Кемерово'),
(10, 1066, 'Краснодара'),
(10, 1067, 'Красноярска'),
(10, 1068, 'Курска'),
(10, 1069, 'Москвы'),
(10, 1070, 'Нижнего Новгорода'),
(10, 1071, 'Новосибирска'),
(10, 1072, 'Омска'),
(10, 1073, 'Ростове-на-дону'),
(10, 1074, 'Санкт-Петербурга'),
(10, 1075, 'Ставрополя'),
(10, 1076, 'Сургута'),
(10, 1077, 'Тюмени'),
(10, 1078, 'Улан-Удэ'),
(10, 1079, 'Челябинска'),
(10, 1080, 'Читы'),
(10, 1081, 'Томска'),
(10, 1385, 'Самары'),
(10, 1404, 'Пензы'),
(10, 1405, 'Тольятти'),
(10, 1409, 'Ижевска'),
(10, 1410, 'Кызыла'),
(11, 819, '1'),
(11, 820, '1'),
(11, 821, '1'),
(11, 822, '1'),
(11, 823, '0'),
(11, 824, '0'),
(11, 825, '0'),
(11, 826, '0'),
(11, 827, '0'),
(11, 828, '0'),
(11, 829, '1'),
(11, 830, '1'),
(11, 831, '1'),
(11, 832, '0'),
(11, 833, '0'),
(11, 834, '1'),
(11, 835, '0'),
(11, 836, '0'),
(11, 837, '1'),
(11, 838, '1'),
(11, 839, '1'),
(11, 840, '1'),
(11, 841, '1'),
(11, 842, '0'),
(11, 864, '0'),
(11, 865, '0'),
(11, 866, '0'),
(11, 897, '0'),
(11, 969, '0'),
(11, 1347, '0'),
(11, 1350, '0'),
(12, 399, 'Продам шины с японского аукциона, без пробега по РФ.'),
(12, 400, 'Продам шины б/у.'),
(12, 818, 'Продам новые шины (не использовались).'),
(14, 868, '#'),
(14, 869, 'N'),
(15, 1008, '1'),
(15, 1009, '1'),
(15, 1010, '1'),
(15, 1011, '1'),
(15, 1012, '1'),
(15, 1013, '1'),
(15, 1014, '1'),
(15, 1015, '1'),
(15, 1016, '1'),
(15, 1017, '1'),
(15, 1018, '1'),
(15, 1019, '1'),
(15, 1020, '1'),
(15, 1021, '1'),
(15, 1022, '3'),
(15, 1023, '3'),
(15, 1024, '1'),
(16, 1029, '1'),
(16, 1030, '2'),
(16, 1031, '3'),
(17, 1262, '5'),
(17, 1263, '108.00x4'),
(17, 1264, '4'),
(17, 1265, '100.00x5'),
(17, 1266, '10'),
(17, 1267, '3'),
(17, 1269, '1'),
(17, 1270, '6'),
(17, 1271, '8'),
(17, 1272, '7'),
(17, 1273, '11'),
(17, 1366, '12'),
(17, 1367, '13'),
(17, 1368, '14'),
(17, 1372, '15'),
(17, 1382, '16'),
(17, 1384, '17'),
(17, 1473, '18'),
(17, 1557, '19'),
(18, 399, 'Диски с японского аукциона, без пробега по российским дорогам.  '),
(18, 400, 'Диски б/у. '),
(18, 818, 'Диски новые (на автомобиль не устанавливались).  '),
(19, 1032, '500'),
(19, 1033, '500'),
(19, 1034, '0'),
(19, 1035, '500'),
(19, 1036, '500'),
(19, 1037, '500'),
(19, 1038, '300'),
(19, 1039, '500'),
(19, 1040, '500'),
(19, 1041, '500'),
(19, 1042, '500'),
(19, 1043, '500'),
(19, 1044, '500'),
(19, 1045, '500'),
(19, 1046, '500'),
(19, 1047, '500'),
(19, 1048, '500'),
(19, 1049, '500'),
(19, 1050, '500'),
(19, 1051, '500'),
(19, 1052, '500'),
(19, 1053, '500'),
(19, 1054, '500'),
(19, 1055, '500'),
(19, 1056, '300'),
(19, 1386, '500'),
(19, 1403, '500'),
(19, 1406, '500'),
(19, 1411, '500'),
(19, 1412, '500'),
(19, 1417, '600'),
(20, 868, '3'),
(20, 869, '1'),
(21, 868, '2'),
(21, 869, '1'),
(22, 1057, '95'),
(22, 1058, '109'),
(22, 1059, '1'),
(22, 1060, '199'),
(22, 1061, '168'),
(22, 1062, '277'),
(22, 1063, '340'),
(22, 1064, '354'),
(22, 1065, '438'),
(22, 1066, '429'),
(22, 1067, '451'),
(22, 1068, '495'),
(22, 1069, '3'),
(22, 1070, '98534'),
(22, 1071, '646'),
(22, 1072, '722'),
(22, 1073, '795'),
(22, 1074, '829'),
(22, 1075, '880'),
(22, 1076, '910'),
(22, 1077, '980'),
(22, 1078, '995'),
(22, 1079, '1045'),
(22, 1080, '1046'),
(22, 1081, '940'),
(22, 1385, '827'),
(22, 1404, '741'),
(22, 1405, '934'),
(22, 1409, '341'),
(22, 1410, '505'),
(23, 1234, 'Для местных - осмотр на месте, проверка на ближайшем шиномонтаже за ваш счет, с учетом разумных затрат моего времени. Товар б/у, имеет следы эксплуатации, гарантий, возвратов - НЕТ.  Внимание! 1. На вопрос "На мое авто подойдут?" не отвечаю. Параметры в описании, ищите в интернете. Возврата по причине того что вам не подошли купленные диски - НЕТ. 2. На фото именно эти диски. Фото в полной мере отражает состояние товара (в т.ч. комплектность колпачков, болтов, сосков, и т.д.). Если вас не устраивает качество фото - приходите и смотрите лично или покупайте в своем городе. Дополнительных фотосессий по вашим капризам не устраиваем. Людей, которые думают, что по доп. фото они смогут определить гнутость дисков или вывести на чистую воду недобросовестного продавца - заслуженно считаем наивными. 3. Товар б/у, с 99% вероятностью имеет следы эксплуатации (царапины, сколы, следы коррозии, ржавчины, тормозной пыли, загрязнения, помутнения лкп, необходимость дополнительной балансировки, некомплектность мелких частей и аксессуаров) 4. Оплачивая товар вы подтверждаете ваше согласие с условиями сделки. Продавец обязутеся а) отправить именно то что на фото б) известить покупателя о найденных в процессе визуального осмотра и осмотра на балнсире дефектах. Покупатель берет на себя риски покупки б/у товара и перевозки дисков транспортной компанией. 5. Правила и порядок сделки устанавливаются продавцом и отработаны за 2 года работы. Приходящие со своим уставом покупатели заносятся в черный список без объяснения причин.  Отправляем только по полной предоплате. Гарантия - что вас не кинут - рейтинг http://baza.drom.ru/user/wheels70/feedbacks?role=buyer а так же большое количество продаваемых лотов. После отправки получаете номер или фото накладной. Не несем ответственности за работу тк.'),
(24, 1212, '-'),
(24, 1213, '-'),
(24, 1214, '-'),
(24, 1215, '-'),
(24, 1216, '-'),
(24, 1217, '-'),
(24, 1218, '-'),
(24, 1219, '-'),
(24, 1220, '-'),
(24, 1221, '-'),
(24, 1222, '-'),
(24, 1223, '-'),
(24, 1224, 'Самовывоз ул. Большевистская, ТОЛЬКО по предварительной договоренности.'),
(24, 1225, '-'),
(24, 1226, '-'),
(24, 1227, '-'),
(24, 1228, '-'),
(24, 1229, '-'),
(24, 1230, '-'),
(24, 1231, '-'),
(24, 1232, '-'),
(24, 1233, '-'),
(24, 1234, 'пл. Южная, строго по предварительному звонку'),
(24, 1235, '-'),
(24, 1236, '-'),
(25, 463, '0'),
(25, 465, '1'),
(25, 762, '1'),
(25, 1503, '1'),
(26, 463, '4'),
(26, 465, '2'),
(26, 762, '3'),
(26, 1503, '2'),
(27, 1057, '621630'),
(27, 1058, '623430'),
(27, 1059, '644560'),
(27, 1060, '624840'),
(27, 1061, '625810'),
(27, 1062, '654070'),
(27, 1063, '628970'),
(27, 1064, '650400'),
(27, 1065, '631270'),
(27, 1066, '633540'),
(27, 1067, '635320'),
(27, 1068, '636160'),
(27, 1069, '637640'),
(27, 1070, '640860'),
(27, 1071, '641780'),
(27, 1072, '642320'),
(27, 1073, '652000'),
(27, 1074, '653240'),
(27, 1075, '656350'),
(27, 1076, '660630'),
(27, 1077, '659020'),
(27, 1078, '653271'),
(27, 1079, '661420'),
(27, 1080, '661950'),
(27, 1081, '657600'),
(27, 1385, '653040'),
(27, 1404, '643560'),
(27, 1405, '653140'),
(27, 1409, '659300'),
(27, 1410, '650740'),
(28, 1057, 'wheels22@mail.ru'),
(28, 1058, 'wheels31@mail.ru'),
(28, 1059, 'wheels25@mail.ru'),
(28, 1060, 'wheels34@mail.ru'),
(28, 1061, 'wheels36@mail.ru'),
(28, 1062, 'ekb_1981@mail.ru'),
(28, 1063, 'wheels38@mail.ru'),
(28, 1064, 'wheels_16@mail.ru'),
(28, 1065, 'kemerovoman@inbox.ru'),
(28, 1066, 'wheels23@mail.ru'),
(28, 1067, 'kraswheels@mail.ru'),
(28, 1068, 'wheels46@mail.ru'),
(28, 1069, 'wheels177@mail.ru'),
(28, 1070, 'wheels_52@mail.ru'),
(28, 1071, 'wheels54@mail.ru'),
(28, 1072, 'wheels_55@mail.ru'),
(28, 1073, 'shina.rostov@mail.ru'),
(28, 1074, 'wheelspiter@mail.ru'),
(28, 1075, 'wheels26@mail.ru'),
(28, 1076, 'wheels_86@mail.ru'),
(28, 1077, 'wheels72@mail.ru'),
(28, 1078, 'wheels3@mail.ru'),
(28, 1079, 'wheels174@mail.ru'),
(28, 1080, 'wheels_75@mail.ru'),
(28, 1081, 'kolesotomskru@mail.ru'),
(28, 1385, 'wheels63@mail.ru'),
(28, 1404, 'wheels_58@mail.ru'),
(28, 1405, 'wheels_63@mail.ru'),
(28, 1409, 'wheels18@mail.ru'),
(28, 1410, 'wheels17@mail.ru'),
(29, 1057, 'diek5Fl7E'),
(29, 1058, 'sfE43Fwj8kd'),
(29, 1059, 'Mkdr56gf'),
(29, 1060, 'fdOGF53DFsdfsd'),
(29, 1061, 'fopGSol4fla93'),
(29, 1062, 'lennon55'),
(29, 1063, 'sRAfow45go'),
(29, 1064, 'sovnRG3HdrR3a'),
(29, 1065, 'specopa45'),
(29, 1066, 'fGtps532Gssd'),
(29, 1067, 'shoogawooga33'),
(29, 1068, 'soeLe5v9sV'),
(29, 1069, 'foeP64Vdf'),
(29, 1070, 'dkTr7G4KJdr'),
(29, 1071, 'rthfcbyxbrf21'),
(29, 1072, 'dfiO7H3d5'),
(29, 1073, 'loops2right3'),
(29, 1074, 'rthfcbyxbrf21'),
(29, 1075, 'sifoElfds643'),
(29, 1076, 'ope453sdf6Egs'),
(29, 1077, 'dpkrRE5v9dr'),
(29, 1078, 'spjrHS69dFS'),
(29, 1079, 'oPfl5RFds'),
(29, 1080, 'sovburWERf45fs'),
(29, 1081, 'czfGHER44'),
(29, 1385, 'sier31WQ'),
(29, 1404, 'leaveThe5'),
(29, 1405, 'deRban34'),
(29, 1409, 'sepf456geERw'),
(29, 1410, 'stop2Epo7'),
(30, 868, '0'),
(30, 869, '1'),
(31, 814, 'Диск'),
(31, 815, 'Диски 2шт.'),
(31, 816, 'Диски 3шт.'),
(31, 817, 'Диски'),
(32, 868, '1'),
(32, 869, '0'),
(33, 1032, '1'),
(33, 1033, '1'),
(33, 1034, '1'),
(33, 1035, '1'),
(33, 1036, '1'),
(33, 1037, '1'),
(33, 1038, '1'),
(33, 1039, '1'),
(33, 1040, '1'),
(33, 1041, '1'),
(33, 1042, '1'),
(33, 1043, '1'),
(33, 1044, '1'),
(33, 1045, '1'),
(33, 1046, '0'),
(33, 1047, '1'),
(33, 1048, '1'),
(33, 1049, '1'),
(33, 1050, '1'),
(33, 1051, '1'),
(33, 1052, '1'),
(33, 1053, '1'),
(33, 1054, '1'),
(33, 1055, '1'),
(33, 1056, '0'),
(33, 1386, '1'),
(33, 1403, '1'),
(33, 1406, '1'),
(33, 1411, '1'),
(33, 1412, '1'),
(33, 1417, '1'),
(34, 1057, '0'),
(34, 1058, '0'),
(34, 1059, '1'),
(34, 1060, '0'),
(34, 1061, '0'),
(34, 1062, '1'),
(34, 1063, '0'),
(34, 1064, '0'),
(34, 1065, '0'),
(34, 1066, '0'),
(34, 1067, '1'),
(34, 1068, '0'),
(34, 1069, '0'),
(34, 1070, '0'),
(34, 1071, '1'),
(34, 1072, '0'),
(34, 1073, '0'),
(34, 1074, '0'),
(34, 1075, '0'),
(34, 1076, '0'),
(34, 1077, '0'),
(34, 1078, '0'),
(34, 1079, '0'),
(34, 1080, '0'),
(34, 1081, '1'),
(34, 1385, '0'),
(34, 1404, '0'),
(34, 1405, '0'),
(34, 1409, '0'),
(34, 1410, '0'),
(35, 399, 'Без пробега по Российским дорогам.'),
(35, 400, 'Товар Б/у.'),
(35, 818, 'Товар новый.'),
(36, 463, 'summer'),
(36, 465, 'winter'),
(36, 762, 'winter'),
(36, 1503, 'winter'),
(37, 465, '1'),
(37, 762, '2'),
(38, 1418, '0'),
(38, 1419, '0'),
(41, 1418, 'wheels70'),
(41, 1419, 'Shikon'),
(41, 1603, 'egorVAG'),
(41, 1604, 'Nick910'),
(41, 1605, 'Harlequin'),
(41, 1606, 'gocha070779'),
(41, 1607, 'AngarskPartsGSK'),
(41, 1608, 'alexdrive54'),
(41, 1855, 'aleksvlg'),
(41, 1857, 'Реализация томск'),
(41, 1860, 'Реализация нитро'),
(42, 1603, '`[ ATTR=20 ] [ LIST=19 ] [ INTER=125 ]`'),
(43, 1034, '12 - 15 дней'),
(43, 1040, '4 - 5 дней'),
(43, 1046, '3 - 4 дня'),
(43, 1056, '4 - 5 дней'),
(43, 1417, '6 - 8 дней'),
(44, 1034, '10-13 дней'),
(44, 1035, '14-17 дней'),
(44, 1037, '4-5 дней'),
(44, 1038, '7-9 дней'),
(44, 1046, '1-2 дня'),
(44, 1056, '2-3 дня'),
(45, 1034, '14 - 17 дней'),
(45, 1037, '3 - 4 дня'),
(45, 1040, '6 - 8 дней'),
(45, 1046, '4 - 6 дней'),
(45, 1056, '5 - 7 дней'),
(47, 1058, '[+TABLE=6+]'),
(47, 1059, 'Sadad"asdasda"'),
(47, 1062, 'Диски `(strlen(l;as'),
(47, 1065, '[+LIST=31+] `(strlen('),
(47, 1385, 'Б/п из Японии [+ATTR=6+] `([+ATTR=9+])?('),
(49, 814, 'Шина;Шинуля;Шинулечка'),
(49, 815, 'Шины;Шинули;Шинулечки'),
(49, 816, 'Шины;Шинули;Шинулечки'),
(49, 817, 'Шины;Шинули;Шинулечки'),
(49, 1783, 'Шины;Шинули;Шинулечки');

-- --------------------------------------------------------

--
-- Структура таблицы `data_table`
--

CREATE TABLE IF NOT EXISTS `data_table` (
`id` int(10) unsigned NOT NULL,
  `name` varchar(255) NOT NULL,
  `attribute_id_1` int(10) unsigned NOT NULL,
  `attribute_id_2` int(10) unsigned NOT NULL,
  `rule_code` varchar(255) NOT NULL
) ENGINE=InnoDB AUTO_INCREMENT=22 DEFAULT CHARSET=utf8;

--
-- Дамп данных таблицы `data_table`
--

INSERT INTO `data_table` (`id`, `name`, `attribute_id_1`, `attribute_id_2`, `rule_code`) VALUES
(6, 'Склонение сезонность и количество для заголовка', 23, 28, 'managerActions'),
(8, 'Тарифы ПЭК', 38, 27, 'managerActions'),
(11, 'Города типы логины соответствие', 38, 37, 'managerActions'),
(13, 'Стоимость доставки до ТК Диски Дром', 38, 27, 'managerActions'),
(14, 'Стоимость доставки по городу Диски Дром', 38, 27, 'managerActions'),
(15, 'Стоимость доставки до ТК Шины Дром', 38, 27, 'managerActions'),
(16, 'Стоимость доставки по городу Диски Шины', 38, 27, 'managerActions'),
(17, 'Для дрома гарантии и доставки логины по городам', 38, 37, 'managerActions'),
(18, 'Склонение состояния товара', 26, 28, 'managerActions'),
(19, 'Склонение шины сезонность, продам шины', 23, 28, 'managerActions'),
(20, 'wheels70 drom post logic', 27, 38, 'managerActions'),
(21, 'Сроки доставки', 27, 38, 'managerActions');

-- --------------------------------------------------------

--
-- Структура таблицы `data_table_variant`
--

CREATE TABLE IF NOT EXISTS `data_table_variant` (
  `table_id` int(11) NOT NULL,
  `attribute_1` int(11) NOT NULL,
  `attribute_2` int(11) NOT NULL,
  `value` text NOT NULL
) ENGINE=InnoDB DEFAULT CHARSET=utf8;

--
-- Дамп данных таблицы `data_table_variant`
--

INSERT INTO `data_table_variant` (`table_id`, `attribute_1`, `attribute_2`, `value`) VALUES
(1, 401, 396, 'asdasd'),
(1, 401, 463, 'Летние в Томске'),
(1, 401, 465, 'asd'),
(1, 402, 397, 'dasdasd'),
(1, 402, 463, 'Летние в Новосибирске'),
(1, 403, 396, 'das'),
(1, 403, 397, 'asdas'),
(1, 403, 463, 'Летние в Кемерово'),
(1, 403, 465, 'sd'),
(1, 404, 397, 'asd'),
(1, 404, 463, 'Летние в Белово'),
(1, 404, 762, 'asdas'),
(1, 405, 397, 'adasd'),
(1, 405, 463, 'Летние в Красноярске'),
(1, 405, 465, 'dasd'),
(5, 138, 139, 'asdasdasd'),
(5, 139, 139, 'a'),
(5, 139, 143, 'a'),
(5, 142, 155, 'sdasdasd'),
(5, 143, 155, 'asd'),
(5, 147, 143, 'a'),
(5, 153, 154, 'asd'),
(6, 463, 814, 'Летняя Шина'),
(6, 463, 815, 'Летняя Пара'),
(6, 463, 816, 'Летние Шины 3шт.'),
(6, 463, 817, 'Летние Шины'),
(6, 465, 814, 'Зимняя Шина'),
(6, 465, 815, 'Зимняя Пара'),
(6, 465, 816, 'Зимние Шины 3шт.'),
(6, 465, 817, 'Зимние Шины'),
(6, 762, 814, 'Зимняя Шина'),
(6, 762, 815, 'Зимняя Пара'),
(6, 762, 816, 'Зимние Шины 3шт.'),
(6, 762, 817, 'Зимние Шины'),
(7, 1014, 872, '1'),
(7, 1022, 870, '1'),
(7, 1022, 871, '1'),
(7, 1023, 872, '1'),
(7, 1023, 873, '1'),
(7, 1023, 874, '1'),
(7, 1023, 876, '1'),
(7, 1024, 871, '1'),
(8, 1057, 1032, '0'),
(8, 1057, 1033, '14.49'),
(8, 1057, 1034, '14.79'),
(8, 1057, 1035, '14.29'),
(8, 1057, 1036, '14.39'),
(8, 1057, 1037, '9.39'),
(8, 1057, 1038, '7.89'),
(8, 1057, 1039, '14.19'),
(8, 1057, 1040, '6.59'),
(8, 1057, 1041, '15.09'),
(8, 1057, 1042, '7.09'),
(8, 1057, 1043, '14.29'),
(8, 1057, 1044, '13.29'),
(8, 1057, 1045, '13.99'),
(8, 1057, 1046, '3.49'),
(8, 1057, 1047, '6.99'),
(8, 1057, 1048, '15.99'),
(8, 1057, 1049, '15.29'),
(8, 1057, 1050, '15.29'),
(8, 1057, 1051, '9.19'),
(8, 1057, 1052, '7.49'),
(8, 1057, 1053, '8.89'),
(8, 1057, 1054, '9.49'),
(8, 1057, 1055, '10.39'),
(8, 1057, 1056, '7.19'),
(8, 1057, 1386, '13.09'),
(8, 1057, 1403, '14.19'),
(8, 1057, 1406, '15.39'),
(8, 1057, 1411, '11.09'),
(8, 1057, 1412, '22'),
(8, 1057, 1417, '0'),
(8, 1058, 1032, '11.59'),
(8, 1058, 1033, '0'),
(8, 1058, 1034, '17.29'),
(8, 1058, 1035, '7.09'),
(8, 1058, 1036, '4.79'),
(8, 1058, 1037, '7.99'),
(8, 1058, 1038, '12.19'),
(8, 1058, 1039, '6.89'),
(8, 1058, 1040, '10.79'),
(8, 1058, 1041, '7.19'),
(8, 1058, 1042, '10.79'),
(8, 1058, 1043, '3.89'),
(8, 1058, 1044, '5.99'),
(8, 1058, 1045, '6.69'),
(8, 1058, 1046, '8.99'),
(8, 1058, 1047, '8.49'),
(8, 1058, 1048, '7.29'),
(8, 1058, 1049, '7.89'),
(8, 1058, 1050, '7.89'),
(8, 1058, 1051, '8.49'),
(8, 1058, 1052, '7.79'),
(8, 1058, 1053, '13.09'),
(8, 1058, 1054, '8.59'),
(8, 1058, 1055, '14.09'),
(8, 1058, 1056, '10.89'),
(8, 1058, 1386, '6.79'),
(8, 1058, 1403, '6.39'),
(8, 1058, 1406, '6.69'),
(8, 1058, 1411, '7.19'),
(8, 1058, 1412, '22'),
(8, 1058, 1417, '0'),
(8, 1059, 1032, '19.89'),
(8, 1059, 1033, '25.99'),
(8, 1059, 1034, '0'),
(8, 1059, 1035, '26.39'),
(8, 1059, 1036, '25.69'),
(8, 1059, 1037, '21.99'),
(8, 1059, 1038, '13.49'),
(8, 1059, 1039, '24.19'),
(8, 1059, 1040, '19.09'),
(8, 1059, 1041, '26.09'),
(8, 1059, 1042, '20.49'),
(8, 1059, 1043, '25.79'),
(8, 1059, 1044, '26.19'),
(8, 1059, 1045, '25.49'),
(8, 1059, 1046, '17.99'),
(8, 1059, 1047, '17.09'),
(8, 1059, 1048, '25.79'),
(8, 1059, 1049, '26.79'),
(8, 1059, 1050, '27.09'),
(8, 1059, 1051, '19.29'),
(8, 1059, 1052, '21.19'),
(8, 1059, 1053, '13.79'),
(8, 1059, 1054, '22.59'),
(8, 1059, 1055, '13.89'),
(8, 1059, 1056, '16.99'),
(8, 1059, 1386, '23.49'),
(8, 1059, 1403, '25.59'),
(8, 1059, 1406, '24.19'),
(8, 1059, 1411, '23.99'),
(8, 1059, 1412, '22'),
(8, 1059, 1417, '0'),
(8, 1060, 1032, '11.89'),
(8, 1060, 1033, '7.59'),
(8, 1060, 1034, '17.99'),
(8, 1060, 1035, '0'),
(8, 1060, 1036, '6.79'),
(8, 1060, 1037, '9.39'),
(8, 1060, 1038, '11.39'),
(8, 1060, 1039, '8.09'),
(8, 1060, 1040, '10.59'),
(8, 1060, 1041, '5.29'),
(8, 1060, 1042, '9.69'),
(8, 1060, 1043, '7.29'),
(8, 1060, 1044, '6.49'),
(8, 1060, 1045, '6.99'),
(8, 1060, 1046, '8.69'),
(8, 1060, 1047, '7.49'),
(8, 1060, 1048, '4.39'),
(8, 1060, 1049, '8.69'),
(8, 1060, 1050, '5.99'),
(8, 1060, 1051, '10.29'),
(8, 1060, 1052, '8.79'),
(8, 1060, 1053, '12.39'),
(8, 1060, 1054, '8.79'),
(8, 1060, 1055, '13.39'),
(8, 1060, 1056, '11.69'),
(8, 1060, 1386, '5.49'),
(8, 1060, 1403, '6.99'),
(8, 1060, 1406, '6.69'),
(8, 1060, 1411, '8.99'),
(8, 1060, 1412, '22'),
(8, 1060, 1417, '0'),
(8, 1061, 1032, '10.39'),
(8, 1061, 1033, '3.99'),
(8, 1061, 1034, '17.29'),
(8, 1061, 1035, '6.99'),
(8, 1061, 1036, '0'),
(8, 1061, 1037, '7.89'),
(8, 1061, 1038, '12.09'),
(8, 1061, 1039, '6.89'),
(8, 1061, 1040, '11.69'),
(8, 1061, 1041, '6.39'),
(8, 1061, 1042, '10.79'),
(8, 1061, 1043, '3.99'),
(8, 1061, 1044, '5.19'),
(8, 1061, 1045, '5.79'),
(8, 1061, 1046, '9.59'),
(8, 1061, 1047, '9.49'),
(8, 1061, 1048, '5.79'),
(8, 1061, 1049, '6.59'),
(8, 1061, 1050, '7.89'),
(8, 1061, 1051, '10.29'),
(8, 1061, 1052, '7.69'),
(8, 1061, 1053, '13.09'),
(8, 1061, 1054, '8.19'),
(8, 1061, 1055, '14.09'),
(8, 1061, 1056, '11.79'),
(8, 1061, 1386, '7.39'),
(8, 1061, 1403, '6.39'),
(8, 1061, 1406, '6.99'),
(8, 1061, 1411, '7.19'),
(8, 1061, 1412, '22'),
(8, 1061, 1417, '0'),
(8, 1062, 1032, '7.39'),
(8, 1062, 1033, '8.69'),
(8, 1062, 1034, '15.69'),
(8, 1062, 1035, '10.59'),
(8, 1062, 1036, '9.59'),
(8, 1062, 1037, '0'),
(8, 1062, 1038, '8.99'),
(8, 1062, 1039, '6.99'),
(8, 1062, 1040, '6.99'),
(8, 1062, 1041, '10.39'),
(8, 1062, 1042, '7.49'),
(8, 1062, 1043, '10.59'),
(8, 1062, 1044, '8.69'),
(8, 1062, 1045, '8.59'),
(8, 1062, 1046, '5.79'),
(8, 1062, 1047, '4.29'),
(8, 1062, 1048, '9.29'),
(8, 1062, 1049, '10.19'),
(8, 1062, 1050, '9.59'),
(8, 1062, 1051, '5.49'),
(8, 1062, 1052, '4.89'),
(8, 1062, 1053, '9.29'),
(8, 1062, 1054, '3.39'),
(8, 1062, 1055, '10.79'),
(8, 1062, 1056, '7.39'),
(8, 1062, 1386, '6.89'),
(8, 1062, 1403, '9.09'),
(8, 1062, 1406, '7.69'),
(8, 1062, 1411, '5.99'),
(8, 1062, 1412, '22'),
(8, 1062, 1417, '0'),
(8, 1063, 1032, '10.69'),
(8, 1063, 1033, '16.99'),
(8, 1063, 1034, '11.09'),
(8, 1063, 1035, '17.99'),
(8, 1063, 1036, '16.59'),
(8, 1063, 1037, '12.59'),
(8, 1063, 1038, '0'),
(8, 1063, 1039, '17.79'),
(8, 1063, 1040, '9.39'),
(8, 1063, 1041, '22.09'),
(8, 1063, 1042, '6.49'),
(8, 1063, 1043, '16.29'),
(8, 1063, 1044, '15.79'),
(8, 1063, 1045, '17.69'),
(8, 1063, 1046, '7.99'),
(8, 1063, 1047, '10.69'),
(8, 1063, 1048, '16.89'),
(8, 1063, 1049, '17.49'),
(8, 1063, 1050, '17.69'),
(8, 1063, 1051, '12.49'),
(8, 1063, 1052, '12.59'),
(8, 1063, 1053, '4.29'),
(8, 1063, 1054, '14.69'),
(8, 1063, 1055, '5.89'),
(8, 1063, 1056, '9.79'),
(8, 1063, 1386, '16.39'),
(8, 1063, 1403, '17.59'),
(8, 1063, 1406, '17.39'),
(8, 1063, 1411, '15.99'),
(8, 1063, 1412, '22'),
(8, 1063, 1417, '0'),
(8, 1064, 1032, '8.79'),
(8, 1064, 1033, '7.89'),
(8, 1064, 1034, '18.29'),
(8, 1064, 1035, '8.79'),
(8, 1064, 1036, '7.59'),
(8, 1064, 1037, '4.79'),
(8, 1064, 1038, '9.39'),
(8, 1064, 1039, '0'),
(8, 1064, 1040, '8.19'),
(8, 1064, 1041, '8.49'),
(8, 1064, 1042, '8.09'),
(8, 1064, 1043, '8.09'),
(8, 1064, 1044, '6.69'),
(8, 1064, 1045, '5.29'),
(8, 1064, 1046, '9.39'),
(8, 1064, 1047, '8.49'),
(8, 1064, 1048, '8.89'),
(8, 1064, 1049, '8.39'),
(8, 1064, 1050, '8.89'),
(8, 1064, 1051, '6.69'),
(8, 1064, 1052, '5.39'),
(8, 1064, 1053, '10.89'),
(8, 1064, 1054, '6.09'),
(8, 1064, 1055, '11.89'),
(8, 1064, 1056, '8.19'),
(8, 1064, 1386, '4.39'),
(8, 1064, 1403, '7.39'),
(8, 1064, 1406, '8.39'),
(8, 1064, 1411, '4.29'),
(8, 1064, 1412, '22'),
(8, 1064, 1417, '0'),
(8, 1065, 1032, '7.49'),
(8, 1065, 1033, '13.89'),
(8, 1065, 1034, '15.69'),
(8, 1065, 1035, '14.89'),
(8, 1065, 1036, '15.29'),
(8, 1065, 1037, '10.59'),
(8, 1065, 1038, '7.69'),
(8, 1065, 1039, '13.09'),
(8, 1065, 1040, '0'),
(8, 1065, 1041, '14.69'),
(8, 1065, 1042, '4.69'),
(8, 1065, 1043, '13.59'),
(8, 1065, 1044, '13.09'),
(8, 1065, 1045, '13.99'),
(8, 1065, 1046, '4.7'),
(8, 1065, 1047, '7.09'),
(8, 1065, 1048, '15.19'),
(8, 1065, 1049, '14.79'),
(8, 1065, 1050, '14.99'),
(8, 1065, 1051, '9.29'),
(8, 1065, 1052, '8.39'),
(8, 1065, 1053, '8.79'),
(8, 1065, 1054, '9.99'),
(8, 1065, 1055, '9.59'),
(8, 1065, 1056, '6.89'),
(8, 1065, 1386, '12.99'),
(8, 1065, 1403, '14.99'),
(8, 1065, 1406, '14.09'),
(8, 1065, 1411, '12.49'),
(8, 1065, 1412, '22'),
(8, 1065, 1417, '0'),
(8, 1066, 1032, '12.59'),
(8, 1066, 1033, '8.39'),
(8, 1066, 1034, '19.69'),
(8, 1066, 1035, '5.29'),
(8, 1066, 1036, '6.89'),
(8, 1066, 1037, '9.39'),
(8, 1066, 1038, '12.09'),
(8, 1066, 1039, '8.39'),
(8, 1066, 1040, '10.79'),
(8, 1066, 1041, '0'),
(8, 1066, 1042, '14.59'),
(8, 1066, 1043, '8.09'),
(8, 1066, 1044, '6.99'),
(8, 1066, 1045, '8.39'),
(8, 1066, 1046, '10.29'),
(8, 1066, 1047, '8.29'),
(8, 1066, 1048, '4.39'),
(8, 1066, 1049, '8.79'),
(8, 1066, 1050, '4.89'),
(8, 1066, 1051, '10.59'),
(8, 1066, 1052, '9.49'),
(8, 1066, 1053, '13.09'),
(8, 1066, 1054, '9.19'),
(8, 1066, 1055, '14.09'),
(8, 1066, 1056, '12.19'),
(8, 1066, 1386, '7.79'),
(8, 1066, 1403, '8.29'),
(8, 1066, 1406, '7.99'),
(8, 1066, 1411, '10.19'),
(8, 1066, 1412, '22'),
(8, 1066, 1417, '0'),
(8, 1067, 1032, '7.99'),
(8, 1067, 1033, '16.49'),
(8, 1067, 1034, '12.89'),
(8, 1067, 1035, '17.39'),
(8, 1067, 1036, '14.69'),
(8, 1067, 1037, '10.39'),
(8, 1067, 1038, '5.29'),
(8, 1067, 1039, '15.19'),
(8, 1067, 1040, '5.99'),
(8, 1067, 1041, '15.49'),
(8, 1067, 1042, '0'),
(8, 1067, 1043, '16.59'),
(8, 1067, 1044, '13.79'),
(8, 1067, 1045, '15.49'),
(8, 1067, 1046, '5.09'),
(8, 1067, 1047, '8.59'),
(8, 1067, 1048, '14.99'),
(8, 1067, 1049, '15.69'),
(8, 1067, 1050, '17.99'),
(8, 1067, 1051, '10.69'),
(8, 1067, 1052, '9.29'),
(8, 1067, 1053, '6.69'),
(8, 1067, 1054, '8.79'),
(8, 1067, 1055, '7.69'),
(8, 1067, 1056, '6.59'),
(8, 1067, 1386, '14.59'),
(8, 1067, 1403, '14.79'),
(8, 1067, 1406, '15.09'),
(8, 1067, 1411, '14.29'),
(8, 1067, 1412, '22'),
(8, 1067, 1417, '0'),
(8, 1068, 1032, '11.69'),
(8, 1068, 1033, '3.79'),
(8, 1068, 1034, '17.09'),
(8, 1068, 1035, '6.79'),
(8, 1068, 1036, '4.39'),
(8, 1068, 1037, '7.29'),
(8, 1068, 1038, '11.89'),
(8, 1068, 1039, '6.69'),
(8, 1068, 1040, '10.59'),
(8, 1068, 1041, '6.89'),
(8, 1068, 1042, '10.49'),
(8, 1068, 1043, '0'),
(8, 1068, 1044, '5.69'),
(8, 1068, 1045, '6.09'),
(8, 1068, 1046, '9.29'),
(8, 1068, 1047, '8.19'),
(8, 1068, 1048, '6.69'),
(8, 1068, 1049, '7.29'),
(8, 1068, 1050, '7.69'),
(8, 1068, 1051, '8.29'),
(8, 1068, 1052, '7.49'),
(8, 1068, 1053, '12.89'),
(8, 1068, 1054, '7.79'),
(8, 1068, 1055, '13.89'),
(8, 1068, 1056, '10.69'),
(8, 1068, 1386, '6.49'),
(8, 1068, 1403, '6.49'),
(8, 1068, 1406, '6.49'),
(8, 1068, 1411, '6.89'),
(8, 1068, 1412, '22'),
(8, 1068, 1417, '0'),
(8, 1069, 1032, '9.39'),
(8, 1069, 1033, '5.29'),
(8, 1069, 1034, '18.09'),
(8, 1069, 1035, '5.19'),
(8, 1069, 1036, '4.69'),
(8, 1069, 1037, '5.99'),
(8, 1069, 1038, '10.79'),
(8, 1069, 1039, '4.89'),
(8, 1069, 1040, '12.39'),
(8, 1069, 1041, '5.89'),
(8, 1069, 1042, '10.69'),
(8, 1069, 1043, '4.39'),
(8, 1069, 1044, '0'),
(8, 1069, 1045, '4.69'),
(8, 1069, 1046, '7.89'),
(8, 1069, 1047, '6.59'),
(8, 1069, 1048, '5.39'),
(8, 1069, 1049, '5.69'),
(8, 1069, 1050, '6.29'),
(8, 1069, 1051, '9.39'),
(8, 1069, 1052, '7.69'),
(8, 1069, 1053, '11.99'),
(8, 1069, 1054, '5.89'),
(8, 1069, 1055, '12.79'),
(8, 1069, 1056, '8.59'),
(8, 1069, 1386, '5.39'),
(8, 1069, 1403, '4.69'),
(8, 1069, 1406, '4.89'),
(8, 1069, 1411, '5.99'),
(8, 1069, 1412, '22'),
(8, 1069, 1417, '0'),
(8, 1070, 1032, '9.09'),
(8, 1070, 1033, '7.19'),
(8, 1070, 1034, '17.29'),
(8, 1070, 1035, '6.99'),
(8, 1070, 1036, '6.49'),
(8, 1070, 1037, '5.99'),
(8, 1070, 1038, '10.59'),
(8, 1070, 1039, '3.99'),
(8, 1070, 1040, '8.99'),
(8, 1070, 1041, '7.59'),
(8, 1070, 1042, '8.69'),
(8, 1070, 1043, '6.59'),
(8, 1070, 1044, '4.99'),
(8, 1070, 1045, '0'),
(8, 1070, 1046, '7.99'),
(8, 1070, 1047, '7.49'),
(8, 1070, 1048, '6.89'),
(8, 1070, 1049, '7.59'),
(8, 1070, 1050, '7.89'),
(8, 1070, 1051, '7.39'),
(8, 1070, 1052, '6.49'),
(8, 1070, 1053, '11.19'),
(8, 1070, 1054, '6.19'),
(8, 1070, 1055, '12.19'),
(8, 1070, 1056, '8.89'),
(8, 1070, 1386, '6.19'),
(8, 1070, 1403, '6.39'),
(8, 1070, 1406, '7.19'),
(8, 1070, 1411, '4.39'),
(8, 1070, 1412, '22'),
(8, 1070, 1417, '0'),
(8, 1071, 1032, '5.99'),
(8, 1071, 1033, '13.99'),
(8, 1071, 1034, '13.49'),
(8, 1071, 1035, '15.09'),
(8, 1071, 1036, '14.29'),
(8, 1071, 1037, '6.99'),
(8, 1071, 1038, '7.09'),
(8, 1071, 1039, '11.39'),
(8, 1071, 1040, '4.4'),
(8, 1071, 1041, '15.59'),
(8, 1071, 1042, '5.19'),
(8, 1071, 1043, '13.49'),
(8, 1071, 1044, '12.29'),
(8, 1071, 1045, '12.99'),
(8, 1071, 1046, '0'),
(8, 1071, 1047, '5.09'),
(8, 1071, 1048, '12.69'),
(8, 1071, 1049, '14.89'),
(8, 1071, 1050, '14.59'),
(8, 1071, 1051, '7.79'),
(8, 1071, 1052, '7.29'),
(8, 1071, 1053, '7.69'),
(8, 1071, 1054, '8.09'),
(8, 1071, 1055, '8.79'),
(8, 1071, 1056, '5.29'),
(8, 1071, 1386, '10.59'),
(8, 1071, 1403, '14.89'),
(8, 1071, 1406, '14.09'),
(8, 1071, 1411, '9.59'),
(8, 1071, 1412, '22'),
(8, 1071, 1417, '0'),
(8, 1072, 1032, '7.29'),
(8, 1072, 1033, '12.19'),
(8, 1072, 1034, '14.29'),
(8, 1072, 1035, '12.89'),
(8, 1072, 1036, '10.99'),
(8, 1072, 1037, '4.99'),
(8, 1072, 1038, '8.09'),
(8, 1072, 1039, '10.39'),
(8, 1072, 1040, '5.99'),
(8, 1072, 1041, '12.49'),
(8, 1072, 1042, '6.39'),
(8, 1072, 1043, '11.99'),
(8, 1072, 1044, '10.49'),
(8, 1072, 1045, '11.29'),
(8, 1072, 1046, '3.79'),
(8, 1072, 1047, '0'),
(8, 1072, 1048, '11.49'),
(8, 1072, 1049, '12.49'),
(8, 1072, 1050, '12.79'),
(8, 1072, 1051, '6.49'),
(8, 1072, 1052, '5.09'),
(8, 1072, 1053, '8.59'),
(8, 1072, 1054, '6.09'),
(8, 1072, 1055, '9.59'),
(8, 1072, 1056, '5.99'),
(8, 1072, 1386, '10.29'),
(8, 1072, 1403, '12.59'),
(8, 1072, 1406, '9.99'),
(8, 1072, 1411, '8.79'),
(8, 1072, 1412, '22'),
(8, 1072, 1417, '0'),
(8, 1073, 1032, '11.29'),
(8, 1073, 1033, '7.89'),
(8, 1073, 1034, '18.29'),
(8, 1073, 1035, '4.69'),
(8, 1073, 1036, '5.79'),
(8, 1073, 1037, '7.29'),
(8, 1073, 1038, '11.69'),
(8, 1073, 1039, '7.59'),
(8, 1073, 1040, '9.19'),
(8, 1073, 1041, '4.09'),
(8, 1073, 1042, '11.79'),
(8, 1073, 1043, '8.09'),
(8, 1073, 1044, '6.59'),
(8, 1073, 1045, '7.49'),
(8, 1073, 1046, '9.29'),
(8, 1073, 1047, '8.39'),
(8, 1073, 1048, '0'),
(8, 1073, 1049, '7.59'),
(8, 1073, 1050, '4.19'),
(8, 1073, 1051, '9.29'),
(8, 1073, 1052, '9.29'),
(8, 1073, 1053, '11.79'),
(8, 1073, 1054, '7.49'),
(8, 1073, 1055, '12.89'),
(8, 1073, 1056, '10.99'),
(8, 1073, 1386, '6.09'),
(8, 1073, 1403, '7.59'),
(8, 1073, 1406, '7.19'),
(8, 1073, 1411, '9.49'),
(8, 1073, 1412, '22'),
(8, 1073, 1417, '0'),
(8, 1074, 1032, '10.59'),
(8, 1074, 1033, '5.89'),
(8, 1074, 1034, '18.59'),
(8, 1074, 1035, '6.59'),
(8, 1074, 1036, '6.29'),
(8, 1074, 1037, '5.99'),
(8, 1074, 1038, '12.09'),
(8, 1074, 1039, '7.39'),
(8, 1074, 1040, '11.09'),
(8, 1074, 1041, '7.29'),
(8, 1074, 1042, '12.39'),
(8, 1074, 1043, '6.89'),
(8, 1074, 1044, '5.09'),
(8, 1074, 1045, '6.49'),
(8, 1074, 1046, '7.59'),
(8, 1074, 1047, '8.89'),
(8, 1074, 1048, '6.39'),
(8, 1074, 1049, '0'),
(8, 1074, 1050, '8.19'),
(8, 1074, 1051, '9.09'),
(8, 1074, 1052, '8.89'),
(8, 1074, 1053, '13.19'),
(8, 1074, 1054, '6.29'),
(8, 1074, 1055, '14.59'),
(8, 1074, 1056, '10.49'),
(8, 1074, 1386, '5.99'),
(8, 1074, 1403, '6.99'),
(8, 1074, 1406, '7.39'),
(8, 1074, 1411, '6.39'),
(8, 1074, 1412, '22'),
(8, 1074, 1417, '0'),
(8, 1075, 1032, '11.59'),
(8, 1075, 1033, '8.99'),
(8, 1075, 1034, '18.89'),
(8, 1075, 1035, '6.19'),
(8, 1075, 1036, '8.19'),
(8, 1075, 1037, '9.49'),
(8, 1075, 1038, '12.89'),
(8, 1075, 1039, '8.59'),
(8, 1075, 1040, '10.89'),
(8, 1075, 1041, '4.89'),
(8, 1075, 1042, '11.69'),
(8, 1075, 1043, '8.19'),
(8, 1075, 1044, '7.09'),
(8, 1075, 1045, '7.59'),
(8, 1075, 1046, '10.69'),
(8, 1075, 1047, '8.79'),
(8, 1075, 1048, '4.89'),
(8, 1075, 1049, '8.69'),
(8, 1075, 1050, '0'),
(8, 1075, 1051, '10.59'),
(8, 1075, 1052, '9.29'),
(8, 1075, 1053, '12.99'),
(8, 1075, 1054, '9.09'),
(8, 1075, 1055, '13.99'),
(8, 1075, 1056, '11.39'),
(8, 1075, 1386, '7.49'),
(8, 1075, 1403, '7.99'),
(8, 1075, 1406, '8.29'),
(8, 1075, 1411, '10.09'),
(8, 1075, 1412, '22'),
(8, 1075, 1417, '0'),
(8, 1076, 1032, '11.49'),
(8, 1076, 1033, '14.59'),
(8, 1076, 1034, '18.09'),
(8, 1076, 1035, '15.49'),
(8, 1076, 1036, '14.19'),
(8, 1076, 1037, '7.79'),
(8, 1076, 1038, '12.29'),
(8, 1076, 1039, '12.19'),
(8, 1076, 1040, '9.09'),
(8, 1076, 1041, '14.19'),
(8, 1076, 1042, '10.69'),
(8, 1076, 1043, '14.39'),
(8, 1076, 1044, '13.69'),
(8, 1076, 1045, '13.79'),
(8, 1076, 1046, '8.59'),
(8, 1076, 1047, '7.59'),
(8, 1076, 1048, '15.49'),
(8, 1076, 1049, '15.59'),
(8, 1076, 1050, '14.49'),
(8, 1076, 1051, '0'),
(8, 1076, 1052, '6.49'),
(8, 1076, 1053, '12.19'),
(8, 1076, 1054, '7.59'),
(8, 1076, 1055, '13.29'),
(8, 1076, 1056, '10.79'),
(8, 1076, 1386, '12.39'),
(8, 1076, 1403, '14.19'),
(8, 1076, 1406, '14.59'),
(8, 1076, 1411, '10.79'),
(8, 1076, 1412, '22'),
(8, 1076, 1417, '0'),
(8, 1077, 1032, '7.99'),
(8, 1077, 1033, '11.19'),
(8, 1077, 1034, '15.49'),
(8, 1077, 1035, '11.29'),
(8, 1077, 1036, '9.89'),
(8, 1077, 1037, '4.49'),
(8, 1077, 1038, '8.09'),
(8, 1077, 1039, '8.79'),
(8, 1077, 1040, '6.59'),
(8, 1077, 1041, '11.19'),
(8, 1077, 1042, '7.29'),
(8, 1077, 1043, '10.89'),
(8, 1077, 1044, '9.49'),
(8, 1077, 1045, '9.99'),
(8, 1077, 1046, '5.69'),
(8, 1077, 1047, '4.29'),
(8, 1077, 1048, '10.29'),
(8, 1077, 1049, '12.19'),
(8, 1077, 1050, '11.49'),
(8, 1077, 1051, '4.19'),
(8, 1077, 1052, '0'),
(8, 1077, 1053, '9.09'),
(8, 1077, 1054, '4.69'),
(8, 1077, 1055, '10.49'),
(8, 1077, 1056, '6.99'),
(8, 1077, 1386, '8.69'),
(8, 1077, 1403, '11.49'),
(8, 1077, 1406, '10.39'),
(8, 1077, 1411, '7.19'),
(8, 1077, 1412, '22'),
(8, 1077, 1417, '0'),
(8, 1078, 1032, '12.39'),
(8, 1078, 1033, '19.19'),
(8, 1078, 1034, '13.59'),
(8, 1078, 1035, '19.19'),
(8, 1078, 1036, '18.89'),
(8, 1078, 1037, '14.29'),
(8, 1078, 1038, '5.09'),
(8, 1078, 1039, '17.79'),
(8, 1078, 1040, '11.49'),
(8, 1078, 1041, '19.99'),
(8, 1078, 1042, '8.19'),
(8, 1078, 1043, '18.89'),
(8, 1078, 1044, '16.99'),
(8, 1078, 1045, '19.19'),
(8, 1078, 1046, '9.79'),
(8, 1078, 1047, '11.89'),
(8, 1078, 1048, '18.59'),
(8, 1078, 1049, '20.49'),
(8, 1078, 1050, '19.19'),
(8, 1078, 1051, '14.09'),
(8, 1078, 1052, '13.29'),
(8, 1078, 1053, '0'),
(8, 1078, 1054, '15.09'),
(8, 1078, 1055, '4.79'),
(8, 1078, 1056, '11.89'),
(8, 1078, 1386, '17.29'),
(8, 1078, 1403, '18.89'),
(8, 1078, 1406, '18.99'),
(8, 1078, 1411, '16.79'),
(8, 1078, 1412, '22'),
(8, 1078, 1417, '0'),
(8, 1079, 1032, '8.29'),
(8, 1079, 1033, '11.09'),
(8, 1079, 1034, '16.79'),
(8, 1079, 1035, '9.29'),
(8, 1079, 1036, '9.99'),
(8, 1079, 1037, '3.79'),
(8, 1079, 1038, '9.09'),
(8, 1079, 1039, '8.49'),
(8, 1079, 1040, '8.09'),
(8, 1079, 1041, '8.89'),
(8, 1079, 1042, '8.29'),
(8, 1079, 1043, '9.59'),
(8, 1079, 1044, '8.49'),
(8, 1079, 1045, '8.99'),
(8, 1079, 1046, '6.99'),
(8, 1079, 1047, '5.79'),
(8, 1079, 1048, '8.29'),
(8, 1079, 1049, '10.69'),
(8, 1079, 1050, '10.39'),
(8, 1079, 1051, '6.09'),
(8, 1079, 1052, '4.89'),
(8, 1079, 1053, '10.49'),
(8, 1079, 1054, '0'),
(8, 1079, 1055, '11.49'),
(8, 1079, 1056, '7.69'),
(8, 1079, 1386, '6.59'),
(8, 1079, 1403, '9.89'),
(8, 1079, 1406, '7.49'),
(8, 1079, 1411, '7.69'),
(8, 1079, 1412, '22'),
(8, 1079, 1417, '0'),
(8, 1080, 1032, '14.39'),
(8, 1080, 1033, '21.19'),
(8, 1080, 1034, '11.49'),
(8, 1080, 1035, '21.29'),
(8, 1080, 1036, '20.89'),
(8, 1080, 1037, '16.79'),
(8, 1080, 1038, '7.59'),
(8, 1080, 1039, '19.79'),
(8, 1080, 1040, '13.59'),
(8, 1080, 1041, '21.99'),
(8, 1080, 1042, '10.59'),
(8, 1080, 1043, '20.99'),
(8, 1080, 1044, '18.99'),
(8, 1080, 1045, '21.19'),
(8, 1080, 1046, '12.19'),
(8, 1080, 1047, '13.99'),
(8, 1080, 1048, '20.59'),
(8, 1080, 1049, '22.09'),
(8, 1080, 1050, '21.19'),
(8, 1080, 1051, '16.59'),
(8, 1080, 1052, '15.29'),
(8, 1080, 1053, '6.29'),
(8, 1080, 1054, '17.59'),
(8, 1080, 1055, '0'),
(8, 1080, 1056, '13.89'),
(8, 1080, 1386, '19.39'),
(8, 1080, 1403, '20.89'),
(8, 1080, 1406, '21.09'),
(8, 1080, 1411, '18.79'),
(8, 1080, 1412, '22'),
(8, 1080, 1417, '0'),
(8, 1081, 1032, '7.49'),
(8, 1081, 1033, '14.59'),
(8, 1081, 1034, '14.39'),
(8, 1081, 1035, '14.19'),
(8, 1081, 1036, '14.29'),
(8, 1081, 1037, '9.69'),
(8, 1081, 1038, '7.69'),
(8, 1081, 1039, '13.79'),
(8, 1081, 1040, '6.39'),
(8, 1081, 1041, '14.89'),
(8, 1081, 1042, '6.49'),
(8, 1081, 1043, '14.29'),
(8, 1081, 1044, '13.39'),
(8, 1081, 1045, '15.19'),
(8, 1081, 1046, '4.39'),
(8, 1081, 1047, '6.89'),
(8, 1081, 1048, '15.69'),
(8, 1081, 1049, '15.09'),
(8, 1081, 1050, '15.19'),
(8, 1081, 1051, '8.79'),
(8, 1081, 1052, '8.39'),
(8, 1081, 1053, '8.69'),
(8, 1081, 1054, '8.99'),
(8, 1081, 1055, '9.69'),
(8, 1081, 1056, '0'),
(8, 1081, 1386, '22.98'),
(8, 1081, 1403, '30.98'),
(8, 1081, 1406, '25.78'),
(8, 1081, 1411, '25.78'),
(8, 1081, 1412, '22'),
(8, 1081, 1417, '10'),
(8, 1385, 1032, '8.89'),
(8, 1385, 1033, '8.09'),
(8, 1385, 1034, '17.29'),
(8, 1385, 1035, '5.69'),
(8, 1385, 1036, '7.89'),
(8, 1385, 1037, '5.79'),
(8, 1385, 1038, '9.29'),
(8, 1385, 1039, '4.89'),
(8, 1385, 1040, '8.49'),
(8, 1385, 1041, '7.59'),
(8, 1385, 1042, '7.99'),
(8, 1385, 1043, '7.89'),
(8, 1385, 1044, '7.09'),
(8, 1385, 1045, '6.99'),
(8, 1385, 1046, '8.49'),
(8, 1385, 1047, '6.69'),
(8, 1385, 1048, '6.69'),
(8, 1385, 1049, '9.49'),
(8, 1385, 1050, '7.39'),
(8, 1385, 1051, '7.99'),
(8, 1385, 1052, '7.19'),
(8, 1385, 1053, '10.69'),
(8, 1385, 1054, '6.89'),
(8, 1385, 1055, '11.69'),
(8, 1385, 1056, '16.18'),
(8, 1385, 1386, '0'),
(8, 1385, 1403, '9.78'),
(8, 1385, 1406, '7.78'),
(8, 1385, 1411, '13.58'),
(8, 1385, 1412, '22'),
(8, 1385, 1417, '0'),
(8, 1404, 1032, '11.09'),
(8, 1404, 1033, '7.19'),
(8, 1404, 1034, '17.69'),
(8, 1404, 1035, '5.29'),
(8, 1404, 1036, '7.29'),
(8, 1404, 1037, '8.39'),
(8, 1404, 1038, '11.99'),
(8, 1404, 1039, '6.89'),
(8, 1404, 1040, '10.39'),
(8, 1404, 1041, '7.49'),
(8, 1404, 1042, '10.49'),
(8, 1404, 1043, '6.99'),
(8, 1404, 1044, '5.59'),
(8, 1404, 1045, '6.19'),
(8, 1404, 1046, '8.79'),
(8, 1404, 1047, '8.79'),
(8, 1404, 1048, '6.49'),
(8, 1404, 1049, '7.99'),
(8, 1404, 1050, '7.69'),
(8, 1404, 1051, '8.89'),
(8, 1404, 1052, '8.09'),
(8, 1404, 1053, '13.49'),
(8, 1404, 1054, '8.59'),
(8, 1404, 1055, '14.49'),
(8, 1404, 1056, '22.98'),
(8, 1404, 1386, '10.78'),
(8, 1404, 1403, '0'),
(8, 1404, 1406, '9.38'),
(8, 1404, 1411, '15.78'),
(8, 1404, 1412, '22'),
(8, 1404, 1417, '0'),
(8, 1405, 1032, '9.29'),
(8, 1405, 1033, '7.99'),
(8, 1405, 1034, '17.49'),
(8, 1405, 1035, '6.29'),
(8, 1405, 1036, '7.79'),
(8, 1405, 1037, '7.99'),
(8, 1405, 1038, '9.69'),
(8, 1405, 1039, '8.39'),
(8, 1405, 1040, '8.89'),
(8, 1405, 1041, '7.59'),
(8, 1405, 1042, '8.39'),
(8, 1405, 1043, '7.79'),
(8, 1405, 1044, '6.29'),
(8, 1405, 1045, '7.19'),
(8, 1405, 1046, '7.19'),
(8, 1405, 1047, '6.29'),
(8, 1405, 1048, '7.09'),
(8, 1405, 1049, '8.59'),
(8, 1405, 1050, '7.89'),
(8, 1405, 1051, '8.59'),
(8, 1405, 1052, '7.59'),
(8, 1405, 1053, '11.09'),
(8, 1405, 1054, '6.49'),
(8, 1405, 1055, '12.09'),
(8, 1405, 1056, '19.58'),
(8, 1405, 1386, '7.38'),
(8, 1405, 1403, '13.58'),
(8, 1405, 1406, '0'),
(8, 1405, 1411, '14.98'),
(8, 1405, 1412, '22'),
(8, 1405, 1417, '0'),
(8, 1409, 1032, '8.09'),
(8, 1409, 1033, '9.09'),
(8, 1409, 1034, '17.09'),
(8, 1409, 1035, '8.39'),
(8, 1409, 1036, '8.39'),
(8, 1409, 1037, '3.89'),
(8, 1409, 1038, '8.79'),
(8, 1409, 1039, '5.19'),
(8, 1409, 1040, '7.39'),
(8, 1409, 1041, '10.29'),
(8, 1409, 1042, '13.19'),
(8, 1409, 1043, '8.19'),
(8, 1409, 1044, '7.29'),
(8, 1409, 1045, '6.19'),
(8, 1409, 1046, '6.19'),
(8, 1409, 1047, '6.29'),
(8, 1409, 1048, '9.19'),
(8, 1409, 1049, '8.59'),
(8, 1409, 1050, '10.39'),
(8, 1409, 1051, '6.39'),
(8, 1409, 1052, '5.09'),
(8, 1409, 1053, '9.69'),
(8, 1409, 1054, '5.99'),
(8, 1409, 1055, '11.19'),
(8, 1409, 1056, '17.38'),
(8, 1409, 1386, '12.78'),
(8, 1409, 1403, '15.98'),
(8, 1409, 1406, '16.58'),
(8, 1409, 1411, '0'),
(8, 1409, 1412, '22'),
(8, 1409, 1417, '0'),
(8, 1410, 1032, '22'),
(8, 1410, 1033, '22'),
(8, 1410, 1034, '22'),
(8, 1410, 1035, '22'),
(8, 1410, 1036, '22'),
(8, 1410, 1037, '22'),
(8, 1410, 1038, '22'),
(8, 1410, 1039, '22'),
(8, 1410, 1040, '22'),
(8, 1410, 1041, '22'),
(8, 1410, 1042, '22'),
(8, 1410, 1043, '22'),
(8, 1410, 1044, '22'),
(8, 1410, 1045, '22'),
(8, 1410, 1046, '22'),
(8, 1410, 1047, '22'),
(8, 1410, 1048, '22'),
(8, 1410, 1049, '22'),
(8, 1410, 1050, '22'),
(8, 1410, 1051, '22'),
(8, 1410, 1052, '22'),
(8, 1410, 1053, '22'),
(8, 1410, 1054, '22'),
(8, 1410, 1055, '22'),
(8, 1410, 1056, '22'),
(8, 1410, 1386, '22'),
(8, 1410, 1403, '22'),
(8, 1410, 1406, '22'),
(8, 1410, 1411, '22'),
(8, 1410, 1412, '0'),
(8, 1410, 1417, '0'),
(10, 1081, 1056, 'Читайте полностью описание и условия продажи. Находятся в г. [ ATTR=27 ]. [ LIST=18 ] Отправка до склада ТК в город размещения объявления за мой счет.  [ ATTR ] Подойдут или нет на ваше авто незнаю. Обмен не интересен. Торг только кнопкой "связаться" - "предложить цену".  Продаются без шин, шины выложены отдельно в нашей базе. Товар б/у. '),
(11, 1057, 868, 'aotomskru'),
(11, 1057, 869, 'wheels22'),
(11, 1058, 868, 'aotomskru'),
(11, 1058, 869, 'wheels31'),
(11, 1059, 868, 'aotomskru'),
(11, 1059, 869, '3659593'),
(11, 1060, 868, 'aotomskru'),
(11, 1060, 869, 'wheels34'),
(11, 1061, 868, 'aotomskru'),
(11, 1061, 869, 'wheels36'),
(11, 1062, 868, 'aotomskru'),
(11, 1062, 869, 'egorVAG'),
(11, 1063, 868, 'aotomskru'),
(11, 1063, 869, 'wheels38'),
(11, 1064, 868, 'aotomskru'),
(11, 1064, 869, 'wheels16'),
(11, 1065, 868, 'wheels70'),
(11, 1065, 869, 'wheel42'),
(11, 1066, 868, 'aotomskru'),
(11, 1066, 869, 'wheels23'),
(11, 1067, 868, 'aotomskru'),
(11, 1067, 869, 'godzilla24'),
(11, 1068, 868, 'aotomskru'),
(11, 1068, 869, 'wheels46'),
(11, 1069, 868, 'aotomskru'),
(11, 1069, 869, 'wheels77'),
(11, 1070, 868, 'aotomskru'),
(11, 1070, 869, 'wheels52'),
(11, 1071, 868, '`([+ATTR=43+]>0)?(""):("wheels70")`'),
(11, 1071, 869, '3525927'),
(11, 1072, 868, 'aotomskru'),
(11, 1072, 869, '3662536'),
(11, 1073, 868, 'aotomskru'),
(11, 1073, 869, 'wheels61'),
(11, 1074, 868, 'aotomskru'),
(11, 1074, 869, 'wheels79'),
(11, 1075, 868, 'aotomskru'),
(11, 1075, 869, 'wheels26'),
(11, 1076, 868, 'aotomskru'),
(11, 1076, 869, 'wheesl86'),
(11, 1077, 868, 'aotomskru'),
(11, 1077, 869, 'wheel72'),
(11, 1078, 868, 'aotomskru'),
(11, 1078, 869, 'wheels3'),
(11, 1079, 868, 'aotomskru'),
(11, 1079, 869, 'wheels174'),
(11, 1080, 868, 'aotomskru'),
(11, 1080, 869, 'wheels75'),
(11, 1081, 868, 'wheels70'),
(11, 1081, 869, 'kolesotomskru'),
(11, 1385, 868, 'aotomskru'),
(11, 1385, 869, 'wheels63'),
(11, 1404, 868, 'aotomskru'),
(11, 1404, 869, 'wheels58'),
(11, 1405, 868, 'aotomskru'),
(11, 1405, 869, 'wheel63'),
(11, 1409, 868, 'aotomskru'),
(11, 1409, 869, 'wheels18'),
(11, 1410, 868, 'aotomskru'),
(11, 1410, 869, 'wheels17'),
(13, 1059, 1034, '300'),
(13, 1059, 1046, '300'),
(13, 1059, 1056, '300'),
(13, 1067, 1032, '300'),
(13, 1067, 1034, '300'),
(13, 1067, 1046, '300'),
(13, 1071, 1034, '500'),
(13, 1071, 1046, '500'),
(13, 1071, 1056, '500'),
(13, 1081, 1034, '400'),
(13, 1081, 1046, '400'),
(13, 1081, 1056, '400'),
(14, 1059, 1034, '300'),
(14, 1059, 1046, '300'),
(14, 1059, 1056, '300'),
(14, 1071, 1034, '500'),
(14, 1071, 1046, '500'),
(14, 1071, 1056, '500'),
(14, 1081, 1034, '300'),
(14, 1081, 1046, '300'),
(14, 1081, 1056, '300'),
(15, 1059, 1034, '300'),
(15, 1059, 1046, '300'),
(15, 1059, 1056, '300'),
(15, 1062, 1034, '300'),
(15, 1062, 1046, '300'),
(15, 1071, 1034, '500'),
(15, 1071, 1046, '500'),
(15, 1071, 1056, '500'),
(15, 1081, 1034, '300'),
(15, 1081, 1046, '300'),
(15, 1081, 1056, '300'),
(16, 1059, 1034, '300'),
(16, 1059, 1046, '300'),
(16, 1059, 1056, '300'),
(16, 1071, 1034, '500'),
(16, 1071, 1046, '500'),
(16, 1071, 1056, '500'),
(16, 1081, 1034, '300'),
(16, 1081, 1046, '300'),
(16, 1081, 1056, '300'),
(17, 1057, 868, 'reg'),
(17, 1057, 869, 'reg'),
(17, 1058, 868, 'reg'),
(17, 1058, 869, 'reg'),
(17, 1059, 868, '0'),
(17, 1059, 869, '3659593'),
(17, 1060, 868, 'reg'),
(17, 1060, 869, 'reg'),
(17, 1061, 868, 'reg'),
(17, 1061, 869, 'reg'),
(17, 1062, 868, 'reg'),
(17, 1062, 869, 'egorVAG'),
(17, 1063, 868, 'reg'),
(17, 1063, 869, 'reg'),
(17, 1064, 868, 'reg'),
(17, 1064, 869, 'reg'),
(17, 1065, 868, 'reg'),
(17, 1065, 869, 'reg'),
(17, 1066, 868, 'reg'),
(17, 1066, 869, 'reg'),
(17, 1067, 868, 'reg'),
(17, 1067, 869, 'reg'),
(17, 1068, 868, 'reg'),
(17, 1068, 869, 'reg'),
(17, 1069, 868, 'reg'),
(17, 1069, 869, 'reg'),
(17, 1070, 868, 'reg'),
(17, 1070, 869, 'reg'),
(17, 1071, 868, 'wheels70'),
(17, 1071, 869, '3525927'),
(17, 1072, 868, 'reg'),
(17, 1072, 869, 'reg'),
(17, 1073, 868, 'reg'),
(17, 1073, 869, 'reg'),
(17, 1074, 868, 'reg'),
(17, 1074, 869, 'reg'),
(17, 1075, 868, 'reg'),
(17, 1075, 869, 'reg'),
(17, 1076, 868, 'reg'),
(17, 1076, 869, 'reg'),
(17, 1077, 868, 'reg'),
(17, 1077, 869, 'reg'),
(17, 1078, 868, 'reg'),
(17, 1078, 869, 'reg'),
(17, 1079, 868, 'reg'),
(17, 1079, 869, 'reg'),
(17, 1080, 868, 'reg'),
(17, 1080, 869, 'reg'),
(17, 1081, 868, 'wheels70'),
(17, 1081, 869, 'kolesotomskru'),
(17, 1385, 868, 'reg'),
(17, 1385, 869, 'reg'),
(17, 1404, 868, 'reg'),
(17, 1404, 869, 'reg'),
(17, 1405, 868, 'reg'),
(17, 1405, 869, 'reg'),
(17, 1409, 868, 'reg'),
(17, 1409, 869, 'reg'),
(17, 1410, 868, 'reg'),
(17, 1410, 869, 'reg'),
(18, 399, 814, 'Б/п РФ'),
(18, 399, 815, 'Б/п РФ'),
(18, 399, 816, 'Б/п РФ'),
(18, 399, 817, 'Б/п РФ'),
(18, 400, 814, 'Б/у'),
(18, 400, 815, 'Б/у'),
(18, 400, 816, 'Б/у'),
(18, 400, 817, 'Б/у'),
(18, 818, 814, 'Новый'),
(18, 818, 815, 'Новые'),
(18, 818, 816, 'Новые'),
(18, 818, 817, 'Новые'),
(18, 1113, 814, '0'),
(18, 1113, 815, '0'),
(18, 1113, 816, '0'),
(18, 1113, 817, '0'),
(19, 463, 814, 'летнюю шину'),
(19, 463, 815, 'летние шины 2шт.'),
(19, 463, 816, 'летние шины 3шт.'),
(19, 463, 817, 'летние шины'),
(19, 463, 1783, 'sadasdasd"asdasd"'),
(19, 465, 814, 'зимнюю шину'),
(19, 465, 815, 'зимние шины 2шт.'),
(19, 465, 816, 'зимние шины 3шт.'),
(19, 465, 817, 'зимние шины'),
(19, 762, 814, 'шипованную шину'),
(19, 762, 815, 'шипованные шины 2шт.'),
(19, 762, 816, 'шипованные шины 3шт.'),
(19, 762, 817, 'шипованные шины'),
(20, 1032, 1057, '0'),
(20, 1032, 1058, '0'),
(20, 1032, 1059, '0'),
(20, 1032, 1060, '0'),
(20, 1032, 1061, '0'),
(20, 1032, 1062, '0'),
(20, 1032, 1063, '0'),
(20, 1032, 1064, '0'),
(20, 1032, 1065, '0'),
(20, 1032, 1066, '0'),
(20, 1032, 1067, '0'),
(20, 1032, 1068, '0'),
(20, 1032, 1069, '0'),
(20, 1032, 1070, '0'),
(20, 1032, 1071, '0'),
(20, 1032, 1072, '0'),
(20, 1032, 1073, '0'),
(20, 1032, 1074, '0'),
(20, 1032, 1075, '0'),
(20, 1032, 1076, '0'),
(20, 1032, 1077, '0'),
(20, 1032, 1078, '0'),
(20, 1032, 1079, '0'),
(20, 1032, 1080, '0'),
(20, 1032, 1081, '1\n'),
(20, 1032, 1385, '0'),
(20, 1032, 1404, '0'),
(20, 1032, 1405, '0'),
(20, 1032, 1409, '0'),
(20, 1032, 1410, '0'),
(20, 1033, 1057, '0'),
(20, 1033, 1058, '0'),
(20, 1033, 1059, '0'),
(20, 1033, 1060, '0'),
(20, 1033, 1061, '0'),
(20, 1033, 1062, '0'),
(20, 1033, 1063, '0'),
(20, 1033, 1064, '0'),
(20, 1033, 1065, '0'),
(20, 1033, 1066, '0'),
(20, 1033, 1067, '0'),
(20, 1033, 1068, '0'),
(20, 1033, 1069, '0'),
(20, 1033, 1070, '0'),
(20, 1033, 1071, '0'),
(20, 1033, 1072, '0'),
(20, 1033, 1073, '0'),
(20, 1033, 1074, '0'),
(20, 1033, 1075, '0'),
(20, 1033, 1076, '0'),
(20, 1033, 1077, '0'),
(20, 1033, 1078, '0'),
(20, 1033, 1079, '0'),
(20, 1033, 1080, '0'),
(20, 1033, 1081, '1\n'),
(20, 1033, 1385, '0'),
(20, 1033, 1404, '0'),
(20, 1033, 1405, '0'),
(20, 1033, 1409, '0'),
(20, 1033, 1410, '0'),
(20, 1034, 1057, '0'),
(20, 1034, 1058, '0'),
(20, 1034, 1059, '0'),
(20, 1034, 1060, '0'),
(20, 1034, 1061, '0'),
(20, 1034, 1062, '0'),
(20, 1034, 1063, '0'),
(20, 1034, 1064, '0'),
(20, 1034, 1065, '0'),
(20, 1034, 1066, '0'),
(20, 1034, 1067, '0'),
(20, 1034, 1068, '0'),
(20, 1034, 1069, '0'),
(20, 1034, 1070, '0'),
(20, 1034, 1071, '0'),
(20, 1034, 1072, '0'),
(20, 1034, 1073, '0'),
(20, 1034, 1074, '0'),
(20, 1034, 1075, '0'),
(20, 1034, 1076, '0'),
(20, 1034, 1077, '0'),
(20, 1034, 1078, '0'),
(20, 1034, 1079, '0'),
(20, 1034, 1080, '0'),
(20, 1034, 1081, '1\n'),
(20, 1034, 1385, '0'),
(20, 1034, 1404, '0'),
(20, 1034, 1405, '0'),
(20, 1034, 1409, '0'),
(20, 1034, 1410, '0'),
(20, 1035, 1057, '0'),
(20, 1035, 1058, '0'),
(20, 1035, 1059, '0'),
(20, 1035, 1060, '0'),
(20, 1035, 1061, '0'),
(20, 1035, 1062, '0'),
(20, 1035, 1063, '0'),
(20, 1035, 1064, '0'),
(20, 1035, 1065, '0'),
(20, 1035, 1066, '0'),
(20, 1035, 1067, '0'),
(20, 1035, 1068, '0'),
(20, 1035, 1069, '0'),
(20, 1035, 1070, '0'),
(20, 1035, 1071, '0'),
(20, 1035, 1072, '0'),
(20, 1035, 1073, '0'),
(20, 1035, 1074, '0'),
(20, 1035, 1075, '0'),
(20, 1035, 1076, '0'),
(20, 1035, 1077, '0'),
(20, 1035, 1078, '0'),
(20, 1035, 1079, '0'),
(20, 1035, 1080, '0'),
(20, 1035, 1081, '1'),
(20, 1035, 1385, '0'),
(20, 1035, 1404, '0'),
(20, 1035, 1405, '0'),
(20, 1035, 1409, '0'),
(20, 1035, 1410, '0'),
(20, 1036, 1057, '0'),
(20, 1036, 1058, '0'),
(20, 1036, 1059, '0'),
(20, 1036, 1060, '0'),
(20, 1036, 1061, '0'),
(20, 1036, 1062, '0'),
(20, 1036, 1063, '0'),
(20, 1036, 1064, '0'),
(20, 1036, 1065, '0'),
(20, 1036, 1066, '0'),
(20, 1036, 1067, '0'),
(20, 1036, 1068, '0'),
(20, 1036, 1069, '0'),
(20, 1036, 1070, '0'),
(20, 1036, 1071, '0'),
(20, 1036, 1072, '0'),
(20, 1036, 1073, '0'),
(20, 1036, 1074, '0'),
(20, 1036, 1075, '0'),
(20, 1036, 1076, '0'),
(20, 1036, 1077, '0'),
(20, 1036, 1078, '0'),
(20, 1036, 1079, '0'),
(20, 1036, 1080, '0'),
(20, 1036, 1081, '1'),
(20, 1036, 1385, '0'),
(20, 1036, 1404, '0'),
(20, 1036, 1405, '0'),
(20, 1036, 1409, '0'),
(20, 1036, 1410, '0'),
(20, 1037, 1057, '0'),
(20, 1037, 1058, '0'),
(20, 1037, 1059, '0'),
(20, 1037, 1060, '0'),
(20, 1037, 1061, '0'),
(20, 1037, 1062, '0'),
(20, 1037, 1063, '0'),
(20, 1037, 1064, '0'),
(20, 1037, 1065, '0'),
(20, 1037, 1066, '0'),
(20, 1037, 1067, '0'),
(20, 1037, 1068, '0'),
(20, 1037, 1069, '0'),
(20, 1037, 1070, '0'),
(20, 1037, 1071, '0'),
(20, 1037, 1072, '0'),
(20, 1037, 1073, '0'),
(20, 1037, 1074, '0'),
(20, 1037, 1075, '0'),
(20, 1037, 1076, '0'),
(20, 1037, 1077, '0'),
(20, 1037, 1078, '0'),
(20, 1037, 1079, '0'),
(20, 1037, 1080, '0'),
(20, 1037, 1081, '1'),
(20, 1037, 1385, '0'),
(20, 1037, 1404, '0'),
(20, 1037, 1405, '0'),
(20, 1037, 1409, '0'),
(20, 1037, 1410, '0'),
(20, 1038, 1057, '0'),
(20, 1038, 1058, '0'),
(20, 1038, 1059, '0'),
(20, 1038, 1060, '0'),
(20, 1038, 1061, '0'),
(20, 1038, 1062, '0'),
(20, 1038, 1063, '0'),
(20, 1038, 1064, '0'),
(20, 1038, 1065, '0'),
(20, 1038, 1066, '0'),
(20, 1038, 1067, '0'),
(20, 1038, 1068, '0'),
(20, 1038, 1069, '0'),
(20, 1038, 1070, '0'),
(20, 1038, 1071, '0'),
(20, 1038, 1072, '0'),
(20, 1038, 1073, '0'),
(20, 1038, 1074, '0'),
(20, 1038, 1075, '0'),
(20, 1038, 1076, '0'),
(20, 1038, 1077, '0'),
(20, 1038, 1078, '0'),
(20, 1038, 1079, '0'),
(20, 1038, 1080, '0'),
(20, 1038, 1081, '1'),
(20, 1038, 1385, '0'),
(20, 1038, 1404, '0'),
(20, 1038, 1405, '0'),
(20, 1038, 1409, '0'),
(20, 1038, 1410, '0'),
(20, 1039, 1057, '0'),
(20, 1039, 1058, '0'),
(20, 1039, 1059, '0'),
(20, 1039, 1060, '0'),
(20, 1039, 1061, '0'),
(20, 1039, 1062, '0'),
(20, 1039, 1063, '0'),
(20, 1039, 1064, '0'),
(20, 1039, 1065, '0'),
(20, 1039, 1066, '0'),
(20, 1039, 1067, '0'),
(20, 1039, 1068, '0'),
(20, 1039, 1069, '0'),
(20, 1039, 1070, '0'),
(20, 1039, 1071, '0'),
(20, 1039, 1072, '0'),
(20, 1039, 1073, '0'),
(20, 1039, 1074, '0'),
(20, 1039, 1075, '0'),
(20, 1039, 1076, '0'),
(20, 1039, 1077, '0'),
(20, 1039, 1078, '0'),
(20, 1039, 1079, '0'),
(20, 1039, 1080, '0'),
(20, 1039, 1081, '1'),
(20, 1039, 1385, '0'),
(20, 1039, 1404, '0'),
(20, 1039, 1405, '0'),
(20, 1039, 1409, '0'),
(20, 1039, 1410, '0'),
(20, 1040, 1057, '0'),
(20, 1040, 1058, '0'),
(20, 1040, 1059, '0'),
(20, 1040, 1060, '0'),
(20, 1040, 1061, '0'),
(20, 1040, 1062, '0'),
(20, 1040, 1063, '0'),
(20, 1040, 1064, '0'),
(20, 1040, 1065, '0'),
(20, 1040, 1066, '0'),
(20, 1040, 1067, '0'),
(20, 1040, 1068, '0'),
(20, 1040, 1069, '0'),
(20, 1040, 1070, '0'),
(20, 1040, 1071, '0'),
(20, 1040, 1072, '0'),
(20, 1040, 1073, '0'),
(20, 1040, 1074, '0'),
(20, 1040, 1075, '0'),
(20, 1040, 1076, '0'),
(20, 1040, 1077, '0'),
(20, 1040, 1078, '0'),
(20, 1040, 1079, '0'),
(20, 1040, 1080, '0'),
(20, 1040, 1081, '1\n'),
(20, 1040, 1385, '0'),
(20, 1040, 1404, '0'),
(20, 1040, 1405, '0'),
(20, 1040, 1409, '0'),
(20, 1040, 1410, '0'),
(20, 1041, 1057, '0'),
(20, 1041, 1058, '0'),
(20, 1041, 1059, '0'),
(20, 1041, 1060, '0'),
(20, 1041, 1061, '0'),
(20, 1041, 1062, '0'),
(20, 1041, 1063, '0'),
(20, 1041, 1064, '0'),
(20, 1041, 1065, '0'),
(20, 1041, 1066, '0'),
(20, 1041, 1067, '0'),
(20, 1041, 1068, '0'),
(20, 1041, 1069, '0'),
(20, 1041, 1070, '0'),
(20, 1041, 1071, '0'),
(20, 1041, 1072, '0'),
(20, 1041, 1073, '0'),
(20, 1041, 1074, '0'),
(20, 1041, 1075, '0'),
(20, 1041, 1076, '0'),
(20, 1041, 1077, '0'),
(20, 1041, 1078, '0'),
(20, 1041, 1079, '0'),
(20, 1041, 1080, '0'),
(20, 1041, 1081, '1'),
(20, 1041, 1385, '0'),
(20, 1041, 1404, '0'),
(20, 1041, 1405, '0'),
(20, 1041, 1409, '0'),
(20, 1041, 1410, '0'),
(20, 1042, 1057, '0'),
(20, 1042, 1058, '0'),
(20, 1042, 1059, '0'),
(20, 1042, 1060, '0'),
(20, 1042, 1061, '0'),
(20, 1042, 1062, '0'),
(20, 1042, 1063, '0'),
(20, 1042, 1064, '0'),
(20, 1042, 1065, '0'),
(20, 1042, 1066, '0'),
(20, 1042, 1067, '0'),
(20, 1042, 1068, '0'),
(20, 1042, 1069, '0'),
(20, 1042, 1070, '0'),
(20, 1042, 1071, '0'),
(20, 1042, 1072, '0'),
(20, 1042, 1073, '0'),
(20, 1042, 1074, '0'),
(20, 1042, 1075, '0'),
(20, 1042, 1076, '0'),
(20, 1042, 1077, '0'),
(20, 1042, 1078, '0'),
(20, 1042, 1079, '0'),
(20, 1042, 1080, '0'),
(20, 1042, 1081, '1'),
(20, 1042, 1385, '0'),
(20, 1042, 1404, '0'),
(20, 1042, 1405, '0'),
(20, 1042, 1409, '0'),
(20, 1042, 1410, '0'),
(20, 1043, 1057, '0'),
(20, 1043, 1058, '0'),
(20, 1043, 1059, '0'),
(20, 1043, 1060, '0'),
(20, 1043, 1061, '0'),
(20, 1043, 1062, '0'),
(20, 1043, 1063, '0'),
(20, 1043, 1064, '0'),
(20, 1043, 1065, '0'),
(20, 1043, 1066, '0'),
(20, 1043, 1067, '0'),
(20, 1043, 1068, '0'),
(20, 1043, 1069, '0'),
(20, 1043, 1070, '0'),
(20, 1043, 1071, '0'),
(20, 1043, 1072, '0'),
(20, 1043, 1073, '0'),
(20, 1043, 1074, '0'),
(20, 1043, 1075, '0'),
(20, 1043, 1076, '0'),
(20, 1043, 1077, '0'),
(20, 1043, 1078, '0'),
(20, 1043, 1079, '0'),
(20, 1043, 1080, '0'),
(20, 1043, 1081, '1'),
(20, 1043, 1385, '0'),
(20, 1043, 1404, '0'),
(20, 1043, 1405, '0'),
(20, 1043, 1409, '0'),
(20, 1043, 1410, '0'),
(20, 1044, 1057, '0'),
(20, 1044, 1058, '0'),
(20, 1044, 1059, '0'),
(20, 1044, 1060, '0'),
(20, 1044, 1061, '0'),
(20, 1044, 1062, '0'),
(20, 1044, 1063, '0'),
(20, 1044, 1064, '0'),
(20, 1044, 1065, '0'),
(20, 1044, 1066, '0'),
(20, 1044, 1067, '0'),
(20, 1044, 1068, '0'),
(20, 1044, 1069, '0'),
(20, 1044, 1070, '0'),
(20, 1044, 1071, '0'),
(20, 1044, 1072, '0'),
(20, 1044, 1073, '0'),
(20, 1044, 1074, '0'),
(20, 1044, 1075, '0'),
(20, 1044, 1076, '0'),
(20, 1044, 1077, '0'),
(20, 1044, 1078, '0'),
(20, 1044, 1079, '0'),
(20, 1044, 1080, '0'),
(20, 1044, 1081, '1'),
(20, 1044, 1385, '0'),
(20, 1044, 1404, '0'),
(20, 1044, 1405, '0'),
(20, 1044, 1409, '0'),
(20, 1044, 1410, '0'),
(20, 1045, 1057, '0'),
(20, 1045, 1058, '0'),
(20, 1045, 1059, '0'),
(20, 1045, 1060, '0'),
(20, 1045, 1061, '0'),
(20, 1045, 1062, '0'),
(20, 1045, 1063, '0'),
(20, 1045, 1064, '0'),
(20, 1045, 1065, '0'),
(20, 1045, 1066, '0'),
(20, 1045, 1067, '0'),
(20, 1045, 1068, '0'),
(20, 1045, 1069, '0'),
(20, 1045, 1070, '0'),
(20, 1045, 1071, '0'),
(20, 1045, 1072, '0'),
(20, 1045, 1073, '0'),
(20, 1045, 1074, '0'),
(20, 1045, 1075, '0'),
(20, 1045, 1076, '0'),
(20, 1045, 1077, '0'),
(20, 1045, 1078, '0'),
(20, 1045, 1079, '0'),
(20, 1045, 1080, '0'),
(20, 1045, 1081, '1'),
(20, 1045, 1385, '0'),
(20, 1045, 1404, '0'),
(20, 1045, 1405, '0'),
(20, 1045, 1409, '0'),
(20, 1045, 1410, '0'),
(20, 1046, 1057, '0'),
(20, 1046, 1058, '0'),
(20, 1046, 1059, '0'),
(20, 1046, 1060, '0'),
(20, 1046, 1061, '0'),
(20, 1046, 1062, '0'),
(20, 1046, 1063, '0'),
(20, 1046, 1064, '0'),
(20, 1046, 1065, '0'),
(20, 1046, 1066, '0'),
(20, 1046, 1067, '0'),
(20, 1046, 1068, '0'),
(20, 1046, 1069, '0'),
(20, 1046, 1070, '0'),
(20, 1046, 1071, '1'),
(20, 1046, 1072, '0'),
(20, 1046, 1073, '0'),
(20, 1046, 1074, '0'),
(20, 1046, 1075, '0'),
(20, 1046, 1076, '0'),
(20, 1046, 1077, '0'),
(20, 1046, 1078, '0'),
(20, 1046, 1079, '0'),
(20, 1046, 1080, '0'),
(20, 1046, 1081, '1\n'),
(20, 1046, 1385, '0'),
(20, 1046, 1404, '0'),
(20, 1046, 1405, '0'),
(20, 1046, 1409, '0'),
(20, 1046, 1410, '0'),
(20, 1047, 1057, '0'),
(20, 1047, 1058, '0'),
(20, 1047, 1059, '0'),
(20, 1047, 1060, '0'),
(20, 1047, 1061, '0'),
(20, 1047, 1062, '0'),
(20, 1047, 1063, '0'),
(20, 1047, 1064, '0'),
(20, 1047, 1065, '0'),
(20, 1047, 1066, '0'),
(20, 1047, 1067, '0'),
(20, 1047, 1068, '0'),
(20, 1047, 1069, '0'),
(20, 1047, 1070, '0'),
(20, 1047, 1071, '0'),
(20, 1047, 1072, '0'),
(20, 1047, 1073, '0'),
(20, 1047, 1074, '0'),
(20, 1047, 1075, '0'),
(20, 1047, 1076, '0'),
(20, 1047, 1077, '0'),
(20, 1047, 1078, '0'),
(20, 1047, 1079, '0'),
(20, 1047, 1080, '0'),
(20, 1047, 1081, '1'),
(20, 1047, 1385, '0'),
(20, 1047, 1404, '0'),
(20, 1047, 1405, '0'),
(20, 1047, 1409, '0'),
(20, 1047, 1410, '0'),
(20, 1048, 1057, '0'),
(20, 1048, 1058, '0'),
(20, 1048, 1059, '0'),
(20, 1048, 1060, '0'),
(20, 1048, 1061, '0'),
(20, 1048, 1062, '0'),
(20, 1048, 1063, '0'),
(20, 1048, 1064, '0'),
(20, 1048, 1065, '0'),
(20, 1048, 1066, '0'),
(20, 1048, 1067, '0'),
(20, 1048, 1068, '0'),
(20, 1048, 1069, '0'),
(20, 1048, 1070, '0'),
(20, 1048, 1071, '0'),
(20, 1048, 1072, '0'),
(20, 1048, 1073, '0'),
(20, 1048, 1074, '0'),
(20, 1048, 1075, '0'),
(20, 1048, 1076, '0'),
(20, 1048, 1077, '0'),
(20, 1048, 1078, '0'),
(20, 1048, 1079, '0'),
(20, 1048, 1080, '0'),
(20, 1048, 1081, '1'),
(20, 1048, 1385, '0'),
(20, 1048, 1404, '0'),
(20, 1048, 1405, '0'),
(20, 1048, 1409, '0'),
(20, 1048, 1410, '0'),
(20, 1049, 1057, '0'),
(20, 1049, 1058, '0'),
(20, 1049, 1059, '0'),
(20, 1049, 1060, '0'),
(20, 1049, 1061, '0'),
(20, 1049, 1062, '0'),
(20, 1049, 1063, '0'),
(20, 1049, 1064, '0'),
(20, 1049, 1065, '0'),
(20, 1049, 1066, '0'),
(20, 1049, 1067, '0'),
(20, 1049, 1068, '0'),
(20, 1049, 1069, '0'),
(20, 1049, 1070, '0'),
(20, 1049, 1071, '0'),
(20, 1049, 1072, '0'),
(20, 1049, 1073, '0'),
(20, 1049, 1074, '0'),
(20, 1049, 1075, '0'),
(20, 1049, 1076, '0'),
(20, 1049, 1077, '0'),
(20, 1049, 1078, '0'),
(20, 1049, 1079, '0'),
(20, 1049, 1080, '0'),
(20, 1049, 1081, '1'),
(20, 1049, 1385, '0'),
(20, 1049, 1404, '0'),
(20, 1049, 1405, '0'),
(20, 1049, 1409, '0'),
(20, 1049, 1410, '0'),
(20, 1050, 1057, '0'),
(20, 1050, 1058, '0'),
(20, 1050, 1059, '0'),
(20, 1050, 1060, '0'),
(20, 1050, 1061, '0'),
(20, 1050, 1062, '0'),
(20, 1050, 1063, '0'),
(20, 1050, 1064, '0'),
(20, 1050, 1065, '0'),
(20, 1050, 1066, '0'),
(20, 1050, 1067, '0'),
(20, 1050, 1068, '0'),
(20, 1050, 1069, '0'),
(20, 1050, 1070, '0'),
(20, 1050, 1071, '0'),
(20, 1050, 1072, '0'),
(20, 1050, 1073, '0'),
(20, 1050, 1074, '0'),
(20, 1050, 1075, '0'),
(20, 1050, 1076, '0'),
(20, 1050, 1077, '0'),
(20, 1050, 1078, '0'),
(20, 1050, 1079, '0'),
(20, 1050, 1080, '0'),
(20, 1050, 1081, '1'),
(20, 1050, 1385, '0'),
(20, 1050, 1404, '0'),
(20, 1050, 1405, '0'),
(20, 1050, 1409, '0'),
(20, 1050, 1410, '0'),
(20, 1051, 1057, '0'),
(20, 1051, 1058, '0'),
(20, 1051, 1059, '0'),
(20, 1051, 1060, '0'),
(20, 1051, 1061, '0'),
(20, 1051, 1062, '0'),
(20, 1051, 1063, '0'),
(20, 1051, 1064, '0'),
(20, 1051, 1065, '0'),
(20, 1051, 1066, '0'),
(20, 1051, 1067, '0'),
(20, 1051, 1068, '0'),
(20, 1051, 1069, '0'),
(20, 1051, 1070, '0'),
(20, 1051, 1071, '0'),
(20, 1051, 1072, '0'),
(20, 1051, 1073, '0'),
(20, 1051, 1074, '0'),
(20, 1051, 1075, '0'),
(20, 1051, 1076, '0'),
(20, 1051, 1077, '0'),
(20, 1051, 1078, '0'),
(20, 1051, 1079, '0'),
(20, 1051, 1080, '0'),
(20, 1051, 1081, '1'),
(20, 1051, 1385, '0'),
(20, 1051, 1404, '0'),
(20, 1051, 1405, '0'),
(20, 1051, 1409, '0'),
(20, 1051, 1410, '0'),
(20, 1052, 1057, '0'),
(20, 1052, 1058, '0'),
(20, 1052, 1059, '0'),
(20, 1052, 1060, '0'),
(20, 1052, 1061, '0'),
(20, 1052, 1062, '0'),
(20, 1052, 1063, '0'),
(20, 1052, 1064, '0'),
(20, 1052, 1065, '0'),
(20, 1052, 1066, '0'),
(20, 1052, 1067, '0'),
(20, 1052, 1068, '0'),
(20, 1052, 1069, '0'),
(20, 1052, 1070, '0'),
(20, 1052, 1071, '0'),
(20, 1052, 1072, '0'),
(20, 1052, 1073, '0'),
(20, 1052, 1074, '0'),
(20, 1052, 1075, '0'),
(20, 1052, 1076, '0'),
(20, 1052, 1077, '0'),
(20, 1052, 1078, '0'),
(20, 1052, 1079, '0'),
(20, 1052, 1080, '0'),
(20, 1052, 1081, '1'),
(20, 1052, 1385, '0'),
(20, 1052, 1404, '0'),
(20, 1052, 1405, '0'),
(20, 1052, 1409, '0'),
(20, 1052, 1410, '0'),
(20, 1053, 1057, '0'),
(20, 1053, 1058, '0'),
(20, 1053, 1059, '0'),
(20, 1053, 1060, '0'),
(20, 1053, 1061, '0'),
(20, 1053, 1062, '0'),
(20, 1053, 1063, '0'),
(20, 1053, 1064, '0'),
(20, 1053, 1065, '0'),
(20, 1053, 1066, '0'),
(20, 1053, 1067, '0'),
(20, 1053, 1068, '0'),
(20, 1053, 1069, '0'),
(20, 1053, 1070, '0'),
(20, 1053, 1071, '0'),
(20, 1053, 1072, '0'),
(20, 1053, 1073, '0'),
(20, 1053, 1074, '0'),
(20, 1053, 1075, '0'),
(20, 1053, 1076, '0'),
(20, 1053, 1077, '0'),
(20, 1053, 1078, '0'),
(20, 1053, 1079, '0'),
(20, 1053, 1080, '0'),
(20, 1053, 1081, '1'),
(20, 1053, 1385, '0'),
(20, 1053, 1404, '0'),
(20, 1053, 1405, '0'),
(20, 1053, 1409, '0'),
(20, 1053, 1410, '0'),
(20, 1054, 1057, '0'),
(20, 1054, 1058, '0'),
(20, 1054, 1059, '0'),
(20, 1054, 1060, '0'),
(20, 1054, 1061, '0'),
(20, 1054, 1062, '0'),
(20, 1054, 1063, '0'),
(20, 1054, 1064, '0'),
(20, 1054, 1065, '0'),
(20, 1054, 1066, '0'),
(20, 1054, 1067, '0'),
(20, 1054, 1068, '0'),
(20, 1054, 1069, '0'),
(20, 1054, 1070, '0'),
(20, 1054, 1071, '0'),
(20, 1054, 1072, '0'),
(20, 1054, 1073, '0'),
(20, 1054, 1074, '0'),
(20, 1054, 1075, '0'),
(20, 1054, 1076, '0'),
(20, 1054, 1077, '0'),
(20, 1054, 1078, '0'),
(20, 1054, 1079, '0'),
(20, 1054, 1080, '0'),
(20, 1054, 1081, '1'),
(20, 1054, 1385, '0'),
(20, 1054, 1404, '0'),
(20, 1054, 1405, '0'),
(20, 1054, 1409, '0'),
(20, 1054, 1410, '0'),
(20, 1055, 1057, '0'),
(20, 1055, 1058, '0'),
(20, 1055, 1059, '0'),
(20, 1055, 1060, '0'),
(20, 1055, 1061, '0'),
(20, 1055, 1062, '0'),
(20, 1055, 1063, '0'),
(20, 1055, 1064, '0'),
(20, 1055, 1065, '0'),
(20, 1055, 1066, '0'),
(20, 1055, 1067, '0'),
(20, 1055, 1068, '0'),
(20, 1055, 1069, '0'),
(20, 1055, 1070, '0'),
(20, 1055, 1071, '0'),
(20, 1055, 1072, '0'),
(20, 1055, 1073, '0'),
(20, 1055, 1074, '0'),
(20, 1055, 1075, '0'),
(20, 1055, 1076, '0'),
(20, 1055, 1077, '0'),
(20, 1055, 1078, '0'),
(20, 1055, 1079, '0'),
(20, 1055, 1080, '0'),
(20, 1055, 1081, '1'),
(20, 1055, 1385, '0'),
(20, 1055, 1404, '0'),
(20, 1055, 1405, '0'),
(20, 1055, 1409, '0'),
(20, 1055, 1410, '0'),
(20, 1056, 1057, '0'),
(20, 1056, 1058, '0'),
(20, 1056, 1059, '0'),
(20, 1056, 1060, '0'),
(20, 1056, 1061, '0'),
(20, 1056, 1062, '0'),
(20, 1056, 1063, '0'),
(20, 1056, 1064, '0'),
(20, 1056, 1065, '0'),
(20, 1056, 1066, '0'),
(20, 1056, 1067, '0'),
(20, 1056, 1068, '0'),
(20, 1056, 1069, '0'),
(20, 1056, 1070, '0'),
(20, 1056, 1071, '0'),
(20, 1056, 1072, '0'),
(20, 1056, 1073, '0'),
(20, 1056, 1074, '0'),
(20, 1056, 1075, '0'),
(20, 1056, 1076, '0'),
(20, 1056, 1077, '0'),
(20, 1056, 1078, '0'),
(20, 1056, 1079, '0'),
(20, 1056, 1080, '0'),
(20, 1056, 1081, '1\n'),
(20, 1056, 1385, '0'),
(20, 1056, 1404, '0'),
(20, 1056, 1405, '0'),
(20, 1056, 1409, '0'),
(20, 1056, 1410, '0'),
(20, 1386, 1057, '0'),
(20, 1386, 1058, '0'),
(20, 1386, 1059, '0'),
(20, 1386, 1060, '0'),
(20, 1386, 1061, '0'),
(20, 1386, 1062, '0'),
(20, 1386, 1063, '0'),
(20, 1386, 1064, '0'),
(20, 1386, 1065, '0'),
(20, 1386, 1066, '0'),
(20, 1386, 1067, '0'),
(20, 1386, 1068, '0'),
(20, 1386, 1069, '0'),
(20, 1386, 1070, '0'),
(20, 1386, 1071, '0'),
(20, 1386, 1072, '0'),
(20, 1386, 1073, '0'),
(20, 1386, 1074, '0'),
(20, 1386, 1075, '0'),
(20, 1386, 1076, '0'),
(20, 1386, 1077, '0'),
(20, 1386, 1078, '0'),
(20, 1386, 1079, '0'),
(20, 1386, 1080, '0'),
(20, 1386, 1081, '1'),
(20, 1386, 1385, '0'),
(20, 1386, 1404, '0'),
(20, 1386, 1405, '0'),
(20, 1386, 1409, '0'),
(20, 1386, 1410, '0'),
(20, 1403, 1057, '0'),
(20, 1403, 1058, '0'),
(20, 1403, 1059, '0'),
(20, 1403, 1060, '0'),
(20, 1403, 1061, '0'),
(20, 1403, 1062, '0'),
(20, 1403, 1063, '0'),
(20, 1403, 1064, '0'),
(20, 1403, 1065, '0'),
(20, 1403, 1066, '0'),
(20, 1403, 1067, '0'),
(20, 1403, 1068, '0'),
(20, 1403, 1069, '0'),
(20, 1403, 1070, '0'),
(20, 1403, 1071, '0'),
(20, 1403, 1072, '0'),
(20, 1403, 1073, '0'),
(20, 1403, 1074, '0'),
(20, 1403, 1075, '0'),
(20, 1403, 1076, '0'),
(20, 1403, 1077, '0'),
(20, 1403, 1078, '0'),
(20, 1403, 1079, '0'),
(20, 1403, 1080, '0'),
(20, 1403, 1081, '1'),
(20, 1403, 1385, '0'),
(20, 1403, 1404, '0'),
(20, 1403, 1405, '0'),
(20, 1403, 1409, '0'),
(20, 1403, 1410, '0'),
(20, 1406, 1057, '0'),
(20, 1406, 1058, '0'),
(20, 1406, 1059, '0'),
(20, 1406, 1060, '0'),
(20, 1406, 1061, '0'),
(20, 1406, 1062, '0'),
(20, 1406, 1063, '0'),
(20, 1406, 1064, '0'),
(20, 1406, 1065, '0'),
(20, 1406, 1066, '0'),
(20, 1406, 1067, '0'),
(20, 1406, 1068, '0'),
(20, 1406, 1069, '0'),
(20, 1406, 1070, '0'),
(20, 1406, 1071, '0'),
(20, 1406, 1072, '0'),
(20, 1406, 1073, '0'),
(20, 1406, 1074, '0'),
(20, 1406, 1075, '0'),
(20, 1406, 1076, '0'),
(20, 1406, 1077, '0'),
(20, 1406, 1078, '0'),
(20, 1406, 1079, '0'),
(20, 1406, 1080, '0'),
(20, 1406, 1081, '1'),
(20, 1406, 1385, '0'),
(20, 1406, 1404, '0'),
(20, 1406, 1405, '0'),
(20, 1406, 1409, '0'),
(20, 1406, 1410, '0'),
(20, 1411, 1057, '0'),
(20, 1411, 1058, '0'),
(20, 1411, 1059, '0'),
(20, 1411, 1060, '0'),
(20, 1411, 1061, '0'),
(20, 1411, 1062, '0'),
(20, 1411, 1063, '0'),
(20, 1411, 1064, '0'),
(20, 1411, 1065, '0'),
(20, 1411, 1066, '0'),
(20, 1411, 1067, '0'),
(20, 1411, 1068, '0'),
(20, 1411, 1069, '0'),
(20, 1411, 1070, '0'),
(20, 1411, 1071, '0'),
(20, 1411, 1072, '0'),
(20, 1411, 1073, '0'),
(20, 1411, 1074, '0'),
(20, 1411, 1075, '0'),
(20, 1411, 1076, '0'),
(20, 1411, 1077, '0'),
(20, 1411, 1078, '0'),
(20, 1411, 1079, '0'),
(20, 1411, 1080, '0'),
(20, 1411, 1081, '1'),
(20, 1411, 1385, '0'),
(20, 1411, 1404, '0'),
(20, 1411, 1405, '0'),
(20, 1411, 1409, '0'),
(20, 1411, 1410, '0'),
(20, 1412, 1057, '0'),
(20, 1412, 1058, '0'),
(20, 1412, 1059, '0'),
(20, 1412, 1060, '0'),
(20, 1412, 1061, '0'),
(20, 1412, 1062, '0'),
(20, 1412, 1063, '0'),
(20, 1412, 1064, '0'),
(20, 1412, 1065, '0'),
(20, 1412, 1066, '0'),
(20, 1412, 1067, '0'),
(20, 1412, 1068, '0'),
(20, 1412, 1069, '0'),
(20, 1412, 1070, '0'),
(20, 1412, 1071, '0'),
(20, 1412, 1072, '0'),
(20, 1412, 1073, '0'),
(20, 1412, 1074, '0'),
(20, 1412, 1075, '0'),
(20, 1412, 1076, '0'),
(20, 1412, 1077, '0'),
(20, 1412, 1078, '0'),
(20, 1412, 1079, '0'),
(20, 1412, 1080, '0'),
(20, 1412, 1081, '1'),
(20, 1412, 1385, '0'),
(20, 1412, 1404, '0'),
(20, 1412, 1405, '0'),
(20, 1412, 1409, '0'),
(20, 1412, 1410, '0'),
(20, 1417, 1057, '0'),
(20, 1417, 1058, '0'),
(20, 1417, 1059, '0'),
(20, 1417, 1060, '0'),
(20, 1417, 1061, '0'),
(20, 1417, 1062, '0'),
(20, 1417, 1063, '0'),
(20, 1417, 1064, '0'),
(20, 1417, 1065, '0'),
(20, 1417, 1066, '0'),
(20, 1417, 1067, '0'),
(20, 1417, 1068, '0'),
(20, 1417, 1069, '0'),
(20, 1417, 1070, '0'),
(20, 1417, 1071, '0'),
(20, 1417, 1072, '0'),
(20, 1417, 1073, '0'),
(20, 1417, 1074, '0'),
(20, 1417, 1075, '0'),
(20, 1417, 1076, '0'),
(20, 1417, 1077, '0'),
(20, 1417, 1078, '0'),
(20, 1417, 1079, '0'),
(20, 1417, 1080, '0'),
(20, 1417, 1081, '1'),
(20, 1417, 1385, '0'),
(20, 1417, 1404, '0'),
(20, 1417, 1405, '0'),
(20, 1417, 1409, '0'),
(20, 1417, 1410, '0'),
(21, 1034, 1062, '12 - 15 дней'),
(21, 1034, 1065, '10-13 дней'),
(21, 1034, 1073, '15 - 18 дней'),
(21, 1034, 1385, '14 - 17 дней'),
(21, 1035, 1065, '14-17 дней'),
(21, 1037, 1065, '4-5 дней'),
(21, 1037, 1073, '7 - 9 дней'),
(21, 1037, 1385, '3 - 4 дня'),
(21, 1038, 1065, '7-9 дней'),
(21, 1038, 1073, '10 - 13 дней'),
(21, 1040, 1062, '4 - 5 дней'),
(21, 1040, 1073, '7 - 9 дней'),
(21, 1040, 1385, '6 - 8 дней'),
(21, 1046, 1062, '3 - 4 дня'),
(21, 1046, 1065, '1-2 дня'),
(21, 1046, 1073, '6 - 8 дней'),
(21, 1046, 1385, '4 - 6 дней'),
(21, 1056, 1062, '4 - 5 дней'),
(21, 1056, 1065, '2-3 дня'),
(21, 1056, 1073, '6 - 8 дней'),
(21, 1056, 1385, '5 - 7 дней'),
(21, 1417, 1062, '6 - 8 дней'),
(21, 1417, 1073, '8 - 10 дней');

-- --------------------------------------------------------

--
-- Структура таблицы `data_vars`
--

CREATE TABLE IF NOT EXISTS `data_vars` (
  `name` varchar(50) NOT NULL,
  `value` text NOT NULL
) ENGINE=InnoDB DEFAULT CHARSET=utf8;

--
-- Дамп данных таблицы `data_vars`
--

INSERT INTO `data_vars` (`name`, `value`) VALUES
('DOSD_Барнаул_reg', 'Товар находится в г. [+ATTR=27+]. Доставка до города размещения объявления включена в цену. \r\nПри бесплатной доставке выбор тк остается за нами. Сроки отправки товара при бесплатной доставке составляют до 4 дней.\r\n\r\nналичными, карта сбер, альфабанк'),
('DOSD_Белгород_reg', 'Товар находится в г. [+ATTR=27+]. Доставка до города размещения объявления включена в цену. При бесплатной доставке выбор тк остается за нами. Сроки отправки товара при бесплатной доставке составляют до 4 дней. наличными, карта сбер, альфабанк'),
('DOSD_Владивосток_3659593', '`("[+ATTR=27+]"!="Владивосток")?("наличные, указана конечная цена с доставкой на наш склад в г. [+ATTR=27+]. "):("наличные, могу отправить в любой город транспортной компанией.")`'),
('DOSD_Владивосток_wheels70', 'Адрес самовывоза уточняйте по телефону!  Могу отправить в любой город Транспортными компаниями.  Способы оплаты: наличными, карта сбербанк, альфабанк'),
('DOSD_Волгоград_reg', 'Товар находится в г. [+ATTR=27+]. Доставка до города размещения объявления включена в цену. При бесплатной доставке выбор тк остается за нами. Сроки отправки товара при бесплатной доставке составляют до 4 дней. наличными, карта сбер, альфабанк'),
('DOSD_Воронеж_reg', 'Товар находится в г. [+ATTR=27+]. Доставка до города размещения объявления включена в цену. При бесплатной доставке выбор тк остается за нами. Сроки отправки товара при бесплатной доставке составляют до 4 дней. наличными, карта сбер, альфабанк\r\n'),
('DOSD_Екатеринбург_egorVAG', 'Товар находится в г. [+ATTR=27+]. Доставка до города размещения объявления включена в цену. При выборе транспортной компании покупателем цена обсуждается отдельно.\r\nОплата карта сбер, альфабанк.'),
('DOSD_Екатеринбург_reg', 'Товар находится в г. [+ATTR=27+]. Доставка до города размещения объявления включена в цену. При бесплатной доставке выбор тк остается за нами. Сроки отправки товара при бесплатной доставке составляют до 4 дней. наличными, карта сбер, альфабанк'),
('DOSD_Ижевск_reg', 'Товар находится в г. [+ATTR=27+]. Доставка до города размещения объявления включена в цену. При бесплатной доставке выбор тк остается за нами. Сроки отправки товара при бесплатной доставке составляют до 4 дней. наличными, карта сбер, альфабанк'),
('DOSD_Иркутск_reg', 'Товар находится в г. [+ATTR=27+]. Доставка до города размещения объявления включена в цену. При бесплатной доставке выбор тк остается за нами. Сроки отправки товара при бесплатной доставке составляют до 4 дней. наличными, карта сбер, альфабанк'),
('DOSD_Казань_reg', 'Товар находится в г. [+ATTR=27+]. Доставка до города размещения объявления включена в цену. При бесплатной доставке выбор тк остается за нами. Сроки отправки товара при бесплатной доставке составляют до 4 дней. наличными, карта сбер, альфабанк'),
('DOSD_Кемерово_reg', 'Товар находится в г. [+ATTR=27+]. Доставка до города размещения объявления включена в цену. При бесплатной доставке выбор тк остается за нами. Сроки отправки товара при бесплатной доставке составляют до 4 дней. наличными, карта сбер, альфабанк'),
('DOSD_Краснодар_reg', 'Товар находится в г. [+ATTR=27+]. Доставка до города размещения объявления включена в цену. При бесплатной доставке выбор тк остается за нами. Сроки отправки товара при бесплатной доставке составляют до 4 дней. наличными, карта сбер, альфабанк'),
('DOSD_Красноярск_reg', 'Товар находится в г. [+ATTR=27+]. Доставка до города размещения объявления включена в цену. При бесплатной доставке выбор тк остается за нами. Сроки отправки товара при бесплатной доставке составляют до 4 дней. наличными, карта сбер, альфабанк'),
('DOSD_Курск_reg', 'Товар находится в г. [+ATTR=27+]. Доставка до города размещения объявления включена в цену. При бесплатной доставке выбор тк остается за нами. Сроки отправки товара при бесплатной доставке составляют до 4 дней. наличными, карта сбер, альфабанк'),
('DOSD_Кызыл_reg', 'Товар находится в г. [+ATTR=27+]. Доставка до города размещения объявления включена в цену. При бесплатной доставке выбор тк остается за нами. Сроки отправки товара при бесплатной доставке составляют до 4 дней. наличными, карта сбер, альфабанк'),
('DOSD_Москва_reg', 'Товар находится в г. [+ATTR=27+]. Доставка до города размещения объявления включена в цену. При бесплатной доставке выбор тк остается за нами. Сроки отправки товара при бесплатной доставке составляют до 4 дней. наличными, карта сбер, альфабанк'),
('DOSD_Нижний Новгород_reg', 'Товар находится в г. [+ATTR=27+]. Доставка до города размещения объявления включена в цену. При бесплатной доставке выбор тк остается за нами. Сроки отправки товара при бесплатной доставке составляют до 4 дней. наличными, карта сбер, альфабанк'),
('DOSD_Новосибирск_3525927', '`("[+ATTR=27+]"!="Новосибирск")?("наличные указана конечная цена с доставкой на наш склад в г. Новосибирск доставка по городу Новосибирску 500р могу отправить в любой город транспортной компанией (+500р)"):("наличные\r\nдоставка по городу 500р\r\nмогу отправить в любой город транспортной компанией (+500р)")`\r\n\r\n'),
('DOSD_Новосибирск_wheels70', 'Самовывоз ул. Большевистская, ТОЛЬКО по предварительной договоренности.\r\nДоставка по городу 500р\r\nМогу отправить в любой город Транспортными компаниями.\r\nСтоимость доставки до ТК и оформления документов на отправку 500р. за 2 или 4 шины. \r\nСтоимость упаковки дисков в картон, доставки до ТК и оформления документов 500р. за 4 диска.\r\n\r\nСпособы оплаты:\r\nналичными, карта сбербанк, альфабанк'),
('DOSD_Омск_reg', 'Товар находится в г. [+ATTR=27+]. Доставка до города размещения объявления включена в цену. При бесплатной доставке выбор тк остается за нами. Сроки отправки товара при бесплатной доставке составляют до 4 дней. наличными, карта сбер, альфабанк'),
('DOSD_Пенза_reg', 'Товар находится в г. [+ATTR=27+]. Доставка до города размещения объявления включена в цену. При бесплатной доставке выбор тк остается за нами. Сроки отправки товара при бесплатной доставке составляют до 4 дней. наличными, карта сбер, альфабанк'),
('DOSD_Ростов-на-дону_reg', 'Товар находится в г. [+ATTR=27+]. Доставка до города размещения объявления включена в цену. При бесплатной доставке выбор тк остается за нами. Сроки отправки товара при бесплатной доставке составляют до 4 дней. наличными, карта сбер, альфабанк'),
('DOSD_Самара_reg', 'Товар находится в г. [+ATTR=27+]. Доставка до города размещения объявления включена в цену. При бесплатной доставке выбор тк остается за нами. Сроки отправки товара при бесплатной доставке составляют до 4 дней. наличными, карта сбер, альфабанк'),
('DOSD_Санкт-петербург_reg', 'Товар находится в г. [+ATTR=27+]. Доставка до города размещения объявления включена в цену. При бесплатной доставке выбор тк остается за нами. Сроки отправки товара при бесплатной доставке составляют до 4 дней. наличными, карта сбер, альфабанк'),
('DOSD_Ставрополь_reg', 'Товар находится в г. [+ATTR=27+]. Доставка до города размещения объявления включена в цену. При бесплатной доставке выбор тк остается за нами. Сроки отправки товара при бесплатной доставке составляют до 4 дней. наличными, карта сбер, альфабанк'),
('DOSD_Сургут_reg', 'Товар находится в г. [+ATTR=27+]. Доставка до города размещения объявления включена в цену. При бесплатной доставке выбор тк остается за нами. Сроки отправки товара при бесплатной доставке составляют до 4 дней. наличными, карта сбер, альфабанк'),
('DOSD_Тольятти_reg', 'Товар находится в г. [+ATTR=27+]. Доставка до города размещения объявления включена в цену. При бесплатной доставке выбор тк остается за нами. Сроки отправки товара при бесплатной доставке составляют до 4 дней. наличными, карта сбер, альфабанк'),
('DOSD_Томск_kolesotomskru', '`("[+ATTR=27+]"!="Томск")?("Наличные указана конечная цена с доставкой на наш склад в г. Томск доставка по городу Томску 300р могу отправить в любой город транспортной компанией (+400р)"):("наличные\r\nдоставка по городу 300р\r\nмогу отправить в любой город транспортной компанией (+400р)")`'),
('DOSD_Томск_wheels70', 'Самовывоз г. Томск, район пл. Южной, ТОЛЬКО по предварительной договоренности по телефону.\r\nПо предоплате могу доставить по г. Томску\r\nОтправляю в регионы любой ТК на ваш выбор\r\nПредлагается: ПЭК, РАТЭК, Деловые линии, Желдорэкспедиция, Автотрейдинг, Кит, Энергия. \r\nСтоимость доставки до тк и оформления документов на отправку 300р. за 2 или 4 шины. \r\nСтоимость упаковки дисков в картон, доставки до тк и оформления документов 400р. за 4 диска.\r\n\r\nСтоимость и сроки доставки до вашего города узнавайте на сайте ТК \r\n1. Выбираете тк\r\n2. Вводите название тк в гугл\r\n3. Переходите на сайте в раздел \\"калькулятор\\". \r\nПриблизительные параметры комплекта резины: 0,35м2 - 45кг.\r\nПриблизительные параметры комплекта дисков: 0,22м2 - 45кг.\r\nПриблизительные параметры комплекта колес: 0,4м2 - 85кг.\r\n\r\nСпособы оплаты:\r\nналичными, карта сбербанк, альфабанк'),
('DOSD_Тюмень_reg', 'Товар находится в г. [+ATTR=27+]. Доставка до города размещения объявления включена в цену. При бесплатной доставке выбор тк остается за нами. Сроки отправки товара при бесплатной доставке составляют до 4 дней. наличными, карта сбер, альфабанк'),
('DOSD_Улан-удэ_reg', 'Товар находится в г. [+ATTR=27+]. Доставка до города размещения объявления включена в цену. При бесплатной доставке выбор тк остается за нами. Сроки отправки товара при бесплатной доставке составляют до 4 дней. наличными, карта сбер, альфабанк'),
('DOSD_Челябинск_reg', 'Товар находится в г. [+ATTR=27+]. Доставка до города размещения объявления включена в цену. При бесплатной доставке выбор тк остается за нами. Сроки отправки товара при бесплатной доставке составляют до 4 дней. наличными, карта сбер, альфабанк'),
('DOSD_Чита_reg', 'Товар находится в г. [+ATTR=27+]. Доставка до города размещения объявления включена в цену. При бесплатной доставке выбор тк остается за нами. Сроки отправки товара при бесплатной доставке составляют до 4 дней. наличными, карта сбер, альфабанк'),
('DOSSH_PART_shikon', 'Адрес самовывоза уточняйте по телефону!  Могу отправить в любой город Транспортными компаниями.  Способы оплаты: наличными, карта сбербанк, альфабанк'),
('drom_tx_disc_egorVAG', 'Продам диски б/у с Японского аукциона, без пробега по Р/Ф. '),
('drom_tx_disc_kkrasr', ' `( ("[+TABLE=11+]"=="godzilla24"&&"[+ATTR=38+]"=="[+ATTR=27+]")?(""):(("[+TABLE=11+]"=="godzilla24"&&"[+ATTR=38+]"!="[+ATTR=27+]")?("Цена указана с учетом доставки на наш склад в г. [+ATTR=38+]. "):("")) )`\r\n'),
('drom_tx_disc_knr', ' `( ("[+TABLE=11+]"=="3525927"&&"[+ATTR=38+]"=="[+ATTR=27+]")?(""):(("[+TABLE=11+]"=="3525927"&&"[+ATTR=38+]"!="[+ATTR=27+]")?("Цена указана с учетом доставки на наш склад в г. [+ATTR=38+]. "):("")) )`'),
('drom_tx_disc_ktr', ' `( ("[+TABLE=11+]"=="kolesotomskru"&&"[+ATTR=38+]"=="[+ATTR=27+]")?(""):(("[+TABLE=11+]"=="kolesotomskru"&&"[+ATTR=38+]"!="[+ATTR=27+]")?("Цена указана с учетом доставки на наш склад в г. [+ATTR=38+]. "):("")) )`\r\n'),
('drom_tx_disc_other', '("[+ATTR=38+]"=="[+ATTR=27+]")?(""):((("[+ATTR=38+]"!="[+ATTR=27+]")&&([+LIST=34+]==0))?("Отправка до склада ТК в город размещения объявления за мой счет. "):("Цена указана с учетом доставки на наш склад в г. [+ATTR=38+]"))'),
('drom_tx_disc_w70', '([+LIST=33+]==1)?("Цена указана с учетом доставки на наш склад в г. [+ATTR=38+]. "):("")'),
('drom_tx__disc_vlad', ' `( ("[+TABLE=11+]"=="3659593"&&"[+ATTR=38+]"=="[+ATTR=27+]")?(""):(("[+TABLE=11+]"=="3659593"&&"[+ATTR=38+]"!="[+ATTR=27+]")?("Цена указана с учетом доставки на наш склад в г. [+ATTR=38+]. "):("")) )`\r\n'),
('GARD_Барнаул_reg', 'Отправляем только по полной предоплате. Оплачивая товар вы подтверждаете ваше согласие с условиями сделки. Гарантия - что вас не кинут - рейтинг http://baza.drom.ru/user/wheels70/feedbacks?role=buyer а так же большое количество продаваемых лотов. После отправки выкладываем фото накладной. Товар б/у, с большой вероятностью имеет следы эксплуатации (царапины, сколы, следы коррозии, ржавчины, тормозной пыли, загрязнения, помутнения лкп, необходимость дополнительной балансировки, некомплектность мелких частей и аксессуаров). Все диски осмотрены визуально и проверены на балансировочном станки на погнутости, следы варки, трещины. Продавец обязутеся а) отправить именно то что на фото б) известить покупателя о найденных в процессе визуального осмотра и осмотра на балнсире дефектах. Покупатель берет на себя риски покупки б/у товара и перевозки дисков транспортной компанией. Иных гарантий - нет, возврата - нет. Правила и порядок сделки устанавливаются продавцом и отработаны за 2 года работы. Приходящие со своим уставом покупатели заносятся в черный список без объяснения причин.'),
('GARD_Белгород_reg', 'Отправляем только по полной предоплате. Оплачивая товар вы подтверждаете ваше согласие с условиями сделки. Гарантия - что вас не кинут - рейтинг http://baza.drom.ru/user/wheels70/feedbacks?role=buyer а так же большое количество продаваемых лотов. После отправки выкладываем фото накладной. Товар б/у, с большой вероятностью имеет следы эксплуатации (царапины, сколы, следы коррозии, ржавчины, тормозной пыли, загрязнения, помутнения лкп, необходимость дополнительной балансировки, некомплектность мелких частей и аксессуаров). Все диски осмотрены визуально и проверены на балансировочном станки на погнутости, следы варки, трещины. Продавец обязутеся а) отправить именно то что на фото б) известить покупателя о найденных в процессе визуального осмотра и осмотра на балнсире дефектах. Покупатель берет на себя риски покупки б/у товара и перевозки дисков транспортной компанией. Иных гарантий - нет, возврата - нет. Правила и порядок сделки устанавливаются продавцом и отработаны за 2 года работы. Приходящие со своим уставом покупатели заносятся в черный список без объяснения причин.'),
('GARD_Владивосток_3659593', 'Товар б/у, осмотр на месте, проверка на ближайшем шиномонтаже, ВОЗВРАТА И ГАРАНТИЙ - НЕТ.'),
('GARD_Владивосток_wheels70', 'Товар б/у, гарантий и возвратов нет. Без предоплаты доп. фото не делаю. С людьми не понимающими отличие б/у от нового товара - не работаем. В подтверждение качества - наша репутация и рейтинг http://baza.drom.ru/user/wheels70/feedbacks?role=buyer'),
('GARD_Волгоград_reg', 'Отправляем только по полной предоплате. Оплачивая товар вы подтверждаете ваше согласие с условиями сделки. Гарантия - что вас не кинут - рейтинг http://baza.drom.ru/user/wheels70/feedbacks?role=buyer а так же большое количество продаваемых лотов. После отправки выкладываем фото накладной. Товар б/у, с большой вероятностью имеет следы эксплуатации (царапины, сколы, следы коррозии, ржавчины, тормозной пыли, загрязнения, помутнения лкп, необходимость дополнительной балансировки, некомплектность мелких частей и аксессуаров). Все диски осмотрены визуально и проверены на балансировочном станки на погнутости, следы варки, трещины. Продавец обязутеся а) отправить именно то что на фото б) известить покупателя о найденных в процессе визуального осмотра и осмотра на балнсире дефектах. Покупатель берет на себя риски покупки б/у товара и перевозки дисков транспортной компанией. Иных гарантий - нет, возврата - нет. Правила и порядок сделки устанавливаются продавцом и отработаны за 2 года работы. Приходящие со своим уставом покупатели заносятся в черный список без объяснения причин.'),
('GARD_Воронеж_reg', 'Отправляем только по полной предоплате. Оплачивая товар вы подтверждаете ваше согласие с условиями сделки. Гарантия - что вас не кинут - рейтинг http://baza.drom.ru/user/wheels70/feedbacks?role=buyer а так же большое количество продаваемых лотов. После отправки выкладываем фото накладной. Товар б/у, с большой вероятностью имеет следы эксплуатации (царапины, сколы, следы коррозии, ржавчины, тормозной пыли, загрязнения, помутнения лкп, необходимость дополнительной балансировки, некомплектность мелких частей и аксессуаров). Все диски осмотрены визуально и проверены на балансировочном станки на погнутости, следы варки, трещины. Продавец обязутеся а) отправить именно то что на фото б) известить покупателя о найденных в процессе визуального осмотра и осмотра на балнсире дефектах. Покупатель берет на себя риски покупки б/у товара и перевозки дисков транспортной компанией. Иных гарантий - нет, возврата - нет. Правила и порядок сделки устанавливаются продавцом и отработаны за 2 года работы. Приходящие со своим уставом покупатели заносятся в черный список без объяснения причин.'),
('GARD_Екатеринбург_egorVAG', 'Товар б/у, с большой вероятностью имеет следы эксплуатации (царапины, сколы, следы коррозии, ржавчины, тормозной пыли, загрязнения, помутнения лкп, необходимость дополнительной балансировки, некомплектность мелких частей и аксессуаров). Все диски осмотрены визуально и проверены на балансировочном станки на погнутости, следы варки, трещины. Состояние на фото. Иных гарантий - нет, возврата - нет.'),
('GARD_Екатеринбург_reg', 'Отправляем только по полной предоплате. Оплачивая товар вы подтверждаете ваше согласие с условиями сделки. Гарантия - что вас не кинут - рейтинг http://baza.drom.ru/user/wheels70/feedbacks?role=buyer а так же большое количество продаваемых лотов. После отправки выкладываем фото накладной. Товар б/у, с большой вероятностью имеет следы эксплуатации (царапины, сколы, следы коррозии, ржавчины, тормозной пыли, загрязнения, помутнения лкп, необходимость дополнительной балансировки, некомплектность мелких частей и аксессуаров). Все диски осмотрены визуально и проверены на балансировочном станки на погнутости, следы варки, трещины. Продавец обязутеся а) отправить именно то что на фото б) известить покупателя о найденных в процессе визуального осмотра и осмотра на балнсире дефектах. Покупатель берет на себя риски покупки б/у товара и перевозки дисков транспортной компанией. Иных гарантий - нет, возврата - нет. Правила и порядок сделки устанавливаются продавцом и отработаны за 2 года работы. Приходящие со своим уставом покупатели заносятся в черный список без объяснения причин.'),
('GARD_Ижевск_reg', 'Отправляем только по полной предоплате. Оплачивая товар вы подтверждаете ваше согласие с условиями сделки. Гарантия - что вас не кинут - рейтинг http://baza.drom.ru/user/wheels70/feedbacks?role=buyer а так же большое количество продаваемых лотов. После отправки выкладываем фото накладной. Товар б/у, с большой вероятностью имеет следы эксплуатации (царапины, сколы, следы коррозии, ржавчины, тормозной пыли, загрязнения, помутнения лкп, необходимость дополнительной балансировки, некомплектность мелких частей и аксессуаров). Все диски осмотрены визуально и проверены на балансировочном станки на погнутости, следы варки, трещины. Продавец обязутеся а) отправить именно то что на фото б) известить покупателя о найденных в процессе визуального осмотра и осмотра на балнсире дефектах. Покупатель берет на себя риски покупки б/у товара и перевозки дисков транспортной компанией. Иных гарантий - нет, возврата - нет. Правила и порядок сделки устанавливаются продавцом и отработаны за 2 года работы. Приходящие со своим уставом покупатели заносятся в черный список без объяснения причин.'),
('GARD_Иркутск_reg', 'Отправляем только по полной предоплате. Оплачивая товар вы подтверждаете ваше согласие с условиями сделки. Гарантия - что вас не кинут - рейтинг http://baza.drom.ru/user/wheels70/feedbacks?role=buyer а так же большое количество продаваемых лотов. После отправки выкладываем фото накладной. Товар б/у, с большой вероятностью имеет следы эксплуатации (царапины, сколы, следы коррозии, ржавчины, тормозной пыли, загрязнения, помутнения лкп, необходимость дополнительной балансировки, некомплектность мелких частей и аксессуаров). Все диски осмотрены визуально и проверены на балансировочном станки на погнутости, следы варки, трещины. Продавец обязутеся а) отправить именно то что на фото б) известить покупателя о найденных в процессе визуального осмотра и осмотра на балнсире дефектах. Покупатель берет на себя риски покупки б/у товара и перевозки дисков транспортной компанией. Иных гарантий - нет, возврата - нет. Правила и порядок сделки устанавливаются продавцом и отработаны за 2 года работы. Приходящие со своим уставом покупатели заносятся в черный список без объяснения причин.'),
('GARD_Казань_reg', 'Отправляем только по полной предоплате. Оплачивая товар вы подтверждаете ваше согласие с условиями сделки. Гарантия - что вас не кинут - рейтинг http://baza.drom.ru/user/wheels70/feedbacks?role=buyer а так же большое количество продаваемых лотов. После отправки выкладываем фото накладной. Товар б/у, с большой вероятностью имеет следы эксплуатации (царапины, сколы, следы коррозии, ржавчины, тормозной пыли, загрязнения, помутнения лкп, необходимость дополнительной балансировки, некомплектность мелких частей и аксессуаров). Все диски осмотрены визуально и проверены на балансировочном станки на погнутости, следы варки, трещины. Продавец обязутеся а) отправить именно то что на фото б) известить покупателя о найденных в процессе визуального осмотра и осмотра на балнсире дефектах. Покупатель берет на себя риски покупки б/у товара и перевозки дисков транспортной компанией. Иных гарантий - нет, возврата - нет. Правила и порядок сделки устанавливаются продавцом и отработаны за 2 года работы. Приходящие со своим уставом покупатели заносятся в черный список без объяснения причин.'),
('GARD_Кемерово_reg', 'Отправляем только по полной предоплате. Оплачивая товар вы подтверждаете ваше согласие с условиями сделки. Гарантия - что вас не кинут - рейтинг http://baza.drom.ru/user/wheels70/feedbacks?role=buyer а так же большое количество продаваемых лотов. После отправки выкладываем фото накладной. Товар б/у, с большой вероятностью имеет следы эксплуатации (царапины, сколы, следы коррозии, ржавчины, тормозной пыли, загрязнения, помутнения лкп, необходимость дополнительной балансировки, некомплектность мелких частей и аксессуаров). Все диски осмотрены визуально и проверены на балансировочном станки на погнутости, следы варки, трещины. Продавец обязутеся а) отправить именно то что на фото б) известить покупателя о найденных в процессе визуального осмотра и осмотра на балнсире дефектах. Покупатель берет на себя риски покупки б/у товара и перевозки дисков транспортной компанией. Иных гарантий - нет, возврата - нет. Правила и порядок сделки устанавливаются продавцом и отработаны за 2 года работы. Приходящие со своим уставом покупатели заносятся в черный список без объяснения причин.'),
('GARD_Краснодар_reg', 'Отправляем только по полной предоплате. Оплачивая товар вы подтверждаете ваше согласие с условиями сделки. Гарантия - что вас не кинут - рейтинг http://baza.drom.ru/user/wheels70/feedbacks?role=buyer а так же большое количество продаваемых лотов. После отправки выкладываем фото накладной. Товар б/у, с большой вероятностью имеет следы эксплуатации (царапины, сколы, следы коррозии, ржавчины, тормозной пыли, загрязнения, помутнения лкп, необходимость дополнительной балансировки, некомплектность мелких частей и аксессуаров). Все диски осмотрены визуально и проверены на балансировочном станки на погнутости, следы варки, трещины. Продавец обязутеся а) отправить именно то что на фото б) известить покупателя о найденных в процессе визуального осмотра и осмотра на балнсире дефектах. Покупатель берет на себя риски покупки б/у товара и перевозки дисков транспортной компанией. Иных гарантий - нет, возврата - нет. Правила и порядок сделки устанавливаются продавцом и отработаны за 2 года работы. Приходящие со своим уставом покупатели заносятся в черный список без объяснения причин.'),
('GARD_Красноярск_reg', 'Отправляем только по полной предоплате. Оплачивая товар вы подтверждаете ваше согласие с условиями сделки. Гарантия - что вас не кинут - рейтинг http://baza.drom.ru/user/wheels70/feedbacks?role=buyer а так же большое количество продаваемых лотов. После отправки выкладываем фото накладной. Товар б/у, с большой вероятностью имеет следы эксплуатации (царапины, сколы, следы коррозии, ржавчины, тормозной пыли, загрязнения, помутнения лкп, необходимость дополнительной балансировки, некомплектность мелких частей и аксессуаров). Все диски осмотрены визуально и проверены на балансировочном станки на погнутости, следы варки, трещины. Продавец обязутеся а) отправить именно то что на фото б) известить покупателя о найденных в процессе визуального осмотра и осмотра на балнсире дефектах. Покупатель берет на себя риски покупки б/у товара и перевозки дисков транспортной компанией. Иных гарантий - нет, возврата - нет. Правила и порядок сделки устанавливаются продавцом и отработаны за 2 года работы. Приходящие со своим уставом покупатели заносятся в черный список без объяснения причин.'),
('GARD_Курск_reg', 'Отправляем только по полной предоплате. Оплачивая товар вы подтверждаете ваше согласие с условиями сделки. Гарантия - что вас не кинут - рейтинг http://baza.drom.ru/user/wheels70/feedbacks?role=buyer а так же большое количество продаваемых лотов. После отправки выкладываем фото накладной. Товар б/у, с большой вероятностью имеет следы эксплуатации (царапины, сколы, следы коррозии, ржавчины, тормозной пыли, загрязнения, помутнения лкп, необходимость дополнительной балансировки, некомплектность мелких частей и аксессуаров). Все диски осмотрены визуально и проверены на балансировочном станки на погнутости, следы варки, трещины. Продавец обязутеся а) отправить именно то что на фото б) известить покупателя о найденных в процессе визуального осмотра и осмотра на балнсире дефектах. Покупатель берет на себя риски покупки б/у товара и перевозки дисков транспортной компанией. Иных гарантий - нет, возврата - нет. Правила и порядок сделки устанавливаются продавцом и отработаны за 2 года работы. Приходящие со своим уставом покупатели заносятся в черный список без объяснения причин.'),
('GARD_Кызыл_reg', 'Отправляем только по полной предоплате. Оплачивая товар вы подтверждаете ваше согласие с условиями сделки. Гарантия - что вас не кинут - рейтинг http://baza.drom.ru/user/wheels70/feedbacks?role=buyer а так же большое количество продаваемых лотов. После отправки выкладываем фото накладной. Товар б/у, с большой вероятностью имеет следы эксплуатации (царапины, сколы, следы коррозии, ржавчины, тормозной пыли, загрязнения, помутнения лкп, необходимость дополнительной балансировки, некомплектность мелких частей и аксессуаров). Все диски осмотрены визуально и проверены на балансировочном станки на погнутости, следы варки, трещины. Продавец обязутеся а) отправить именно то что на фото б) известить покупателя о найденных в процессе визуального осмотра и осмотра на балнсире дефектах. Покупатель берет на себя риски покупки б/у товара и перевозки дисков транспортной компанией. Иных гарантий - нет, возврата - нет. Правила и порядок сделки устанавливаются продавцом и отработаны за 2 года работы. Приходящие со своим уставом покупатели заносятся в черный список без объяснения причин.'),
('GARD_Москва_reg', 'Отправляем только по полной предоплате. Оплачивая товар вы подтверждаете ваше согласие с условиями сделки. Гарантия - что вас не кинут - рейтинг http://baza.drom.ru/user/wheels70/feedbacks?role=buyer а так же большое количество продаваемых лотов. После отправки выкладываем фото накладной. Товар б/у, с большой вероятностью имеет следы эксплуатации (царапины, сколы, следы коррозии, ржавчины, тормозной пыли, загрязнения, помутнения лкп, необходимость дополнительной балансировки, некомплектность мелких частей и аксессуаров). Все диски осмотрены визуально и проверены на балансировочном станки на погнутости, следы варки, трещины. Продавец обязутеся а) отправить именно то что на фото б) известить покупателя о найденных в процессе визуального осмотра и осмотра на балнсире дефектах. Покупатель берет на себя риски покупки б/у товара и перевозки дисков транспортной компанией. Иных гарантий - нет, возврата - нет. Правила и порядок сделки устанавливаются продавцом и отработаны за 2 года работы. Приходящие со своим уставом покупатели заносятся в черный список без объяснения причин.'),
('GARD_Нижний Новгород_reg', 'Отправляем только по полной предоплате. Оплачивая товар вы подтверждаете ваше согласие с условиями сделки. Гарантия - что вас не кинут - рейтинг http://baza.drom.ru/user/wheels70/feedbacks?role=buyer а так же большое количество продаваемых лотов. После отправки выкладываем фото накладной. Товар б/у, с большой вероятностью имеет следы эксплуатации (царапины, сколы, следы коррозии, ржавчины, тормозной пыли, загрязнения, помутнения лкп, необходимость дополнительной балансировки, некомплектность мелких частей и аксессуаров). Все диски осмотрены визуально и проверены на балансировочном станки на погнутости, следы варки, трещины. Продавец обязутеся а) отправить именно то что на фото б) известить покупателя о найденных в процессе визуального осмотра и осмотра на балнсире дефектах. Покупатель берет на себя риски покупки б/у товара и перевозки дисков транспортной компанией. Иных гарантий - нет, возврата - нет. Правила и порядок сделки устанавливаются продавцом и отработаны за 2 года работы. Приходящие со своим уставом покупатели заносятся в черный список без объяснения причин.'),
('GARD_Новосибирск_3525927', 'Товар б/у, осмотр на месте, проверка на ближайшем шиномонтаже, ВОЗВРАТА И ГАРАНТИЙ - НЕТ.'),
('GARD_Новосибирск_wheels70', 'Внимание!\r\n1. На вопрос "На мое авто подойдут?" не отвечаю. Параметры в описании, ищите в интернете.\r\n2. На фото именно эти диски. Фото в полной мере отражает состояние товара (в т.ч. комплектность колпачков, болтов, сосков, и т.д.). Товар б/у, с 99% вероятностью имеет следы эксплуатации (царапины, сколы, следы коррозии, ржавчины, тормозной пыли, загрязнения, помутнения лкп, необходимость дополнительной балансировки, некомплектность мелких частей и аксессуаров)\r\n3. Оплачивая товар вы подтверждаете ваше согласие с условиями сделки. Продавец обязутеся а) отправить именно то что на фото б) известить покупателя о найденных в процессе визуального осмотра и осмотра на балнсире дефектах. Покупатель берет на себя риски покупки б/у товара и перевозки дисков транспортной компанией.\r\n4. Правила и порядок сделки устанавливаются продавцом и отработаны за 2 года работы. Приходящие со своим уставом покупатели заносятся в черный список без объяснения причин.\r\n\r\nОтправляем только по полной предоплате.\r\nГарантия - что вас не кинут - рейтинг http://baza.drom.ru/user/wheels70/feedbacks?role=buyer а так же большое количество продаваемых лотов.\r\nПосле отправки получаете номер или фото накладной. Не несем ответственности за работу тк.'),
('GARD_Омск_reg', 'Отправляем только по полной предоплате. Оплачивая товар вы подтверждаете ваше согласие с условиями сделки. Гарантия - что вас не кинут - рейтинг http://baza.drom.ru/user/wheels70/feedbacks?role=buyer а так же большое количество продаваемых лотов. После отправки выкладываем фото накладной. Товар б/у, с большой вероятностью имеет следы эксплуатации (царапины, сколы, следы коррозии, ржавчины, тормозной пыли, загрязнения, помутнения лкп, необходимость дополнительной балансировки, некомплектность мелких частей и аксессуаров). Все диски осмотрены визуально и проверены на балансировочном станки на погнутости, следы варки, трещины. Продавец обязутеся а) отправить именно то что на фото б) известить покупателя о найденных в процессе визуального осмотра и осмотра на балнсире дефектах. Покупатель берет на себя риски покупки б/у товара и перевозки дисков транспортной компанией. Иных гарантий - нет, возврата - нет. Правила и порядок сделки устанавливаются продавцом и отработаны за 2 года работы. Приходящие со своим уставом покупатели заносятся в черный список без объяснения причин.'),
('GARD_Пенза_reg', 'Отправляем только по полной предоплате. Оплачивая товар вы подтверждаете ваше согласие с условиями сделки. Гарантия - что вас не кинут - рейтинг http://baza.drom.ru/user/wheels70/feedbacks?role=buyer а так же большое количество продаваемых лотов. После отправки выкладываем фото накладной. Товар б/у, с большой вероятностью имеет следы эксплуатации (царапины, сколы, следы коррозии, ржавчины, тормозной пыли, загрязнения, помутнения лкп, необходимость дополнительной балансировки, некомплектность мелких частей и аксессуаров). Все диски осмотрены визуально и проверены на балансировочном станки на погнутости, следы варки, трещины. Продавец обязутеся а) отправить именно то что на фото б) известить покупателя о найденных в процессе визуального осмотра и осмотра на балнсире дефектах. Покупатель берет на себя риски покупки б/у товара и перевозки дисков транспортной компанией. Иных гарантий - нет, возврата - нет. Правила и порядок сделки устанавливаются продавцом и отработаны за 2 года работы. Приходящие со своим уставом покупатели заносятся в черный список без объяснения причин.'),
('GARD_Ростов-на-дону_reg', 'Отправляем только по полной предоплате. Оплачивая товар вы подтверждаете ваше согласие с условиями сделки. Гарантия - что вас не кинут - рейтинг http://baza.drom.ru/user/wheels70/feedbacks?role=buyer а так же большое количество продаваемых лотов. После отправки выкладываем фото накладной. Товар б/у, с большой вероятностью имеет следы эксплуатации (царапины, сколы, следы коррозии, ржавчины, тормозной пыли, загрязнения, помутнения лкп, необходимость дополнительной балансировки, некомплектность мелких частей и аксессуаров). Все диски осмотрены визуально и проверены на балансировочном станки на погнутости, следы варки, трещины. Продавец обязутеся а) отправить именно то что на фото б) известить покупателя о найденных в процессе визуального осмотра и осмотра на балнсире дефектах. Покупатель берет на себя риски покупки б/у товара и перевозки дисков транспортной компанией. Иных гарантий - нет, возврата - нет. Правила и порядок сделки устанавливаются продавцом и отработаны за 2 года работы. Приходящие со своим уставом покупатели заносятся в черный список без объяснения причин.'),
('GARD_Самара_reg', 'Отправляем только по полной предоплате. Оплачивая товар вы подтверждаете ваше согласие с условиями сделки. Гарантия - что вас не кинут - рейтинг http://baza.drom.ru/user/wheels70/feedbacks?role=buyer а так же большое количество продаваемых лотов. После отправки выкладываем фото накладной. Товар б/у, с большой вероятностью имеет следы эксплуатации (царапины, сколы, следы коррозии, ржавчины, тормозной пыли, загрязнения, помутнения лкп, необходимость дополнительной балансировки, некомплектность мелких частей и аксессуаров). Все диски осмотрены визуально и проверены на балансировочном станки на погнутости, следы варки, трещины. Продавец обязутеся а) отправить именно то что на фото б) известить покупателя о найденных в процессе визуального осмотра и осмотра на балнсире дефектах. Покупатель берет на себя риски покупки б/у товара и перевозки дисков транспортной компанией. Иных гарантий - нет, возврата - нет. Правила и порядок сделки устанавливаются продавцом и отработаны за 2 года работы. Приходящие со своим уставом покупатели заносятся в черный список без объяснения причин.'),
('GARD_Санкт-петербург_reg', 'Отправляем только по полной предоплате. Оплачивая товар вы подтверждаете ваше согласие с условиями сделки. Гарантия - что вас не кинут - рейтинг http://baza.drom.ru/user/wheels70/feedbacks?role=buyer а так же большое количество продаваемых лотов. После отправки выкладываем фото накладной. Товар б/у, с большой вероятностью имеет следы эксплуатации (царапины, сколы, следы коррозии, ржавчины, тормозной пыли, загрязнения, помутнения лкп, необходимость дополнительной балансировки, некомплектность мелких частей и аксессуаров). Все диски осмотрены визуально и проверены на балансировочном станки на погнутости, следы варки, трещины. Продавец обязутеся а) отправить именно то что на фото б) известить покупателя о найденных в процессе визуального осмотра и осмотра на балнсире дефектах. Покупатель берет на себя риски покупки б/у товара и перевозки дисков транспортной компанией. Иных гарантий - нет, возврата - нет. Правила и порядок сделки устанавливаются продавцом и отработаны за 2 года работы. Приходящие со своим уставом покупатели заносятся в черный список без объяснения причин.'),
('GARD_Ставрополь_reg', 'Отправляем только по полной предоплате. Оплачивая товар вы подтверждаете ваше согласие с условиями сделки. Гарантия - что вас не кинут - рейтинг http://baza.drom.ru/user/wheels70/feedbacks?role=buyer а так же большое количество продаваемых лотов. После отправки выкладываем фото накладной. Товар б/у, с большой вероятностью имеет следы эксплуатации (царапины, сколы, следы коррозии, ржавчины, тормозной пыли, загрязнения, помутнения лкп, необходимость дополнительной балансировки, некомплектность мелких частей и аксессуаров). Все диски осмотрены визуально и проверены на балансировочном станки на погнутости, следы варки, трещины. Продавец обязутеся а) отправить именно то что на фото б) известить покупателя о найденных в процессе визуального осмотра и осмотра на балнсире дефектах. Покупатель берет на себя риски покупки б/у товара и перевозки дисков транспортной компанией. Иных гарантий - нет, возврата - нет. Правила и порядок сделки устанавливаются продавцом и отработаны за 2 года работы. Приходящие со своим уставом покупатели заносятся в черный список без объяснения причин.'),
('GARD_Сургут_reg', 'Отправляем только по полной предоплате. Оплачивая товар вы подтверждаете ваше согласие с условиями сделки. Гарантия - что вас не кинут - рейтинг http://baza.drom.ru/user/wheels70/feedbacks?role=buyer а так же большое количество продаваемых лотов. После отправки выкладываем фото накладной. Товар б/у, с большой вероятностью имеет следы эксплуатации (царапины, сколы, следы коррозии, ржавчины, тормозной пыли, загрязнения, помутнения лкп, необходимость дополнительной балансировки, некомплектность мелких частей и аксессуаров). Все диски осмотрены визуально и проверены на балансировочном станки на погнутости, следы варки, трещины. Продавец обязутеся а) отправить именно то что на фото б) известить покупателя о найденных в процессе визуального осмотра и осмотра на балнсире дефектах. Покупатель берет на себя риски покупки б/у товара и перевозки дисков транспортной компанией. Иных гарантий - нет, возврата - нет. Правила и порядок сделки устанавливаются продавцом и отработаны за 2 года работы. Приходящие со своим уставом покупатели заносятся в черный список без объяснения причин.'),
('GARD_Тольятти_reg', 'Отправляем только по полной предоплате. Оплачивая товар вы подтверждаете ваше согласие с условиями сделки. Гарантия - что вас не кинут - рейтинг http://baza.drom.ru/user/wheels70/feedbacks?role=buyer а так же большое количество продаваемых лотов. После отправки выкладываем фото накладной. Товар б/у, с большой вероятностью имеет следы эксплуатации (царапины, сколы, следы коррозии, ржавчины, тормозной пыли, загрязнения, помутнения лкп, необходимость дополнительной балансировки, некомплектность мелких частей и аксессуаров). Все диски осмотрены визуально и проверены на балансировочном станки на погнутости, следы варки, трещины. Продавец обязутеся а) отправить именно то что на фото б) известить покупателя о найденных в процессе визуального осмотра и осмотра на балнсире дефектах. Покупатель берет на себя риски покупки б/у товара и перевозки дисков транспортной компанией. Иных гарантий - нет, возврата - нет. Правила и порядок сделки устанавливаются продавцом и отработаны за 2 года работы. Приходящие со своим уставом покупатели заносятся в черный список без объяснения причин.'),
('GARD_Томск_kolesotomskru', 'Товар б/у, осмотр на месте, проверка на ближайшем шиномонтаже, ВОЗВРАТА И ГАРАНТИЙ - НЕТ.'),
('GARD_Томск_wheels70', 'Для местных - осмотр на месте, проверка на ближайшем шиномонтаже за ваш счет, с учетом разумных затрат моего времени. Товар б/у, имеет следы эксплуатации, гарантий, возвратов - НЕТ.\r\n\r\nВнимание!\r\n1. На вопрос \\"На мое авто подойдут?\\" не отвечаю. Параметры в описании, ищите в интернете. Возврата по причине того что вам не подошли купленные диски - НЕТ.\r\n2. На фото именно эти диски. Фото в полной мере отражает состояние товара (в т.ч. комплектность колпачков, болтов, сосков, и т.д.). Если вас не устраивает качество фото - приходите и смотрите лично или покупайте в своем городе. Дополнительных фотосессий по вашим капризам не устраиваем. Людей, которые думают, что по доп. фото они смогут определить гнутость дисков или вывести на чистую воду недобросовестного продавца - заслуженно считаем наивными.\r\n3. Товар б/у, с 99% вероятностью имеет следы эксплуатации (царапины, сколы, следы коррозии, ржавчины, тормозной пыли, загрязнения, помутнения лкп, необходимость дополнительной балансировки, некомплектность мелких частей и аксессуаров)\r\n4. Оплачивая товар вы подтверждаете ваше согласие с условиями сделки. Продавец обязутеся а) отправить именно то что на фото б) известить покупателя о найденных в процессе визуального осмотра и осмотра на балнсире дефектах. Покупатель берет на себя риски покупки б/у товара и перевозки дисков транспортной компанией.\r\n5. Правила и порядок сделки устанавливаются продавцом и отработаны за 2 года работы. Приходящие со своим уставом покупатели заносятся в черный список без объяснения причин.\r\n\r\nОтправляем только по полной предоплате.\r\nГарантия - что вас не кинут - рейтинг http://baza.drom.ru/user/wheels70/feedbacks?role=buyer а так же большое количество продаваемых лотов.\r\nПосле отправки получаете номер или фото накладной. Не несем ответственности за работу тк.'),
('GARD_Тюмень_reg', 'Отправляем только по полной предоплате. Оплачивая товар вы подтверждаете ваше согласие с условиями сделки. Гарантия - что вас не кинут - рейтинг http://baza.drom.ru/user/wheels70/feedbacks?role=buyer а так же большое количество продаваемых лотов. После отправки выкладываем фото накладной. Товар б/у, с большой вероятностью имеет следы эксплуатации (царапины, сколы, следы коррозии, ржавчины, тормозной пыли, загрязнения, помутнения лкп, необходимость дополнительной балансировки, некомплектность мелких частей и аксессуаров). Все диски осмотрены визуально и проверены на балансировочном станки на погнутости, следы варки, трещины. Продавец обязутеся а) отправить именно то что на фото б) известить покупателя о найденных в процессе визуального осмотра и осмотра на балнсире дефектах. Покупатель берет на себя риски покупки б/у товара и перевозки дисков транспортной компанией. Иных гарантий - нет, возврата - нет. Правила и порядок сделки устанавливаются продавцом и отработаны за 2 года работы. Приходящие со своим уставом покупатели заносятся в черный список без объяснения причин.'),
('GARD_Улан-удэ_reg', 'Отправляем только по полной предоплате. Оплачивая товар вы подтверждаете ваше согласие с условиями сделки. Гарантия - что вас не кинут - рейтинг http://baza.drom.ru/user/wheels70/feedbacks?role=buyer а так же большое количество продаваемых лотов. После отправки выкладываем фото накладной. Товар б/у, с большой вероятностью имеет следы эксплуатации (царапины, сколы, следы коррозии, ржавчины, тормозной пыли, загрязнения, помутнения лкп, необходимость дополнительной балансировки, некомплектность мелких частей и аксессуаров). Все диски осмотрены визуально и проверены на балансировочном станки на погнутости, следы варки, трещины. Продавец обязутеся а) отправить именно то что на фото б) известить покупателя о найденных в процессе визуального осмотра и осмотра на балнсире дефектах. Покупатель берет на себя риски покупки б/у товара и перевозки дисков транспортной компанией. Иных гарантий - нет, возврата - нет. Правила и порядок сделки устанавливаются продавцом и отработаны за 2 года работы. Приходящие со своим уставом покупатели заносятся в черный список без объяснения причин.'),
('GARD_Челябинск_reg', 'Отправляем только по полной предоплате. Оплачивая товар вы подтверждаете ваше согласие с условиями сделки. Гарантия - что вас не кинут - рейтинг http://baza.drom.ru/user/wheels70/feedbacks?role=buyer а так же большое количество продаваемых лотов. После отправки выкладываем фото накладной. Товар б/у, с большой вероятностью имеет следы эксплуатации (царапины, сколы, следы коррозии, ржавчины, тормозной пыли, загрязнения, помутнения лкп, необходимость дополнительной балансировки, некомплектность мелких частей и аксессуаров). Все диски осмотрены визуально и проверены на балансировочном станки на погнутости, следы варки, трещины. Продавец обязутеся а) отправить именно то что на фото б) известить покупателя о найденных в процессе визуального осмотра и осмотра на балнсире дефектах. Покупатель берет на себя риски покупки б/у товара и перевозки дисков транспортной компанией. Иных гарантий - нет, возврата - нет. Правила и порядок сделки устанавливаются продавцом и отработаны за 2 года работы. Приходящие со своим уставом покупатели заносятся в черный список без объяснения причин.'),
('GARD_Чита_reg', 'Отправляем только по полной предоплате. Оплачивая товар вы подтверждаете ваше согласие с условиями сделки. Гарантия - что вас не кинут - рейтинг http://baza.drom.ru/user/wheels70/feedbacks?role=buyer а так же большое количество продаваемых лотов. После отправки выкладываем фото накладной. Товар б/у, с большой вероятностью имеет следы эксплуатации (царапины, сколы, следы коррозии, ржавчины, тормозной пыли, загрязнения, помутнения лкп, необходимость дополнительной балансировки, некомплектность мелких частей и аксессуаров). Все диски осмотрены визуально и проверены на балансировочном станки на погнутости, следы варки, трещины. Продавец обязутеся а) отправить именно то что на фото б) известить покупателя о найденных в процессе визуального осмотра и осмотра на балнсире дефектах. Покупатель берет на себя риски покупки б/у товара и перевозки дисков транспортной компанией. Иных гарантий - нет, возврата - нет. Правила и порядок сделки устанавливаются продавцом и отработаны за 2 года работы. Приходящие со своим уставом покупатели заносятся в черный список без объяснения причин.'),
('GARSH_PART_shikon', 'Гарантия отсутствия грыж и сквозных порезов.  Остальное видно на фото. Иных гарантий, а так же возвратов - нет. Возврата по причине неверного выбора размера и т.п. - НЕТ!\r\n\r\nТовар б/у, может иметь следы эксплуатации, существенно отличаться от нового. При сохранении возможности использования, претензии не принимаются. \r\nДля регионов - высылаем только по предоплате. Гарантия, что вас не кинут и соответствия качества - наш рейтинг http://baza.drom.ru/user/wheels70/feedbacks?role=buyer а так же большое количество продаваемых лотов. После отправки получаете фото накладной.\r\n\r\nС людьми не понимающими отличие б/у от нового товара - не работаем. \r\nВ подтверждение качества - наша репутация и рейтинг http://baza.drom.ru/user/wheels70/feedbacks?role=buyer'),
('GARSH_reg', 'Отправляем по полной предоплате. Оплачивая товар вы подтверждаете ваше согласие с условиями сделки. Гарантия что вас не кинут и качества товара - рейтинг http://baza.drom.ru/user/wheels70/feedbacks?role=buyer . Товар б/у, имеет следы эксплуатации. Все шины осмотрены визуально, все найденные дефекты отражены на фото. После отправки выкладываем фото накладной. '),
('GARSH_Барнаул_reg', 'Отправляем по полной предоплате. Оплачивая товар вы подтверждаете ваше согласие с условиями сделки. Гарантия что вас не кинут и качества товара - рейтинг http://baza.drom.ru/user/wheels70/feedbacks?role=buyer . Товар б/у, имеет следы эксплуатации. Все шины осмотрены визуально, все найденные дефекты отражены на фото. После отправки выкладываем фото накладной. '),
('GARSH_Белгород_reg', 'Отправляем по полной предоплате. Оплачивая товар вы подтверждаете ваше согласие с условиями сделки. Гарантия что вас не кинут и качества товара - рейтинг http://baza.drom.ru/user/wheels70/feedbacks?role=buyer . Товар б/у, имеет следы эксплуатации. Все шины осмотрены визуально, все найденные дефекты отражены на фото. После отправки выкладываем фото накладной. '),
('GARSH_Владивосток_3659593', 'Товар б/у, осмотр на месте, проверка на ближайшем шиномонтаже, ВОЗВРАТА И ГАРАНТИЙ - НЕТ.'),
('GARSH_Владивосток_wheels70', 'Товар б/у, гарантий и возвратов нет. Шины проверены на наличие грыж, шишек и порезов в надутом состоянии. Остальное видно на фото. Без предоплаты доп. фото не делаю. С людьми не понимающими отличие б/у от нового товара - не работаем. В подтверждение качества - наша репутация и рейтинг http://baza.drom.ru/user/wheels70/feedbacks?role=buyer'),
('GARSH_Волгоград_reg', 'Отправляем по полной предоплате. Оплачивая товар вы подтверждаете ваше согласие с условиями сделки. Гарантия что вас не кинут и качества товара - рейтинг http://baza.drom.ru/user/wheels70/feedbacks?role=buyer . Товар б/у, имеет следы эксплуатации. Все шины осмотрены визуально, все найденные дефекты отражены на фото. После отправки выкладываем фото накладной. '),
('GARSH_Воронеж_reg', 'Отправляем по полной предоплате. Оплачивая товар вы подтверждаете ваше согласие с условиями сделки. Гарантия что вас не кинут и качества товара - рейтинг http://baza.drom.ru/user/wheels70/feedbacks?role=buyer . Товар б/у, имеет следы эксплуатации. Все шины осмотрены визуально, все найденные дефекты отражены на фото. После отправки выкладываем фото накладной. '),
('GARSH_Екатеринбург_egorVAG', 'Гарантия отсутствия грыж и сквозных порезов. Иных гарантий, а так же возвратов - нет. Возврата по причине неверного выбора размера и т.п. - НЕТ!\r\n\r\nТовар б/у, может иметь следы эксплуатации, существенно отличаться от нового. При сохранении возможности использования, претензии не принимаются. \r\nДля регионов - высылаем только по предоплате. \r\n\r\nШины проверены на наличие грыж, шишек и порезов в надутом состоянии. Остальное видно на фото. С людьми не понимающими отличие б/у от нового товара - не работаем. '),
('GARSH_Екатеринбург_reg', 'Отправляем по полной предоплате. Оплачивая товар вы подтверждаете ваше согласие с условиями сделки. Гарантия что вас не кинут и качества товара - рейтинг http://baza.drom.ru/user/wheels70/feedbacks?role=buyer . Товар б/у, имеет следы эксплуатации. Все шины осмотрены визуально, все найденные дефекты отражены на фото. После отправки выкладываем фото накладной. ');
INSERT INTO `data_vars` (`name`, `value`) VALUES
('GARSH_Ижевск_reg', 'Отправляем по полной предоплате. Оплачивая товар вы подтверждаете ваше согласие с условиями сделки. Гарантия что вас не кинут и качества товара - рейтинг http://baza.drom.ru/user/wheels70/feedbacks?role=buyer . Товар б/у, имеет следы эксплуатации. Все шины осмотрены визуально, все найденные дефекты отражены на фото. После отправки выкладываем фото накладной. '),
('GARSH_Иркутск_reg', 'Отправляем по полной предоплате. Оплачивая товар вы подтверждаете ваше согласие с условиями сделки. Гарантия что вас не кинут и качества товара - рейтинг http://baza.drom.ru/user/wheels70/feedbacks?role=buyer . Товар б/у, имеет следы эксплуатации. Все шины осмотрены визуально, все найденные дефекты отражены на фото. После отправки выкладываем фото накладной. '),
('GARSH_Казань_reg', 'Отправляем по полной предоплате. Оплачивая товар вы подтверждаете ваше согласие с условиями сделки. Гарантия что вас не кинут и качества товара - рейтинг http://baza.drom.ru/user/wheels70/feedbacks?role=buyer . Товар б/у, имеет следы эксплуатации. Все шины осмотрены визуально, все найденные дефекты отражены на фото. После отправки выкладываем фото накладной. '),
('GARSH_Кемерово_reg', 'Отправляем по полной предоплате. Оплачивая товар вы подтверждаете ваше согласие с условиями сделки. Гарантия что вас не кинут и качества товара - рейтинг http://baza.drom.ru/user/wheels70/feedbacks?role=buyer . Товар б/у, имеет следы эксплуатации. Все шины осмотрены визуально, все найденные дефекты отражены на фото. После отправки выкладываем фото накладной. '),
('GARSH_Краснодар_reg', 'Отправляем по полной предоплате. Оплачивая товар вы подтверждаете ваше согласие с условиями сделки. Гарантия что вас не кинут и качества товара - рейтинг http://baza.drom.ru/user/wheels70/feedbacks?role=buyer . Товар б/у, имеет следы эксплуатации. Все шины осмотрены визуально, все найденные дефекты отражены на фото. После отправки выкладываем фото накладной. '),
('GARSH_Красноярск_reg', 'Отправляем по полной предоплате. Оплачивая товар вы подтверждаете ваше согласие с условиями сделки. Гарантия что вас не кинут и качества товара - рейтинг http://baza.drom.ru/user/wheels70/feedbacks?role=buyer . Товар б/у, имеет следы эксплуатации. Все шины осмотрены визуально, все найденные дефекты отражены на фото. После отправки выкладываем фото накладной. '),
('GARSH_Курск_reg', 'Отправляем по полной предоплате. Оплачивая товар вы подтверждаете ваше согласие с условиями сделки. Гарантия что вас не кинут и качества товара - рейтинг http://baza.drom.ru/user/wheels70/feedbacks?role=buyer . Товар б/у, имеет следы эксплуатации. Все шины осмотрены визуально, все найденные дефекты отражены на фото. После отправки выкладываем фото накладной. '),
('GARSH_Кызал_reg', 'Отправляем по полной предоплате. Оплачивая товар вы подтверждаете ваше согласие с условиями сделки. Гарантия что вас не кинут и качества товара - рейтинг http://baza.drom.ru/user/wheels70/feedbacks?role=buyer . Товар б/у, имеет следы эксплуатации. Все шины осмотрены визуально, все найденные дефекты отражены на фото. После отправки выкладываем фото накладной. '),
('GARSH_Москва_reg', 'Отправляем по полной предоплате. Оплачивая товар вы подтверждаете ваше согласие с условиями сделки. Гарантия что вас не кинут и качества товара - рейтинг http://baza.drom.ru/user/wheels70/feedbacks?role=buyer . Товар б/у, имеет следы эксплуатации. Все шины осмотрены визуально, все найденные дефекты отражены на фото. После отправки выкладываем фото накладной. '),
('GARSH_Нижний новгород_reg', 'Отправляем по полной предоплате. Оплачивая товар вы подтверждаете ваше согласие с условиями сделки. Гарантия что вас не кинут и качества товара - рейтинг http://baza.drom.ru/user/wheels70/feedbacks?role=buyer . Товар б/у, имеет следы эксплуатации. Все шины осмотрены визуально, все найденные дефекты отражены на фото. После отправки выкладываем фото накладной. '),
('GARSH_Новосибирск_3525927', 'Товар б/у, осмотр на месте, проверка на ближайшем шиномонтаже, ВОЗВРАТА И ГАРАНТИЙ - НЕТ.'),
('GARSH_Новосибирск_wheels70', 'Товар б/у, гарантий и возвратов нет. Шины проверены на наличие грыж, шишек и порезов в надутом состоянии. Остальное видно на фото. Без предоплаты доп. фото не делаю. С людьми не понимающими отличие б/у от нового товара - не работаем. \r\nВ подтверждение качества - наша репутация и рейтинг http://baza.drom.ru/user/wheels70/feedbacks?role=buyer'),
('GARSH_Омск_reg', 'Отправляем по полной предоплате. Оплачивая товар вы подтверждаете ваше согласие с условиями сделки. Гарантия что вас не кинут и качества товара - рейтинг http://baza.drom.ru/user/wheels70/feedbacks?role=buyer . Товар б/у, имеет следы эксплуатации. Все шины осмотрены визуально, все найденные дефекты отражены на фото. После отправки выкладываем фото накладной. '),
('GARSH_Пенза_reg', 'Отправляем по полной предоплате. Оплачивая товар вы подтверждаете ваше согласие с условиями сделки. Гарантия что вас не кинут и качества товара - рейтинг http://baza.drom.ru/user/wheels70/feedbacks?role=buyer . Товар б/у, имеет следы эксплуатации. Все шины осмотрены визуально, все найденные дефекты отражены на фото. После отправки выкладываем фото накладной. '),
('GARSH_Ростов-на-дону_reg', 'Отправляем по полной предоплате. Оплачивая товар вы подтверждаете ваше согласие с условиями сделки. Гарантия что вас не кинут и качества товара - рейтинг http://baza.drom.ru/user/wheels70/feedbacks?role=buyer . Товар б/у, имеет следы эксплуатации. Все шины осмотрены визуально, все найденные дефекты отражены на фото. После отправки выкладываем фото накладной. '),
('GARSH_Самара_reg', 'Отправляем по полной предоплате. Оплачивая товар вы подтверждаете ваше согласие с условиями сделки. Гарантия что вас не кинут и качества товара - рейтинг http://baza.drom.ru/user/wheels70/feedbacks?role=buyer . Товар б/у, имеет следы эксплуатации. Все шины осмотрены визуально, все найденные дефекты отражены на фото. После отправки выкладываем фото накладной. '),
('GARSH_Санкт-петербург_reg', 'Отправляем по полной предоплате. Оплачивая товар вы подтверждаете ваше согласие с условиями сделки. Гарантия что вас не кинут и качества товара - рейтинг http://baza.drom.ru/user/wheels70/feedbacks?role=buyer . Товар б/у, имеет следы эксплуатации. Все шины осмотрены визуально, все найденные дефекты отражены на фото. После отправки выкладываем фото накладной. '),
('GARSH_Ставрополь_reg', 'Отправляем по полной предоплате. Оплачивая товар вы подтверждаете ваше согласие с условиями сделки. Гарантия что вас не кинут и качества товара - рейтинг http://baza.drom.ru/user/wheels70/feedbacks?role=buyer . Товар б/у, имеет следы эксплуатации. Все шины осмотрены визуально, все найденные дефекты отражены на фото. После отправки выкладываем фото накладной. '),
('GARSH_Сургут_reg', 'Отправляем по полной предоплате. Оплачивая товар вы подтверждаете ваше согласие с условиями сделки. Гарантия что вас не кинут и качества товара - рейтинг http://baza.drom.ru/user/wheels70/feedbacks?role=buyer . Товар б/у, имеет следы эксплуатации. Все шины осмотрены визуально, все найденные дефекты отражены на фото. После отправки выкладываем фото накладной. '),
('GARSH_Тольятти_reg', 'Отправляем по полной предоплате. Оплачивая товар вы подтверждаете ваше согласие с условиями сделки. Гарантия что вас не кинут и качества товара - рейтинг http://baza.drom.ru/user/wheels70/feedbacks?role=buyer . Товар б/у, имеет следы эксплуатации. Все шины осмотрены визуально, все найденные дефекты отражены на фото. После отправки выкладываем фото накладной. '),
('GARSH_Томск_kolesotomskru', 'Товар б/у, осмотр на месте, проверка на ближайшем шиномонтаже, ВОЗВРАТА И ГАРАНТИЙ - НЕТ.'),
('GARSH_Томск_wheels70', 'Гарантия отсутствия грыж и сквозных порезов. Иных гарантий, а так же возвратов - нет. Возврата по причине неверного выбора размера и т.п. - НЕТ!\r\n\r\n1. Для местных - осмотр на месте, проверка на шиномонтаже ул. Мокрушина 9 за ваш счет, с учетом разумных затрат моего времени. Товар б/у, может иметь следы эксплуатации, существенно отличаться от нового. При сохранении возможности использования, претензии не принимаются. \r\n2. Для регионов - высылаем только по предоплате. Гарантия, что вас не кинут и соответствия качества - наш рейтинг http://baza.drom.ru/user/wheels70/feedbacks?role=buyer а так же большое количество продаваемых лотов. После отправки получаете фото накладной.\r\n\r\nШины проверены на наличие грыж, шишек и порезов в надутом состоянии. Остальное видно на фото. Без предоплаты доп. фото не делаю. С людьми не понимающими отличие б/у от нового товара - не работаем. \r\nВ подтверждение качества - наша репутация и рейтинг http://baza.drom.ru/user/wheels70/feedbacks?role=buyer'),
('GARSH_Тюмень_reg', 'Отправляем по полной предоплате. Оплачивая товар вы подтверждаете ваше согласие с условиями сделки. Гарантия что вас не кинут и качества товара - рейтинг http://baza.drom.ru/user/wheels70/feedbacks?role=buyer . Товар б/у, имеет следы эксплуатации. Все шины осмотрены визуально, все найденные дефекты отражены на фото. После отправки выкладываем фото накладной. '),
('GARSH_Улан-удэ_reg', 'Отправляем по полной предоплате. Оплачивая товар вы подтверждаете ваше согласие с условиями сделки. Гарантия что вас не кинут и качества товара - рейтинг http://baza.drom.ru/user/wheels70/feedbacks?role=buyer . Товар б/у, имеет следы эксплуатации. Все шины осмотрены визуально, все найденные дефекты отражены на фото. После отправки выкладываем фото накладной. '),
('GARSH_Челябинск_reg', 'Отправляем по полной предоплате. Оплачивая товар вы подтверждаете ваше согласие с условиями сделки. Гарантия что вас не кинут и качества товара - рейтинг http://baza.drom.ru/user/wheels70/feedbacks?role=buyer . Товар б/у, имеет следы эксплуатации. Все шины осмотрены визуально, все найденные дефекты отражены на фото. После отправки выкладываем фото накладной. '),
('GARSH_Чита_reg', 'Отправляем по полной предоплате. Оплачивая товар вы подтверждаете ваше согласие с условиями сделки. Гарантия что вас не кинут и качества товара - рейтинг http://baza.drom.ru/user/wheels70/feedbacks?role=buyer . Товар б/у, имеет следы эксплуатации. Все шины осмотрены визуально, все найденные дефекты отражены на фото. После отправки выкладываем фото накладной. '),
('wheels_txt_cat_1', 'none'),
('wheels_txt_cat_2', 'ПРОДАЮТСЯ КОЛЕСА В ПУТИ, Т.Е. ПРАВО ПОЛУЧИТЬ ЛОТ С ЯПОНСКОГО АУКЦИОНА "КАК ЕСТЬ" без гарантий с нашей стороны. Делая ставку покупатель соглашается с условиями сделки.\r\nПродам колеса, куплены [+ATTR=3+] на японском аукционе. Находятся в пути, сроки поставки от указанной даты 21-60 дней. Если в течение 60 дней вы не получите товар - имеете право на возврат денег в размере уплаченной суммы. \r\nМы перепродаем вам право получить товар с японского аукциона купленный на основании предоставленных фото. Товар, его параметры, состояние, комплектация и пр. могут отличаться от фото/описания по вине японской стороны. Данные риски компенсируются низкой ценой, их берет на себя покупатель. Поле износ шин заполнено по нашей субъективной оценке. Реальный остаток смотрите по фото. Других фото, кроме приложенных нет. Товар отправляется вам без проверки, в состоянии, в котором поступил из Японии.'),
('wheels_txt_cat_3', 'ПРОДАЮТСЯ КОЛЕСА, СВЕЖИЙ ПРИХОД, НЕ РАСПАКОВЫВАЛИ, Т.Е. С ЯПОНСКОГО АУКЦИОНА "КАК ЕСТЬ" без гарантий с нашей стороны. Делая ставку покупатель соглашается с условиями сделки.\r\nПродам колеса, куплены на японском аукционе. Находятся в г. Владивосток на нашем складе. Продаются как есть в японской упаковке, без проверки. Мы перепродаем вам право получить товар с японского аукциона купленный на основании предоставленных фото. Товар, его параметры, состояние, комплектация и пр. могут отличаться от фото/описания по вине японской стороны. Данные риски компенсируются низкой ценой, их берет на себя покупатель. Поле износ шин заполнено по нашей субъективной оценке. Реальный остаток смотрите по фото. Других фото, кроме приложенных нет. Товар отправляется вам без проверки, в состоянии, в котором поступил из Японии. ');

-- --------------------------------------------------------

--
-- Структура таблицы `desktop`
--

CREATE TABLE IF NOT EXISTS `desktop` (
`id` int(10) unsigned NOT NULL,
  `name` varchar(255) NOT NULL,
  `parent_id` int(10) unsigned DEFAULT '1'
) ENGINE=InnoDB AUTO_INCREMENT=48 DEFAULT CHARSET=utf8;

--
-- Дамп данных таблицы `desktop`
--

INSERT INTO `desktop` (`id`, `name`, `parent_id`) VALUES
(1, 'Рабочий стол', 0),
(46, 'Новая папка', 1),
(47, 'Новая папка 2', 1);

-- --------------------------------------------------------

--
-- Структура таблицы `desktop_table`
--

CREATE TABLE IF NOT EXISTS `desktop_table` (
`id` int(10) unsigned NOT NULL,
  `name` varchar(100) NOT NULL,
  `folder_id` int(10) unsigned NOT NULL
) ENGINE=InnoDB AUTO_INCREMENT=8 DEFAULT CHARSET=utf8;

--
-- Дамп данных таблицы `desktop_table`
--

INSERT INTO `desktop_table` (`id`, `name`, `folder_id`) VALUES
(7, 'Новая таблица', 1);

-- --------------------------------------------------------

--
-- Структура таблицы `desktop_table_cell`
--

CREATE TABLE IF NOT EXISTS `desktop_table_cell` (
  `row_id` int(11) NOT NULL,
  `col_id` int(11) NOT NULL,
  `int_value` int(11) DEFAULT NULL,
  `varchar_value` varchar(255) DEFAULT NULL,
  `text_value` text,
  `time_value` timestamp NULL DEFAULT NULL ON UPDATE CURRENT_TIMESTAMP,
  `variant_id` int(10) unsigned DEFAULT NULL
) ENGINE=InnoDB DEFAULT CHARSET=utf8;

--
-- Дамп данных таблицы `desktop_table_cell`
--

INSERT INTO `desktop_table_cell` (`row_id`, `col_id`, `int_value`, `varchar_value`, `text_value`, `time_value`, `variant_id`) VALUES
(10, 10, NULL, 'asd', NULL, NULL, NULL),
(10, 11, NULL, '+7 (123) 123-12-31', NULL, NULL, NULL),
(10, 12, NULL, 'asd@asdad.ru', NULL, NULL, NULL),
(10, 13, NULL, 'http://asdasd.ru', NULL, NULL, NULL);

-- --------------------------------------------------------

--
-- Структура таблицы `desktop_table_col`
--

CREATE TABLE IF NOT EXISTS `desktop_table_col` (
`id` int(10) unsigned NOT NULL,
  `name` varchar(100) NOT NULL,
  `table_id` int(10) unsigned NOT NULL,
  `type_id` tinyint(3) unsigned NOT NULL,
  `list` tinyint(1) DEFAULT '0',
  `required` tinyint(1) DEFAULT '0'
) ENGINE=InnoDB AUTO_INCREMENT=14 DEFAULT CHARSET=utf8;

--
-- Дамп данных таблицы `desktop_table_col`
--

INSERT INTO `desktop_table_col` (`id`, `name`, `table_id`, `type_id`, `list`, `required`) VALUES
(10, 'Имя', 7, 2, 0, 0),
(11, 'Телефон', 7, 6, 0, 0),
(12, 'E-mail', 7, 7, 0, 0),
(13, 'Ссылка', 7, 8, 0, 0);

-- --------------------------------------------------------

--
-- Структура таблицы `desktop_table_col_type`
--

CREATE TABLE IF NOT EXISTS `desktop_table_col_type` (
`id` tinyint(3) unsigned NOT NULL,
  `name` varchar(100) NOT NULL,
  `code` varchar(10) NOT NULL,
  `class` varchar(100) NOT NULL
) ENGINE=InnoDB AUTO_INCREMENT=9 DEFAULT CHARSET=utf8;

--
-- Дамп данных таблицы `desktop_table_col_type`
--

INSERT INTO `desktop_table_col_type` (`id`, `name`, `code`, `class`) VALUES
(1, 'Число', 'int', ''),
(2, 'Строка', 'varchar', ''),
(3, 'Дата', 'time', ''),
(4, 'Дата и время', 'time', ''),
(5, 'Текст', 'text', ''),
(6, 'Телефон', 'varchar', 'phone'),
(7, 'E-mail', 'varchar', 'email'),
(8, 'URL', 'varchar', 'url');

-- --------------------------------------------------------

--
-- Структура таблицы `desktop_table_col_variant`
--

CREATE TABLE IF NOT EXISTS `desktop_table_col_variant` (
`id` int(11) NOT NULL,
  `col_id` int(11) NOT NULL,
  `int_value` int(11) NOT NULL,
  `varchar_value` varchar(255) NOT NULL
) ENGINE=InnoDB DEFAULT CHARSET=utf8;

-- --------------------------------------------------------

--
-- Структура таблицы `desktop_table_row`
--

CREATE TABLE IF NOT EXISTS `desktop_table_row` (
`id` int(10) unsigned NOT NULL,
  `table_id` int(10) unsigned NOT NULL
) ENGINE=InnoDB AUTO_INCREMENT=11 DEFAULT CHARSET=utf8;

--
-- Дамп данных таблицы `desktop_table_row`
--

INSERT INTO `desktop_table_row` (`id`, `table_id`) VALUES
(10, 7);

-- --------------------------------------------------------

--
-- Структура таблицы `export`
--

CREATE TABLE IF NOT EXISTS `export` (
`id` int(10) unsigned NOT NULL,
  `name` varchar(255) NOT NULL,
  `good_type_id` int(10) unsigned NOT NULL
) ENGINE=InnoDB AUTO_INCREMENT=25 DEFAULT CHARSET=utf8;

--
-- Дамп данных таблицы `export`
--

INSERT INTO `export` (`id`, `name`, `good_type_id`) VALUES
(1, 'DromAutoAdd_tires', 1),
(2, 'DromAutoAdd_discs', 2),
(3, 'AvitoAutoAdd_tires', 1),
(4, 'AvitoAutoAdd_discs', 2),
(7, 'DromAutoAdd_wheels', 3),
(8, 'DromAutoAdd_disc_egorVAG', 2),
(9, 'DromAutoAdd_tire_egorVAG', 1),
(10, 'Avito tire ekat', 1),
(11, 'Прайс шины', 1),
(12, 'Наличие диски', 2),
(13, 'Наличие шины', 1),
(14, 'AvitoAutoAdd_disc_part', 2),
(15, 'AvitoAutoAdd_tires_part', 1),
(16, 'Прайс диски', 2),
(17, 'Список соответствия номера - ссылки дром и авито', 1),
(18, 'Список соответствия номера - ссылки дром и авито', 2),
(19, 'авито Самара диски', 2),
(24, 'Jkjkj', 1);

-- --------------------------------------------------------

--
-- Структура таблицы `export_attribute`
--

CREATE TABLE IF NOT EXISTS `export_attribute` (
  `export_id` int(10) unsigned NOT NULL,
  `attribute_id` int(10) unsigned NOT NULL DEFAULT '0',
  `sort` int(10) unsigned NOT NULL
) ENGINE=InnoDB DEFAULT CHARSET=utf8;

--
-- Дамп данных таблицы `export_attribute`
--

INSERT INTO `export_attribute` (`export_id`, `attribute_id`, `sort`) VALUES
(1, 3, 10),
(1, 10, 50),
(1, 23, 220),
(1, 27, 210),
(1, 28, 30),
(1, 29, 70),
(1, 43, 230),
(2, 3, 10),
(2, 9, 40),
(2, 27, 210),
(2, 28, 30),
(2, 32, 70),
(2, 43, 220),
(3, 3, 10),
(3, 7, 70),
(3, 8, 80),
(3, 9, 50),
(3, 23, 170),
(3, 27, 150),
(3, 43, 160),
(4, 3, 10),
(4, 9, 60),
(5, 3, 10),
(5, 20, 40),
(6, 3, 10),
(6, 27, 20),
(7, 3, 10),
(7, 5, 130),
(7, 6, 100),
(7, 10, 60),
(7, 16, 50),
(7, 28, 40),
(7, 29, 80),
(7, 31, 110),
(7, 32, 120),
(8, 3, 10),
(8, 9, 40),
(8, 28, 30),
(8, 32, 70),
(9, 3, 10),
(9, 10, 50),
(9, 28, 30),
(9, 29, 70),
(10, 3, 10),
(10, 7, 70),
(10, 8, 80),
(10, 9, 50),
(10, 23, 150),
(11, 3, 10),
(11, 7, 90),
(11, 8, 100),
(11, 9, 80),
(11, 10, 130),
(11, 11, 180),
(11, 12, 140),
(11, 13, 150),
(11, 14, 160),
(11, 15, 170),
(11, 16, 60),
(11, 17, 70),
(11, 18, 110),
(11, 19, 120),
(11, 23, 50),
(11, 26, 30),
(11, 27, 20),
(11, 28, 40),
(11, 35, 190),
(12, 3, 10),
(13, 3, 10),
(14, 3, 10),
(14, 9, 60),
(14, 27, 150),
(14, 43, 160),
(15, 3, 10),
(16, 3, 10),
(16, 5, 70),
(16, 6, 50),
(16, 9, 40),
(16, 11, 120),
(16, 26, 30),
(16, 27, 20),
(16, 28, 60),
(16, 31, 80),
(16, 32, 90),
(16, 33, 100),
(16, 34, 110),
(16, 35, 130),
(17, 3, 10),
(17, 44, 20),
(17, 53, 30),
(18, 3, 10),
(18, 44, 20),
(18, 53, 30),
(19, 3, 10),
(19, 9, 60),
(19, 43, 150),
(20, 3, 470),
(20, 7, 460),
(20, 8, 320),
(20, 9, 310),
(20, 10, 80),
(20, 11, 380),
(20, 12, 270),
(20, 13, 280),
(20, 14, 290),
(20, 15, 300),
(20, 16, 200),
(20, 17, 220),
(20, 18, 140),
(20, 19, 150),
(20, 20, 450),
(20, 23, 360),
(20, 26, 370),
(20, 27, 530),
(20, 28, 170),
(20, 29, 130),
(20, 35, 260),
(20, 36, 420),
(20, 37, 430),
(20, 38, 100),
(20, 42, 250),
(20, 43, 330),
(20, 44, 40),
(20, 46, 70),
(20, 48, 20),
(20, 49, 30),
(20, 50, 10),
(20, 51, 440),
(20, 53, 50),
(21, 3, 210),
(21, 7, 530),
(21, 8, 380),
(21, 9, 370),
(21, 10, 90),
(21, 11, 440),
(21, 12, 330),
(21, 13, 340),
(21, 14, 350),
(21, 15, 360),
(21, 16, 260),
(21, 17, 280),
(21, 18, 190),
(21, 19, 200),
(21, 20, 520),
(21, 23, 420),
(21, 26, 430),
(21, 27, 120),
(21, 28, 230),
(21, 29, 180),
(21, 35, 320),
(21, 36, 480),
(21, 37, 490),
(21, 38, 10),
(21, 42, 310),
(21, 43, 390),
(21, 44, 50),
(21, 46, 80),
(21, 48, 30),
(21, 49, 40),
(21, 50, 20),
(21, 51, 510),
(21, 53, 60),
(22, 3, 210),
(22, 7, 530),
(22, 8, 380),
(22, 9, 370),
(22, 10, 80),
(22, 11, 440),
(22, 12, 330),
(22, 13, 340),
(22, 14, 350),
(22, 15, 360),
(22, 16, 260),
(22, 17, 280),
(22, 18, 190),
(22, 19, 200),
(22, 20, 520),
(22, 23, 420),
(22, 26, 430),
(22, 27, 120),
(22, 28, 230),
(22, 29, 180),
(22, 35, 320),
(22, 36, 480),
(22, 37, 490),
(22, 38, 100),
(22, 42, 310),
(22, 43, 390),
(22, 44, 40),
(22, 46, 70),
(22, 48, 20),
(22, 49, 30),
(22, 50, 10),
(22, 51, 510),
(22, 53, 50),
(23, 3, 210),
(23, 7, 530),
(23, 8, 380),
(23, 9, 370),
(23, 10, 80),
(23, 11, 440),
(23, 12, 330),
(23, 13, 340),
(23, 14, 350),
(23, 15, 360),
(23, 16, 260),
(23, 17, 280),
(23, 18, 190),
(23, 19, 200),
(23, 20, 520),
(23, 23, 420),
(23, 26, 430),
(23, 27, 120),
(23, 28, 230),
(23, 29, 180),
(23, 35, 320),
(23, 36, 480),
(23, 37, 490),
(23, 38, 100),
(23, 42, 310),
(23, 43, 390),
(23, 44, 40),
(23, 46, 70),
(23, 48, 20),
(23, 49, 30),
(23, 50, 10),
(23, 51, 510),
(23, 53, 50),
(24, 3, 10),
(24, 10, 30),
(24, 11, 90),
(24, 23, 80);

-- --------------------------------------------------------

--
-- Структура таблицы `export_interpreter`
--

CREATE TABLE IF NOT EXISTS `export_interpreter` (
  `export_id` int(10) unsigned NOT NULL,
  `interpreter_id` int(10) unsigned NOT NULL,
  `sort` int(11) NOT NULL
) ENGINE=InnoDB DEFAULT CHARSET=utf8;

--
-- Дамп данных таблицы `export_interpreter`
--

INSERT INTO `export_interpreter` (`export_id`, `interpreter_id`, `sort`) VALUES
(1, 8, 20),
(1, 10, 90),
(1, 12, 40),
(1, 13, 80),
(1, 24, 140),
(1, 25, 100),
(1, 28, 120),
(1, 31, 130),
(1, 38, 160),
(1, 39, 150),
(1, 40, 200),
(1, 43, 170),
(1, 44, 60),
(1, 45, 110),
(1, 72, 180),
(1, 73, 190),
(2, 17, 20),
(2, 19, 80),
(2, 21, 90),
(2, 22, 110),
(2, 26, 100),
(2, 27, 120),
(2, 29, 190),
(2, 30, 130),
(2, 32, 180),
(2, 33, 140),
(2, 36, 160),
(2, 37, 150),
(2, 41, 200),
(2, 42, 170),
(2, 92, 50),
(2, 93, 60),
(3, 45, 40),
(3, 55, 60),
(3, 56, 130),
(3, 57, 140),
(3, 58, 120),
(3, 62, 90),
(3, 64, 100),
(3, 65, 110),
(3, 97, 20),
(3, 99, 30),
(4, 22, 40),
(4, 59, 120),
(4, 60, 130),
(4, 61, 140),
(4, 63, 110),
(4, 66, 50),
(4, 67, 80),
(4, 68, 90),
(4, 70, 100),
(4, 71, 70),
(4, 83, 30),
(5, 86, 20),
(5, 87, 30),
(5, 88, 60),
(5, 89, 50),
(6, 94, 30),
(7, 108, 20),
(7, 109, 90),
(7, 110, 30),
(7, 112, 70),
(7, 113, 170),
(7, 114, 150),
(7, 115, 160),
(7, 116, 140),
(8, 19, 80),
(8, 26, 100),
(8, 27, 120),
(8, 29, 190),
(8, 30, 130),
(8, 32, 180),
(8, 33, 140),
(8, 36, 160),
(8, 37, 150),
(8, 42, 170),
(8, 92, 50),
(8, 93, 60),
(8, 122, 90),
(8, 123, 110),
(8, 124, 20),
(9, 12, 40),
(9, 13, 80),
(9, 24, 140),
(9, 25, 100),
(9, 28, 120),
(9, 31, 130),
(9, 38, 160),
(9, 39, 150),
(9, 40, 200),
(9, 43, 170),
(9, 44, 60),
(9, 72, 180),
(9, 73, 190),
(9, 126, 20),
(9, 127, 90),
(9, 128, 110),
(10, 45, 40),
(10, 55, 60),
(10, 56, 130),
(10, 57, 140),
(10, 58, 120),
(10, 62, 90),
(10, 64, 100),
(10, 65, 110),
(10, 85, 20),
(10, 130, 30),
(11, 95, 200),
(14, 22, 40),
(14, 59, 120),
(14, 60, 130),
(14, 61, 140),
(14, 63, 110),
(14, 66, 50),
(14, 67, 80),
(14, 68, 90),
(14, 70, 100),
(14, 71, 70),
(14, 131, 30),
(14, 132, 20),
(16, 94, 140),
(19, 22, 40),
(19, 59, 120),
(19, 60, 130),
(19, 61, 140),
(19, 63, 110),
(19, 66, 50),
(19, 67, 80),
(19, 68, 90),
(19, 70, 100),
(19, 71, 70),
(19, 133, 30),
(19, 134, 20),
(20, 23, 180),
(20, 24, 480),
(20, 25, 120),
(20, 26, 190),
(20, 27, 90),
(20, 28, 350),
(20, 29, 520),
(20, 30, 210),
(20, 31, 410),
(20, 32, 490),
(20, 33, 160),
(20, 34, 340),
(20, 35, 60),
(20, 36, 390),
(20, 37, 400),
(20, 38, 500),
(20, 39, 510),
(20, 40, 230),
(20, 41, 240),
(21, 23, 240),
(21, 24, 160),
(21, 25, 130),
(21, 26, 250),
(21, 27, 100),
(21, 28, 410),
(21, 29, 170),
(21, 30, 270),
(21, 31, 470),
(21, 32, 500),
(21, 33, 220),
(21, 34, 400),
(21, 35, 70),
(21, 36, 450),
(21, 37, 460),
(21, 38, 150),
(21, 39, 140),
(21, 40, 290),
(21, 41, 300),
(22, 23, 240),
(22, 24, 160),
(22, 25, 130),
(22, 26, 250),
(22, 27, 90),
(22, 28, 410),
(22, 29, 170),
(22, 30, 270),
(22, 31, 470),
(22, 32, 500),
(22, 33, 220),
(22, 34, 400),
(22, 35, 60),
(22, 36, 450),
(22, 37, 460),
(22, 38, 150),
(22, 39, 140),
(22, 40, 290),
(22, 41, 300),
(23, 23, 240),
(23, 24, 160),
(23, 25, 130),
(23, 26, 250),
(23, 27, 90),
(23, 28, 410),
(23, 29, 170),
(23, 30, 270),
(23, 31, 470),
(23, 32, 500),
(23, 33, 220),
(23, 34, 400),
(23, 35, 60),
(23, 36, 450),
(23, 37, 460),
(23, 38, 150),
(23, 39, 140),
(23, 40, 290),
(23, 41, 300),
(24, 24, 20),
(24, 26, 60),
(24, 30, 70),
(24, 33, 50),
(24, 35, 40);

-- --------------------------------------------------------

--
-- Структура таблицы `good`
--

CREATE TABLE IF NOT EXISTS `good` (
`id` int(10) unsigned NOT NULL,
  `code` varchar(255) DEFAULT NULL,
  `good_type_id` int(10) unsigned NOT NULL,
  `share` tinyint(1) DEFAULT '0'
) ENGINE=InnoDB AUTO_INCREMENT=20 DEFAULT CHARSET=utf8;

--
-- Дамп данных таблицы `good`
--

INSERT INTO `good` (`id`, `code`, `good_type_id`, `share`) VALUES
(1, NULL, 1, 0),
(19, NULL, 2, 0);

-- --------------------------------------------------------

--
-- Структура таблицы `good_attribute`
--

CREATE TABLE IF NOT EXISTS `good_attribute` (
`id` int(11) unsigned NOT NULL,
  `good_id` int(10) unsigned NOT NULL,
  `attribute_id` int(10) unsigned NOT NULL,
  `int_value` int(11) DEFAULT NULL,
  `varchar_value` varchar(255) DEFAULT NULL,
  `text_value` text,
  `float_value` float DEFAULT NULL,
  `variant_id` int(10) unsigned DEFAULT NULL
) ENGINE=InnoDB AUTO_INCREMENT=7160 DEFAULT CHARSET=utf8;

--
-- Дамп данных таблицы `good_attribute`
--

INSERT INTO `good_attribute` (`id`, `good_id`, `attribute_id`, `int_value`, `varchar_value`, `text_value`, `float_value`, `variant_id`) VALUES
(326, 19, 3, NULL, '123', NULL, NULL, NULL),
(327, 19, 27, NULL, NULL, NULL, NULL, 1032),
(328, 19, 9, NULL, NULL, NULL, NULL, 1369),
(329, 19, 26, NULL, NULL, NULL, NULL, 399),
(330, 19, 6, NULL, NULL, NULL, NULL, 1751),
(331, 19, 28, NULL, NULL, NULL, NULL, 817),
(332, 19, 5, NULL, NULL, NULL, NULL, 1263),
(333, 19, 5, NULL, NULL, NULL, NULL, 1265),
(334, 19, 31, NULL, NULL, NULL, NULL, 1307),
(335, 19, 31, NULL, NULL, NULL, NULL, 1310),
(336, 19, 32, NULL, NULL, NULL, NULL, 1624),
(337, 19, 32, NULL, NULL, NULL, NULL, 1282),
(338, 19, 33, NULL, NULL, NULL, NULL, 1817),
(339, 19, 11, NULL, NULL, NULL, NULL, 842),
(340, 19, 20, 10000, NULL, NULL, NULL, NULL),
(341, 19, 43, NULL, NULL, NULL, NULL, 1419),
(342, 19, 46, 0, NULL, NULL, NULL, NULL),
(343, 19, 37, NULL, NULL, NULL, NULL, 868),
(7132, 1, 3, NULL, '1234', NULL, NULL, NULL),
(7133, 1, 26, NULL, NULL, NULL, NULL, 818),
(7134, 1, 23, NULL, NULL, NULL, NULL, 463),
(7135, 1, 27, NULL, NULL, NULL, NULL, 1032),
(7136, 1, 16, NULL, NULL, NULL, NULL, 175),
(7137, 1, 17, NULL, NULL, NULL, NULL, 812),
(7138, 1, 9, NULL, NULL, NULL, NULL, 1323),
(7139, 1, 8, NULL, NULL, NULL, NULL, 115),
(7140, 1, 7, NULL, NULL, NULL, NULL, 1494),
(7141, 1, 28, NULL, NULL, NULL, NULL, 817),
(7142, 1, 18, NULL, NULL, NULL, NULL, 419),
(7143, 1, 19, NULL, NULL, NULL, NULL, 339),
(7144, 1, 10, NULL, NULL, NULL, NULL, 156),
(7145, 1, 12, 0, NULL, NULL, NULL, NULL),
(7146, 1, 13, 0, NULL, NULL, NULL, NULL),
(7147, 1, 14, 0, NULL, NULL, NULL, NULL),
(7148, 1, 15, 0, NULL, NULL, NULL, NULL),
(7149, 1, 29, NULL, NULL, NULL, NULL, 409),
(7150, 1, 11, NULL, NULL, NULL, NULL, 823),
(7151, 1, 20, 40000, NULL, NULL, NULL, NULL),
(7152, 1, 43, NULL, NULL, NULL, NULL, 1419),
(7153, 1, 46, 0, NULL, NULL, NULL, NULL),
(7154, 1, 58, NULL, NULL, NULL, NULL, 1057),
(7155, 1, 58, NULL, NULL, NULL, NULL, 1058),
(7156, 1, 58, NULL, NULL, NULL, NULL, 1059),
(7157, 1, 58, NULL, NULL, NULL, NULL, 1061),
(7158, 1, 58, NULL, NULL, NULL, NULL, 1065),
(7159, 1, 51, 0, NULL, NULL, NULL, NULL);

-- --------------------------------------------------------

--
-- Структура таблицы `good_type`
--

CREATE TABLE IF NOT EXISTS `good_type` (
`id` int(11) NOT NULL,
  `name` varchar(255) NOT NULL
) ENGINE=InnoDB AUTO_INCREMENT=4 DEFAULT CHARSET=utf8;

--
-- Дамп данных таблицы `good_type`
--

INSERT INTO `good_type` (`id`, `name`) VALUES
(1, 'Шины'),
(2, 'Диски'),
(3, 'Колеса');

-- --------------------------------------------------------

--
-- Структура таблицы `good_type_attribute`
--

CREATE TABLE IF NOT EXISTS `good_type_attribute` (
  `good_type_id` int(10) unsigned NOT NULL,
  `attribute_id` int(10) unsigned NOT NULL,
  `sort` smallint(5) unsigned NOT NULL
) ENGINE=InnoDB DEFAULT CHARSET=utf8;

--
-- Дамп данных таблицы `good_type_attribute`
--

INSERT INTO `good_type_attribute` (`good_type_id`, `attribute_id`, `sort`) VALUES
(1, 3, 10),
(1, 7, 90),
(1, 8, 80),
(1, 9, 70),
(1, 10, 130),
(1, 11, 190),
(1, 12, 140),
(1, 13, 150),
(1, 14, 160),
(1, 15, 170),
(1, 16, 50),
(1, 17, 60),
(1, 18, 110),
(1, 19, 120),
(1, 20, 210),
(1, 23, 30),
(1, 26, 20),
(1, 27, 40),
(1, 28, 100),
(1, 29, 180),
(1, 35, 200),
(1, 36, 220),
(1, 37, 280),
(1, 42, 230),
(1, 43, 240),
(1, 44, 260),
(1, 46, 250),
(1, 51, 320),
(1, 53, 270),
(1, 58, 290),
(1, 59, 300),
(1, 60, 310),
(2, 3, 10),
(2, 5, 70),
(2, 6, 50),
(2, 9, 30),
(2, 11, 110),
(2, 20, 140),
(2, 26, 40),
(2, 27, 20),
(2, 28, 60),
(2, 31, 80),
(2, 32, 90),
(2, 33, 100),
(2, 34, 130),
(2, 35, 120),
(2, 36, 150),
(2, 37, 220),
(2, 38, 230),
(2, 42, 160),
(2, 43, 170),
(2, 44, 200),
(2, 46, 190),
(2, 51, 240),
(2, 52, 180),
(2, 53, 210),
(3, 3, 10),
(3, 5, 200),
(3, 6, 190),
(3, 7, 50),
(3, 8, 60),
(3, 9, 30),
(3, 10, 120),
(3, 11, 240),
(3, 12, 140),
(3, 13, 150),
(3, 14, 160),
(3, 15, 170),
(3, 16, 110),
(3, 17, 100),
(3, 18, 70),
(3, 19, 80),
(3, 20, 270),
(3, 23, 130),
(3, 26, 40),
(3, 27, 20),
(3, 28, 90),
(3, 29, 180),
(3, 31, 210),
(3, 32, 220),
(3, 33, 230),
(3, 34, 250),
(3, 35, 260),
(3, 36, 280),
(3, 37, 320),
(3, 38, 310),
(3, 43, 290),
(3, 47, 300),
(3, 51, 330),
(4, 3, 30),
(4, 4, 20),
(4, 6, 10),
(5, 6, 10),
(6, 3, 10);

-- --------------------------------------------------------

--
-- Структура таблицы `interpreter`
--

CREATE TABLE IF NOT EXISTS `interpreter` (
`id` int(10) unsigned NOT NULL,
  `name` varchar(255) NOT NULL,
  `template` varchar(2000) NOT NULL,
  `good_type_id` int(10) unsigned NOT NULL,
  `rule_code` varchar(255) NOT NULL,
  `width` int(11) NOT NULL DEFAULT '0',
  `category_id` int(11) NOT NULL
) ENGINE=InnoDB AUTO_INCREMENT=42 DEFAULT CHARSET=utf8;

--
-- Дамп данных таблицы `interpreter`
--

INSERT INTO `interpreter` (`id`, `name`, `template`, `good_type_id`, `rule_code`, `width`, `category_id`) VALUES
(4, 'Количество', '[+ATTR=28+]', 2, 'managerActions', 0, 5),
(6, 'Заголовок', 'Новые диски, ништячок R[+ATTR=9+]', 2, 'managerActions', 0, 5),
(7, ' Диаметр', '[+ATTR=9+]', 2, 'managerActions', 0, 5),
(8, 'Модель', '`("[+ATTR=6+]"=="")?("[+ATTR=3+]"):("[+ATTR=6+]")`', 2, 'managerActions', 0, 5),
(9, 'Ширина диска', '[+ATTR=31;ALT={4=4.0|5=5.0|6=6.0|7=7.0|8=8.0|9=9.0}+]', 2, 'managerActions', 0, 5),
(10, 'Вылет', '[+ATTR=32+]', 2, 'managerActions', 0, 5),
(11, 'Сверловка', '[+LIST=17+]', 2, 'managerActions', 0, 5),
(12, 'Текст объявления', 'Продам диски, дисули. Четкие, без ушибов и травм', 2, 'managerActions', 0, 5),
(13, 'Вид торгов', '[+LIST=20+]', 2, 'managerActions', 0, 5),
(14, 'Цена', '[+ATTR=20+]', 2, 'managerActions', 0, 5),
(15, 'Код города', '940', 2, 'managerActions', 0, 5),
(16, 'Реквизиты', 'beatbox787@gmail.com:vtebar8u', 2, 'managerActions', 0, 5),
(17, 'Доставка по городу', '`""`', 2, 'managerActions', 0, 5),
(18, 'Доставка по РФ', '`""`', 2, 'managerActions', 0, 5),
(19, 'Наличие', '`("[+ATTR=27+]"=="[+ATTR=38+]")?("present"):("to_order")`', 2, 'managerActions', 0, 5),
(20, 'Текст доставки', 'Доставку гарантируем', 2, 'managerActions', 0, 5),
(21, 'Текст гарантии', 'Гарантию гарантируем', 2, 'managerActions', 0, 5),
(22, 'Адрес самовывоза', '`""`', 2, 'managerActions', 0, 5),
(23, 'Количество', '[+ATTR=28+]', 1, 'managerActions', 0, 5),
(24, 'Заголовок', 'Новые шины, ништячок R[+ATTR=9+]', 1, 'managerActions', 0, 5),
(25, 'Диаметр', '[+ATTR=9+]', 1, 'managerActions', 0, 5),
(26, 'Марка и модель', '[+ATTR=16+] [+ATTR=17+]', 1, 'managerActions', 0, 5),
(27, 'Год выпуска шины', '[+ATTR=10+]', 1, 'managerActions', 0, 5),
(28, 'Сезон', '[+LIST=36+]', 1, 'managerActions', 0, 5),
(29, 'Износ', '[+ATTR=29+]', 1, 'managerActions', 0, 5),
(30, 'Маркировка', '[+ATTR=7+]/[+ATTR=8+]/[+ATTR=9+]', 1, 'managerActions', 0, 5),
(31, 'Текст объявления', 'Почти новые шинули. Просто огонь', 1, 'managerActions', 0, 5),
(32, 'Цена', '[+ATTR=20+]', 1, 'managerActions', 0, 5),
(33, 'Код города', '940', 1, 'managerActions', 0, 5),
(34, 'Реквизиты', 'beatbox787@gmail.com:vtebar8u', 1, 'managerActions', 0, 5),
(35, 'Адрес самовывоза', '`""`', 1, 'managerActions', 0, 5),
(36, 'Текст гарантии', 'Гарантию гарантируем', 1, 'managerActions', 0, 5),
(37, 'Текст доставки', 'Доставку гарантируем', 1, 'managerActions', 0, 5),
(38, 'Доставка по городу', '300', 1, 'managerActions', 0, 5),
(39, 'Доставка по РФ', '500', 1, 'managerActions', 0, 5),
(40, 'Наличие', '`("[+ATTR=27+]"=="[+ATTR=38+]")?("present"):("to_order")`', 1, 'managerActions', 0, 5),
(41, 'Наличие шипов', '[+LIST=37+]', 1, 'managerActions', 0, 5);

-- --------------------------------------------------------

--
-- Структура таблицы `model_names`
--

CREATE TABLE IF NOT EXISTS `model_names` (
`id` smallint(5) unsigned NOT NULL,
  `code` varchar(128) NOT NULL,
  `name` varchar(128) NOT NULL,
  `vin_name` varchar(128) NOT NULL,
  `rod_name` varchar(128) NOT NULL,
  `admin_menu` tinyint(1) NOT NULL DEFAULT '0',
  `sort` smallint(6) DEFAULT '9999',
  `rule_code` varchar(255) DEFAULT NULL
) ENGINE=InnoDB AUTO_INCREMENT=16 DEFAULT CHARSET=utf8;

--
-- Дамп данных таблицы `model_names`
--

INSERT INTO `model_names` (`id`, `code`, `name`, `vin_name`, `rod_name`, `admin_menu`, `sort`, `rule_code`) VALUES
(1, 'goodType', 'Типы товаров', 'Тип товара', 'Типа товара', 1, 100, 'managerActions'),
(2, 'attribute', 'Атрибуты', 'Атрибут', 'Атрибута', 1, 200, 'managerActions'),
(3, 'import', 'Импорт', 'Импорт', 'Импорта', 1, 400, 'managerActions'),
(4, 'interpreter', 'Интерпретаторы', 'Интерпретатор', 'Интерпретатора', 1, 300, 'managerActions'),
(5, 'export', 'Экспорт', 'Экспорт', 'Экспорта', 1, 500, 'managerActions'),
(6, 'data', 'Справочники', 'Элемент', 'Элемента', 1, 450, 'managerActions'),
(7, 'user', 'Пользователи', 'Пользователя', 'Пользователя', 1, 600, 'rootActions'),
(8, 'link', 'Фотографии', 'Фотографии', 'Фотографий', 1, 460, 'managerActions'),
(9, 'auction', 'Аукцион', 'Аукцион', 'Аукциона', 1, 550, 'rootActions'),
(10, 'settings', 'Настройки', 'Параметр', 'Параметра', 1, 580, 'managerActions'),
(11, 'desktop', 'Рабочий стол', 'Папку', 'Папки', 1, 1, 'managerActions'),
(12, 'yahoo', 'Yahoo', 'Yahoo', 'Yahoo', 1, 560, 'rootActions'),
(13, 'compare', 'Сравнение строк', 'Сравнение строк', 'Сравнение строк', 1, 650, 'managerActions'),
(14, 'place', 'Площадки', 'Площадку', 'Площадки', 1, 700, 'managerActions'),
(15, 'queue', 'Очередь выкладки', 'Очередь', 'Очередь', 1, 750, 'managerActions');

-- --------------------------------------------------------

--
-- Структура таблицы `photodoska`
--

CREATE TABLE IF NOT EXISTS `photodoska` (
`id` int(10) unsigned NOT NULL,
  `good_type_id` int(10) unsigned NOT NULL,
  `title` varchar(255) NOT NULL,
  `text` text NOT NULL,
  `price` varchar(10) NOT NULL,
  `image` varchar(255) NOT NULL,
  `start_time` timestamp NOT NULL DEFAULT CURRENT_TIMESTAMP ON UPDATE CURRENT_TIMESTAMP
) ENGINE=InnoDB DEFAULT CHARSET=utf8;

-- --------------------------------------------------------

--
-- Структура таблицы `place`
--

CREATE TABLE IF NOT EXISTS `place` (
`id` int(10) unsigned NOT NULL,
  `category_id` int(10) unsigned NOT NULL,
  `good_type_id` int(10) unsigned NOT NULL
) ENGINE=InnoDB AUTO_INCREMENT=9 DEFAULT CHARSET=utf8;

--
-- Дамп данных таблицы `place`
--

INSERT INTO `place` (`id`, `category_id`, `good_type_id`) VALUES
(7, 2047, 2),
(8, 2047, 1);

-- --------------------------------------------------------

--
-- Структура таблицы `place_interpreter`
--

CREATE TABLE IF NOT EXISTS `place_interpreter` (
  `place_id` int(10) unsigned NOT NULL,
  `interpreter_id` int(10) unsigned NOT NULL,
  `code` varchar(255) NOT NULL
) ENGINE=InnoDB DEFAULT CHARSET=utf8;

--
-- Дамп данных таблицы `place_interpreter`
--

INSERT INTO `place_interpreter` (`place_id`, `interpreter_id`, `code`) VALUES
(7, 4, 'inSetQuantity'),
(7, 6, 'subject'),
(7, 8, 'model'),
(7, 15, 'cityId'),
(7, 19, 'goodPresentState'),
(8, 23, 'inSetQuantity'),
(8, 24, 'subject'),
(8, 26, 'model'),
(8, 27, 'year'),
(8, 28, 'wheelSeason'),
(8, 29, 'wheelTireWear'),
(8, 30, 'marking'),
(8, 31, 'text'),
(8, 32, 'price'),
(8, 33, 'cityId'),
(8, 34, 'login'),
(8, 35, 'pickupAddress'),
(8, 36, 'guarantee'),
(8, 37, 'comment'),
(8, 38, 'localPrice'),
(8, 39, 'minPostalPrice'),
(8, 40, 'goodPresentState'),
(8, 41, 'wheelSpike');

-- --------------------------------------------------------

--
-- Структура таблицы `queue`
--

CREATE TABLE IF NOT EXISTS `queue` (
`id` int(10) unsigned NOT NULL,
  `advert_id` int(10) unsigned NOT NULL,
  `action_id` int(10) unsigned NOT NULL,
  `state_id` tinyint(3) unsigned NOT NULL DEFAULT '1'
) ENGINE=InnoDB AUTO_INCREMENT=156 DEFAULT CHARSET=utf8;

--
-- Дамп данных таблицы `queue`
--

INSERT INTO `queue` (`id`, `advert_id`, `action_id`, `state_id`) VALUES
(146, 3, 3, 1),
(147, 4, 3, 1),
(149, 6, 3, 1),
(150, 7, 3, 1),
(154, 5, 1, 1),
(155, 2, 2, 1);

-- --------------------------------------------------------

--
-- Структура таблицы `queue_state`
--

CREATE TABLE IF NOT EXISTS `queue_state` (
`id` tinyint(3) unsigned NOT NULL,
  `name` varchar(50) NOT NULL,
  `code` varchar(50) NOT NULL
) ENGINE=InnoDB AUTO_INCREMENT=4 DEFAULT CHARSET=utf8;

--
-- Дамп данных таблицы `queue_state`
--

INSERT INTO `queue_state` (`id`, `name`, `code`) VALUES
(1, 'В очереди', 'waiting'),
(2, 'Выполняется', 'processing'),
(3, 'Ошибка выполнения', 'error');

-- --------------------------------------------------------

--
-- Структура таблицы `role`
--

CREATE TABLE IF NOT EXISTS `role` (
`id` int(10) unsigned NOT NULL,
  `code` varchar(20) NOT NULL,
  `name` varchar(50) NOT NULL
) ENGINE=InnoDB AUTO_INCREMENT=4 DEFAULT CHARSET=utf8;

--
-- Дамп данных таблицы `role`
--

INSERT INTO `role` (`id`, `code`, `name`) VALUES
(1, 'root', 'Полный доступ'),
(3, 'manager', 'Менеджер');

-- --------------------------------------------------------

--
-- Структура таблицы `rule`
--

CREATE TABLE IF NOT EXISTS `rule` (
  `name` varchar(255) NOT NULL,
  `code` varchar(255) NOT NULL
) ENGINE=InnoDB DEFAULT CHARSET=utf8;

--
-- Дамп данных таблицы `rule`
--

INSERT INTO `rule` (`name`, `code`) VALUES
('Менеджер', 'managerActions'),
('Только рут', 'rootActions');

-- --------------------------------------------------------

--
-- Структура таблицы `settings`
--

CREATE TABLE IF NOT EXISTS `settings` (
`id` int(10) unsigned NOT NULL,
  `category_id` int(10) unsigned NOT NULL,
  `name` varchar(255) NOT NULL,
  `value` text NOT NULL,
  `code` varchar(255) NOT NULL,
  `sort` int(11) NOT NULL,
  `rule_code` varchar(20) NOT NULL,
  `parent_id` int(10) unsigned NOT NULL DEFAULT '0'
) ENGINE=InnoDB AUTO_INCREMENT=18 DEFAULT CHARSET=utf8;

--
-- Дамп данных таблицы `settings`
--

INSERT INTO `settings` (`id`, `category_id`, `name`, `value`, `code`, `sort`, `rule_code`, `parent_id`) VALUES
(6, 4, 'Шапка шин', 'Продам шины б/у.\r\nВ наличии и под заказ. Продаются без торга. Обмен не интересен. Подойдут на ваш авто или нет - не знаю.', 'HEADER_T', 100, 'managerActions', 0),
(7, 4, 'Футер шин', '+7-923-457-7327\r\nwheels70@mail.ru\r\nМного резины, дисков в наличии в Томске: <a href="http://koleso.tomsk.ru">http://koleso.tomsk.ru</a>', 'FOOTER_T', 200, 'managerActions', 0),
(8, 4, 'ID платного объявления', '867053\r\n1098176', 'MAIN_ADVERT', 500, 'managerActions', 0),
(11, 4, 'Телефон', '9234577327', 'PHONE', 600, 'managerActions', 0),
(12, 2, 'Пользователи для автоподнятия', 'wheels22 r8b6kgy2\r\nwheels31 7aeux28r\r\n3659593 abxke6c4\r\nwheels34 4u7hy797\r\nwheels36 vdra8eey\r\nUralWheels 2dxfybu6\r\nwheels38 3vdv8yz6\r\nwheels16 5g77aeue\r\nwheel42 uw8f2yye\r\nwheels23 nus4ty4e\r\ngodzilla24 NMcP8s2\r\nwheels46 eynh24a6\r\nwheels77 k5z2exe8\r\nwheels52 475uay25\r\n3525927 5keu727s\r\n3662536 afy9ca45\r\nwheels61 ty7up6ct\r\nwheels79 57eyuaze\r\nwheels26 hp3n57me\r\nwheesl86 5e85crve\r\nwheel72 m3z5xp7a\r\nwheels3 e2aea472\r\nwheels174 g7526rm6\r\nwheels75 v3ak23tv\r\nwheels70 kitaev2\r\naotomskru kitaev2\r\nkolesotomskru 225400a\r\nwheels63 bb7vzxse\r\nwheels58 ucepkwwe\r\nwheel63 fnr2n2rk\r\nwheels18 3ee6uet5\r\nwheels17 6b5t48e7', 'USERS', 100, 'managerActions', 0),
(13, 7, 'Категории', '', '', 100, 'rootActions', 0),
(14, 7, 'Текущая категория', '1', 'CURRENT_CATEGORY', 200, 'rootActions', 0),
(15, 3, 'Почта для рассылки заявок с сайта', 'godzilla.wheels@gmail.com, kirill-kozyrev@yandex.ru, beatbox787@gmail.com, kolesotomskru@mail.ru', 'EMAILS', 100, 'managerActions', 0),
(16, 5, 'Интерпретатор цены шин для магаза', '1', 'PRICE_INTERPRETER_TIRE', 100, 'managerActions', 0),
(17, 5, 'Интерпретатор цены дисков для магаза', '2', 'PRICE_INTERPRETER_DISC', 200, 'managerActions', 0);

-- --------------------------------------------------------

--
-- Структура таблицы `user`
--

CREATE TABLE IF NOT EXISTS `user` (
`usr_id` int(11) NOT NULL,
  `usr_login` varchar(128) NOT NULL,
  `usr_password` varchar(128) NOT NULL,
  `usr_name` varchar(255) NOT NULL,
  `usr_email` varchar(128) NOT NULL,
  `usr_rol_id` int(10) unsigned NOT NULL,
  `usr_state` int(11) NOT NULL DEFAULT '1',
  `usr_models` varchar(255) DEFAULT ''
) ENGINE=InnoDB AUTO_INCREMENT=13 DEFAULT CHARSET=utf8;

--
-- Дамп данных таблицы `user`
--

INSERT INTO `user` (`usr_id`, `usr_login`, `usr_password`, `usr_name`, `usr_email`, `usr_rol_id`, `usr_state`, `usr_models`) VALUES
(1, 'root', '85676905d35fb12da70e8cb8bc8cebb0', 'Китаев М.А.', 'beatbox787@gmail.com', 1, 1, ''),
(7, 'vitalo', 'cd7e8fec089e4ed8aff0032e7ff2f20d', 'Жалнин В. Е.', 'vitaliy.zhalnin@gmail.com', 3, 1, ''),
(9, 'svc', '4e23668d8887aee1654ea3356e1ed848', 'Разумов А. А.', 'razum@gmail.com', 1, 1, ''),
(10, 'kosinov', '338df254d00284b221c55b6951576956', 'Косинов С.', 'beatbox787@gmail.com', 3, 1, 'desktop,link,goodType,good,attribute,data,export'),
(11, 'kozyrev', '2be220371467894e8c2fd3ff2a9e67b6', 'Козырев К.', 'beatbox787@gmail.com', 3, 1, 'desktop,link,goodType,good,attribute,data'),
(12, 'manager', '85676905d35fb12da70e8cb8bc8cebb0', 'manager', 'alyzoya@gmail.com', 3, 1, '');

-- --------------------------------------------------------

--
-- Структура таблицы `variant`
--

CREATE TABLE IF NOT EXISTS `variant` (
`id` int(10) unsigned NOT NULL,
  `int_value` int(11) DEFAULT NULL,
  `varchar_value` varchar(255) DEFAULT NULL,
  `float_value` float DEFAULT NULL,
  `sort` int(11) NOT NULL
) ENGINE=InnoDB AUTO_INCREMENT=2049 DEFAULT CHARSET=utf8;

--
-- Дамп данных таблицы `variant`
--

INSERT INTO `variant` (`id`, `int_value`, `varchar_value`, `float_value`, `sort`) VALUES
(113, 30, NULL, NULL, 10),
(114, 35, NULL, NULL, 20),
(115, 40, NULL, NULL, 30),
(116, 45, NULL, NULL, 40),
(117, 50, NULL, NULL, 50),
(118, 55, NULL, NULL, 60),
(119, 60, NULL, NULL, 70),
(120, 65, NULL, NULL, 80),
(121, 70, NULL, NULL, 90),
(122, 75, NULL, NULL, 100),
(123, 80, NULL, NULL, 110),
(124, 85, NULL, NULL, 120),
(138, 1997, NULL, NULL, 20),
(139, 1998, NULL, NULL, 30),
(140, 1999, NULL, NULL, 40),
(141, 2000, NULL, NULL, 50),
(142, 2001, NULL, NULL, 60),
(143, 2002, NULL, NULL, 70),
(144, 2003, NULL, NULL, 80),
(145, 2004, NULL, NULL, 90),
(146, 2005, NULL, NULL, 100),
(147, 2006, NULL, NULL, 110),
(148, 2007, NULL, NULL, 120),
(149, 2008, NULL, NULL, 130),
(150, 2009, NULL, NULL, 140),
(151, 2010, NULL, NULL, 150),
(152, 2011, NULL, NULL, 160),
(153, 2012, NULL, NULL, 170),
(154, 2013, NULL, NULL, 180),
(155, 2014, NULL, NULL, 190),
(156, 2015, NULL, NULL, 200),
(157, NULL, 'Achilles', NULL, 2),
(158, NULL, 'Barum', NULL, 4),
(159, NULL, 'Bridgestone', NULL, 5),
(161, NULL, 'Continental', NULL, 7),
(162, NULL, 'Dunlop', NULL, 12),
(164, NULL, 'Falken', NULL, 14),
(165, NULL, 'Firestone', NULL, 16),
(166, NULL, 'Fullrun', NULL, 17),
(167, NULL, 'General ', NULL, 19),
(168, NULL, 'Goodyear', NULL, 21),
(169, NULL, 'Hankook', NULL, 23),
(171, NULL, 'Kumho', NULL, 29),
(172, NULL, 'Kumho ', NULL, 30),
(173, NULL, 'Maxgrade', NULL, 33),
(174, NULL, 'Maxtrek', NULL, 34),
(175, NULL, 'Michelin', NULL, 36),
(177, NULL, 'Nankang', NULL, 37),
(178, NULL, 'Nexen', NULL, 38),
(179, NULL, 'Nokian', NULL, 39),
(180, NULL, 'Pirelli ', NULL, 45),
(181, NULL, 'Roadstone', NULL, 47),
(182, NULL, 'Sport', NULL, 51),
(183, NULL, 'Toyo', NULL, 52),
(184, NULL, 'Triangle', NULL, 53),
(185, NULL, 'Yokohama', NULL, 55),
(186, NULL, '280', NULL, 1),
(187, NULL, '8 SUV', NULL, 7),
(188, NULL, 'Advan', NULL, 9),
(189, NULL, 'Advan A10', NULL, 11),
(190, NULL, 'Advan A-460', NULL, 10),
(191, NULL, 'ATR Sport', NULL, 17),
(192, NULL, 'ATR Sport 2', NULL, 18),
(193, NULL, 'Azenis', NULL, 20),
(194, NULL, 'BLIZZAK DM-Z3', NULL, 30),
(195, NULL, 'Blizzak Revo1', NULL, 36),
(196, NULL, 'Blizzak Spike-01', NULL, 38),
(197, NULL, 'BluEarth', NULL, 40),
(198, NULL, 'BluEarth A', NULL, 41),
(199, NULL, 'Bravuris2', NULL, 42),
(200, NULL, 'BStyle', NULL, 44),
(201, NULL, 'ContiPremiumContact2', NULL, 50),
(202, NULL, 'ContiSportContact', NULL, 52),
(203, NULL, 'ContiSportContact3', NULL, 56),
(204, NULL, 'db E70', NULL, 64),
(205, NULL, 'DM-V1', NULL, 68),
(206, NULL, 'DMZ-3', NULL, 71),
(207, NULL, 'DNA', NULL, 72),
(208, NULL, 'DNA DB', NULL, 73),
(209, NULL, 'DNA Ecos ES300', NULL, 76),
(210, NULL, 'DNA Grandmap', NULL, 79),
(211, NULL, 'Dragon', NULL, 85),
(212, NULL, 'DRB', NULL, 86),
(213, NULL, 'DSX', NULL, 89),
(214, NULL, 'DSX2', NULL, 92),
(215, NULL, 'Dueler 684 II', NULL, 93),
(216, NULL, 'Dueler H/L', NULL, 95),
(217, NULL, 'Dueler H/P Sport', NULL, 99),
(218, NULL, 'Dueler H/T 684', NULL, 102),
(219, NULL, 'Dueler H/T 684 II', NULL, 103),
(220, NULL, 'Eagle LS 2000 HybridII', NULL, 112),
(221, NULL, 'Eagle LS EXE', NULL, 113),
(222, NULL, 'Eagle LS2000 Hybrid', NULL, 116),
(223, NULL, 'Eagle NCT5', NULL, 118),
(224, NULL, 'Eagle RVS', NULL, 121),
(225, NULL, 'Ecopia EX10', NULL, 123),
(226, NULL, 'Ecopia PZ-X', NULL, 125),
(227, NULL, 'Ecsta X3', NULL, 128),
(228, NULL, 'Enasave', NULL, 129),
(229, NULL, 'Espia EPZ', NULL, 138),
(230, NULL, 'F107', NULL, 140),
(231, NULL, 'F690', NULL, 141),
(232, NULL, 'Firehawk', NULL, 142),
(233, NULL, 'Formula', NULL, 146),
(234, NULL, 'FR10', NULL, 147),
(235, NULL, 'G5', NULL, 148),
(236, NULL, 'Geolander', NULL, 161),
(237, NULL, 'Geolander I/T-S', NULL, 162),
(238, NULL, 'Geolendar H/T-S', NULL, 163),
(239, NULL, 'Grabber', NULL, 164),
(240, NULL, 'Grandtrek AT22', NULL, 171),
(241, NULL, 'Grandtrek AT3', NULL, 172),
(242, NULL, 'Graspic DS2', NULL, 182),
(243, NULL, 'Guardex', NULL, 186),
(244, NULL, 'H/P', NULL, 189),
(245, NULL, 'H/P Sport', NULL, 190),
(246, NULL, 'Hakka 7 SUV', NULL, 191),
(247, NULL, 'Hakka R2 SUV', NULL, 194),
(248, NULL, 'Hakka Sport Utility', NULL, 195),
(249, NULL, 'Hakka SUV 5', NULL, 196),
(250, NULL, 'Hakkapelita R sport utility', NULL, 202),
(251, NULL, 'Hakkapelita sport utility 5', NULL, 204),
(252, NULL, 'HU901', NULL, 211),
(253, NULL, 'IC7000', NULL, 212),
(254, NULL, 'Ice Zero', NULL, 229),
(255, NULL, 'IceControl', NULL, 230),
(256, NULL, 'IceCruiser5000', NULL, 231),
(257, NULL, 'IceNavy', NULL, 234),
(258, NULL, 'IceNavyZeaII', NULL, 236),
(259, NULL, 'IG20', NULL, 237),
(260, NULL, 'IG30', NULL, 238),
(261, NULL, 'iMap', NULL, 239),
(262, NULL, 'IXT', NULL, 240),
(263, NULL, 'Kumho', NULL, 241),
(264, NULL, 'Landair SL112', NULL, 244),
(265, NULL, 'Latitude Cross', NULL, 245),
(266, NULL, 'Latitude Sport', NULL, 248),
(267, NULL, 'Latitude Sport3', NULL, 249),
(268, NULL, 'Latitude Tour', NULL, 250),
(269, NULL, 'Lemans LM702', NULL, 257),
(270, NULL, 'Lemans LM703', NULL, 258),
(271, NULL, 'Lemans LM704', NULL, 259),
(272, NULL, 'LS 2000 Hybrid', NULL, 260),
(273, NULL, 'N6000', NULL, 266),
(274, NULL, 'N7000', NULL, 267),
(275, NULL, 'N8000', NULL, 268),
(276, NULL, 'Nextry', NULL, 269),
(277, NULL, 'Nre', NULL, 276),
(278, NULL, 'NS-20', NULL, 280),
(279, NULL, 'NSII', NULL, 281),
(280, NULL, 'Optimo K415', NULL, 290),
(281, NULL, 'P7', NULL, 292),
(282, NULL, 'Pilot', NULL, 295),
(283, NULL, 'Pilot Sport2', NULL, 299),
(284, NULL, 'Pilot Sport3', NULL, 300),
(285, NULL, 'Playz', NULL, 301),
(286, NULL, 'Playz-PZ1', NULL, 308),
(287, NULL, 'Playz-PZX', NULL, 309),
(288, NULL, 'Playz-RPV', NULL, 310),
(289, NULL, 'Playz-RV', NULL, 311),
(290, NULL, 'Potenza', NULL, 315),
(291, NULL, 'Potenza RE01', NULL, 319),
(292, NULL, 'Potenza RE050', NULL, 321),
(293, NULL, 'Potenza RE050A', NULL, 322),
(294, NULL, 'Primacy HP', NULL, 327),
(295, NULL, 'Primacy LC', NULL, 328),
(296, NULL, 'Proxes', NULL, 329),
(297, NULL, 'Proxes CT01', NULL, 330),
(298, NULL, 'Proxes R34', NULL, 331),
(299, NULL, 'Proxes T1', NULL, 334),
(300, NULL, 'Proxes T1R', NULL, 336),
(301, NULL, 'PS91', NULL, 337),
(302, NULL, 'RE-01R', NULL, 340),
(303, NULL, 'Regno GR8000', NULL, 347),
(304, NULL, 'Regno GR9000', NULL, 348),
(305, NULL, 'Regno GR-XT', NULL, 346),
(306, NULL, 'Revo GZ', NULL, 350),
(307, NULL, 'RevSpec RS02', NULL, 353),
(308, NULL, 'Runsafa SH-1', NULL, 354),
(309, NULL, 'S001', NULL, 356),
(310, NULL, 'SDrive', NULL, 360),
(311, NULL, 'Sierra S6', NULL, 361),
(312, NULL, 'SIII', NULL, 362),
(313, NULL, 'SJ6', NULL, 364),
(314, NULL, 'SK10', NULL, 365),
(315, NULL, 'Sneaker', NULL, 367),
(316, NULL, 'Solus KH17', NULL, 372),
(317, NULL, 'SP Sport 270', NULL, 378),
(318, NULL, 'Sport', NULL, 385),
(319, NULL, 'Sport ATR', NULL, 386),
(320, NULL, 'SportContact2', NULL, 389),
(321, NULL, 'SS595', NULL, 390),
(322, NULL, 'ST10', NULL, 391),
(323, NULL, 'TR967', NULL, 402),
(324, NULL, 'Tranpath LU', NULL, 405),
(325, NULL, 'Tranpath MP4', NULL, 406),
(326, NULL, 'Tranpath R30', NULL, 408),
(327, NULL, 'TS02', NULL, 412),
(328, NULL, 'Turanza', NULL, 413),
(329, NULL, 'Ventus HR2', NULL, 426),
(330, NULL, 'Ventus ST', NULL, 427),
(331, NULL, 'Ventus V4 ES', NULL, 428),
(332, NULL, 'VentusV8RS', NULL, 430),
(333, NULL, 'Wide Oval', NULL, 436),
(334, NULL, 'X-Ice North', NULL, 454),
(335, NULL, 'Ziex ZE329', NULL, 459),
(336, NULL, 'Ziex ZE912', NULL, 460),
(337, NULL, 'K', NULL, 10),
(338, NULL, 'L', NULL, 20),
(339, NULL, 'M', NULL, 30),
(340, NULL, 'N', NULL, 40),
(341, NULL, 'O', NULL, 50),
(342, NULL, 'P', NULL, 60),
(343, NULL, 'Q', NULL, 70),
(344, NULL, 'R', NULL, 80),
(345, NULL, 'S', NULL, 90),
(346, NULL, 'T', NULL, 100),
(347, NULL, 'H', NULL, 110),
(348, NULL, 'V', NULL, 120),
(349, NULL, 'W', NULL, 130),
(350, NULL, 'Y', NULL, 140),
(351, NULL, 'VR', NULL, 150),
(352, NULL, 'ZR', NULL, 160),
(399, NULL, 'Б/п РФ', NULL, 20),
(400, NULL, 'Б/у', NULL, 30),
(406, 5, NULL, NULL, 10),
(407, 10, NULL, NULL, 20),
(408, 20, NULL, NULL, 30),
(409, 30, NULL, NULL, 40),
(410, 40, NULL, NULL, 50),
(411, 50, NULL, NULL, 60),
(412, 60, NULL, NULL, 70),
(413, 70, NULL, NULL, 80),
(414, 80, NULL, NULL, 90),
(415, 90, NULL, NULL, 100),
(416, 100, NULL, NULL, 110),
(418, NULL, '78', NULL, 10),
(419, NULL, '79', NULL, 20),
(420, NULL, '80', NULL, 30),
(421, NULL, '81', NULL, 40),
(422, NULL, '82', NULL, 50),
(423, NULL, '83', NULL, 60),
(424, NULL, '84', NULL, 70),
(425, NULL, '85', NULL, 80),
(426, NULL, '86', NULL, 90),
(427, NULL, '87', NULL, 100),
(428, NULL, '88', NULL, 110),
(429, NULL, '89', NULL, 120),
(430, NULL, '90', NULL, 130),
(431, NULL, '91', NULL, 140),
(432, NULL, '92', NULL, 150),
(433, NULL, '93', NULL, 160),
(434, NULL, '94', NULL, 170),
(435, NULL, '95', NULL, 180),
(436, NULL, '96', NULL, 190),
(437, NULL, '97', NULL, 200),
(438, NULL, '98', NULL, 210),
(439, NULL, '99', NULL, 220),
(440, NULL, '100', NULL, 230),
(441, NULL, '101', NULL, 240),
(442, NULL, '102', NULL, 250),
(443, NULL, '103', NULL, 260),
(444, NULL, '104', NULL, 270),
(445, NULL, '105', NULL, 280),
(446, NULL, '106', NULL, 290),
(447, NULL, '107', NULL, 300),
(448, NULL, '108', NULL, 310),
(449, NULL, '109', NULL, 320),
(450, NULL, '110', NULL, 330),
(451, NULL, '111', NULL, 340),
(452, NULL, '112', NULL, 350),
(453, NULL, '113', NULL, 360),
(454, NULL, '114', NULL, 370),
(455, NULL, '115', NULL, 380),
(456, NULL, '116', NULL, 390),
(457, NULL, '117', NULL, 400),
(458, NULL, '118', NULL, 410),
(459, NULL, '119', NULL, 420),
(460, NULL, '120', NULL, 430),
(461, NULL, 'ZR', NULL, 440),
(463, NULL, 'Летние', NULL, 10),
(465, NULL, 'Нешипованные', NULL, 20),
(705, NULL, 'Firehawk TZ-100', NULL, 143),
(706, NULL, 'Playz PZ-1', NULL, 303),
(707, NULL, 'Sneaker SNK2', NULL, 369),
(708, NULL, 'Blizzak MZ-01', NULL, 31),
(709, NULL, 'Revo2', NULL, 352),
(710, NULL, 'Firehawk Wideoval', NULL, 145),
(711, NULL, 'Revo1', NULL, 351),
(712, NULL, 'IceNavy Zea', NULL, 235),
(713, NULL, 'PremiumContact', NULL, 325),
(714, NULL, 'Regno GR 8000', NULL, 342),
(716, NULL, 'Dueler H/T 689', NULL, 105),
(717, NULL, 'Geolandar A/T+2', NULL, 153),
(718, NULL, 'Playz PZ-X', NULL, 304),
(719, NULL, 'Energy', NULL, 133),
(720, NULL, 'Maxgrade II', NULL, 262),
(721, NULL, 'DNA S''Drive', NULL, 82),
(722, NULL, 'Sport tourer MY-01', NULL, 388),
(723, NULL, 'Energy Saver', NULL, 134),
(724, NULL, 'Ecsta', NULL, 126),
(725, NULL, 'PlayzRV PRV-1', NULL, 312),
(726, NULL, 'dB decibel E70', NULL, 63),
(727, NULL, 'DSX-2', NULL, 90),
(728, NULL, 'Blizzak MZ-02', NULL, 32),
(729, NULL, 'Playz RV', NULL, 306),
(730, NULL, 'ZIEX ZE 329', NULL, 458),
(731, NULL, 'DM-Z3', NULL, 69),
(732, NULL, 'B390', NULL, 24),
(733, NULL, 'Bstyle RV', NULL, 45),
(734, NULL, 'Geolandar H/T', NULL, 155),
(735, NULL, 'Geolandar I/T-S', NULL, 159),
(736, NULL, 'DMV-1', NULL, 70),
(737, NULL, 'Dueler HT687', NULL, 109),
(738, NULL, 'WinterDueler DMZ2', NULL, 447),
(739, NULL, 'Grandtrek', NULL, 167),
(740, NULL, 'Eagle LS 2000 Hybrid II', NULL, 111),
(741, NULL, 'Proxes T1 Sport', NULL, 335),
(742, NULL, 'Sp sport maxx', NULL, 381),
(743, NULL, 'Potenza RE-01', NULL, 318),
(744, NULL, 'Regno GR 9000', NULL, 343),
(745, NULL, 'AS-1', NULL, 15),
(746, NULL, 'Pirelli', NULL, 44),
(747, NULL, 'DNA ES300', NULL, 77),
(748, NULL, 'ENASAVE RV503', NULL, 132),
(749, NULL, 'XL', NULL, 190),
(750, NULL, 'Advan DB decibel', NULL, 12),
(751, NULL, 'Regno GR-8000', NULL, 344),
(752, NULL, 'Primacy 3', NULL, 326),
(753, NULL, 'Pilot Sport 3', NULL, 298),
(754, NULL, 'Guardex K2 F721', NULL, 188),
(755, NULL, 'TR968', NULL, 403),
(756, NULL, 'Ventus HR II', NULL, 425),
(757, NULL, 'Regno GRV', NULL, 349),
(758, NULL, 'B500 Si', NULL, 25),
(759, NULL, 'TR918', NULL, 401),
(760, NULL, 'Playz RV PRV-1', NULL, 307),
(761, NULL, 'Playz PRV-1', NULL, 302),
(762, NULL, 'Шипованные', NULL, 30),
(763, NULL, '4x4 Contact', NULL, 2),
(765, NULL, 'Eagle RS-A', NULL, 120),
(766, NULL, 'Nordman 5 SUV', NULL, 275),
(767, NULL, 'SP Winter Ice 01', NULL, 384),
(768, NULL, 'Latitude Tour HP', NULL, 251),
(769, NULL, 'Dueler H/T 840', NULL, 106),
(770, NULL, 'Latitude Cross Terrain', NULL, 246),
(771, NULL, 'Dueler A/T', NULL, 94),
(772, NULL, 'Grandtrek AT-20', NULL, 168),
(773, NULL, 'Grandtrek AT-22', NULL, 169),
(774, NULL, 'Hakkapelita Sport Utility', NULL, 203),
(775, NULL, 'Cooper', NULL, 8),
(776, NULL, 'Discoverer  M+S', NULL, 67),
(777, NULL, 'N1000', NULL, 264),
(778, NULL, 'Ultra sport NS II', NULL, 419),
(779, NULL, 'ContiSport Contact 3', NULL, 51),
(780, NULL, 'Headway', NULL, 24),
(781, NULL, 'ContiSportContact 3', NULL, 53),
(782, NULL, 'Azenis ST115', NULL, 21),
(783, NULL, 'Regno GR-9000', NULL, 345),
(784, NULL, 'Eagle LS2000 Hybrid II', NULL, 117),
(785, NULL, 'Playz PZ1', NULL, 305),
(786, NULL, 'Potenza S001', NULL, 324),
(787, NULL, 'TS-02', NULL, 411),
(788, NULL, 'ContiPremiumContact 2', NULL, 49),
(789, NULL, 'Potenza RE031', NULL, 320),
(790, NULL, 'IceGuard', NULL, 233),
(791, NULL, 'Dueler H/L 400', NULL, 97),
(792, NULL, 'Grandtrek PT2', NULL, 174),
(793, NULL, 'Т', NULL, 180),
(794, NULL, 'Dueler H/T Sport', NULL, 108),
(795, NULL, 'Hakkapelitta R Sport Utility', NULL, 206),
(796, NULL, 'Grandtrek AT-23', NULL, 170),
(797, NULL, '166', NULL, 450),
(798, NULL, 'Hakka', NULL, 22),
(799, NULL, 'Hakkapelitta 7 SUV', NULL, 205),
(800, NULL, 'Grandtrek PT 2', NULL, 173),
(801, NULL, 'Grandtrek SJ6', NULL, 176),
(802, NULL, 'LS 2000 Hybrid II', NULL, 261),
(803, NULL, 'Zero Rosso', NULL, 455),
(804, NULL, 'Blizzak DM-V1', NULL, 29),
(805, NULL, 'Advan S.T.', NULL, 13),
(806, NULL, 'General', NULL, 18),
(807, NULL, 'Grabber UHP', NULL, 165),
(808, NULL, 'Ziex S/TZ 04', NULL, 457),
(809, NULL, 'Coper', NULL, 9),
(810, NULL, 'Discoverer  H/T', NULL, 66),
(811, NULL, 'Open Country', NULL, 289),
(812, NULL, '4x4 Diamaris', NULL, 3),
(813, NULL, 'Proxes ST II', NULL, 333),
(814, 1, NULL, NULL, 10),
(815, 2, NULL, NULL, 20),
(816, 3, NULL, NULL, 30),
(817, 4, NULL, NULL, 40),
(818, NULL, 'Новые', NULL, 10),
(819, NULL, 'Japan', NULL, 15),
(820, NULL, 'Korea', NULL, 16),
(821, NULL, 'Germany', NULL, 10),
(822, NULL, 'Italy', NULL, 14),
(823, NULL, 'China', NULL, 5),
(824, NULL, 'Taiwan', NULL, 25),
(825, NULL, 'Indonesia', NULL, 13),
(826, NULL, 'South Africa', NULL, 22),
(827, NULL, 'Thailand', NULL, 26),
(828, NULL, 'Turkey', NULL, 27),
(829, NULL, 'France', NULL, 9),
(830, NULL, 'USA', NULL, 29),
(831, NULL, 'Czech Republik', NULL, 6),
(832, NULL, 'Russia', NULL, 21),
(833, NULL, 'Poland', NULL, 18),
(834, NULL, 'Spain', NULL, 23),
(835, NULL, 'Romania', NULL, 20),
(836, NULL, 'Philippines', NULL, 17),
(837, NULL, 'Europa', NULL, 7),
(838, NULL, 'Portugal', NULL, 19),
(839, NULL, 'Hungary', NULL, 12),
(840, NULL, 'Finland', NULL, 8),
(841, NULL, 'Britain', NULL, 3),
(842, NULL, 'Brazil', NULL, 2),
(844, NULL, 'Grandtrek Touring A/S', NULL, 178),
(845, NULL, 'observe Garit 2', NULL, 284),
(846, NULL, 'SP sportmaxx GT', NULL, 383),
(847, NULL, 'Hakka Green', NULL, 193),
(848, NULL, 'Hakka Blue', NULL, 192),
(849, NULL, 'B 390', NULL, 22),
(850, NULL, 'Federal', NULL, 15),
(851, NULL, 'Super Steel 595', NULL, 395),
(853, NULL, 'Landair SL Traction', NULL, 243),
(856, NULL, '6', NULL, 460),
(858, NULL, 'KingStar', NULL, 28),
(859, NULL, 'WinterRadial RW07', NULL, 448),
(861, NULL, 'Dueler H/T 687', NULL, 104),
(862, NULL, 'Sneaker SNK 2', NULL, 368),
(863, NULL, 'DNA S Drive', NULL, 81),
(868, NULL, 'Аукцион', NULL, 10),
(869, NULL, 'Бесплатное объявление', NULL, 20),
(880, NULL, NULL, 73, 400),
(884, NULL, NULL, 64, 270),
(888, NULL, NULL, 56.6, 260),
(890, NULL, NULL, 73.1, 250),
(893, NULL, NULL, 63.4, 240),
(896, NULL, NULL, 110, 230),
(901, NULL, NULL, 73.1, 220),
(905, NULL, NULL, 106.2, 210),
(909, NULL, NULL, 118, 200),
(911, NULL, NULL, 59, 190),
(914, NULL, NULL, 63, 180),
(915, NULL, NULL, 65, 170),
(917, NULL, NULL, 69, 280),
(919, NULL, NULL, 54, 290),
(924, NULL, NULL, 53, 390),
(931, NULL, NULL, 57, 380),
(934, NULL, NULL, 102, 370),
(936, NULL, NULL, 67, 360),
(958, NULL, NULL, 56, 350),
(961, NULL, NULL, 75, 340),
(962, NULL, NULL, 55, 330),
(965, NULL, NULL, 60, 320),
(966, NULL, NULL, 66, 310),
(972, NULL, NULL, 70, 300),
(977, NULL, NULL, 72, 160),
(978, NULL, NULL, 71, 150),
(1032, NULL, 'Барнаул', NULL, 1),
(1033, NULL, 'Белгород', NULL, 2),
(1034, NULL, 'Владивосток', NULL, 4),
(1035, NULL, 'Волгоград', NULL, 5),
(1036, NULL, 'Воронеж', NULL, 6),
(1037, NULL, 'Екатеринбург', NULL, 7),
(1038, NULL, 'Иркутск', NULL, 9),
(1039, NULL, 'Казань', NULL, 10),
(1040, NULL, 'Кемерово', NULL, 11),
(1041, NULL, 'Краснодар', NULL, 12),
(1042, NULL, 'Красноярск', NULL, 13),
(1043, NULL, 'Курск', NULL, 14),
(1044, NULL, 'Москва', NULL, 16),
(1045, NULL, 'Нижний Новгород', NULL, 17),
(1046, NULL, 'Новосибирск', NULL, 18),
(1047, NULL, 'Омск', NULL, 19),
(1048, NULL, 'Ростов-на-дону', NULL, 21),
(1049, NULL, 'Санкт-Петербург', NULL, 23),
(1050, NULL, 'Ставрополь', NULL, 24),
(1051, NULL, 'Сургут', NULL, 25),
(1052, NULL, 'Тюмень', NULL, 28),
(1053, NULL, 'Улан-удэ', NULL, 29),
(1054, NULL, 'Челябинск', NULL, 30),
(1055, NULL, 'Чита', NULL, 31),
(1056, NULL, 'Томск', NULL, 27),
(1057, NULL, 'Барнаул', NULL, 1),
(1058, NULL, 'Белгород', NULL, 2),
(1059, NULL, 'Владивосток', NULL, 3),
(1060, NULL, 'Волгоград', NULL, 4),
(1061, NULL, 'Воронеж', NULL, 5),
(1062, NULL, 'Екатеринбург', NULL, 6),
(1063, NULL, 'Иркутск', NULL, 8),
(1064, NULL, 'Казань', NULL, 9),
(1065, NULL, 'Кемерово', NULL, 10),
(1066, NULL, 'Краснодар', NULL, 11),
(1067, NULL, 'Красноярск', NULL, 12),
(1068, NULL, 'Курск', NULL, 13),
(1069, NULL, 'Москва', NULL, 15),
(1070, NULL, 'Нижний Новгород', NULL, 16),
(1071, NULL, 'Новосибирск', NULL, 17),
(1072, NULL, 'Омск', NULL, 18),
(1073, NULL, 'Ростов-на-дону', NULL, 20),
(1074, NULL, 'Санкт-Петербург', NULL, 22),
(1075, NULL, 'Ставрополь', NULL, 23),
(1076, NULL, 'Сургут', NULL, 24),
(1077, NULL, 'Тюмень', NULL, 27),
(1078, NULL, 'Улан-удэ', NULL, 28),
(1079, NULL, 'Челябинск', NULL, 29),
(1080, NULL, 'Чита', NULL, 30),
(1081, NULL, 'Томск', NULL, 26),
(1177, 2, NULL, NULL, 1000),
(1179, 1, NULL, NULL, 1000),
(1181, 3, NULL, NULL, 1000),
(1184, 0, NULL, NULL, 1000),
(1208, NULL, 'Turanza ER300', NULL, 414),
(1209, NULL, 'Crosscontact', NULL, 60),
(1210, NULL, 'Hakkapelitta Sport Utility', NULL, 207),
(1211, NULL, 'Eagle LS2', NULL, 114),
(1243, NULL, 'Turanza ER33', NULL, 415),
(1247, NULL, 'Sport NS-1', NULL, 387),
(1249, NULL, 'Eagle Revspec RS-02', NULL, 119),
(1250, NULL, 'Regno GP-XT', NULL, 341),
(1251, NULL, 'Linglong', NULL, 31),
(1252, NULL, 'CrossWind', NULL, 61),
(1253, NULL, 'Potenza G3', NULL, 316),
(1254, NULL, 'TS-01', NULL, 410),
(1255, NULL, 'ATR', NULL, 3),
(1257, NULL, NULL, 73.1, 20),
(1262, NULL, '4*100', NULL, 2),
(1263, NULL, '4*108', NULL, 3),
(1264, NULL, '4*114.3', NULL, 5),
(1265, NULL, '5*100', NULL, 7),
(1266, NULL, '5*108', NULL, 8),
(1267, NULL, '5*112', NULL, 10),
(1269, NULL, '5*114.3', NULL, 12),
(1270, NULL, '5*120', NULL, 13),
(1271, NULL, '5*150', NULL, 17),
(1272, NULL, '6*139.7', NULL, 20),
(1273, NULL, '8*165.1', NULL, 22),
(1274, NULL, NULL, 10, 5),
(1275, NULL, NULL, 12, 7),
(1276, NULL, NULL, 15, 10),
(1277, NULL, NULL, 18, 13),
(1278, NULL, NULL, 23, 18),
(1279, NULL, NULL, 24, 19),
(1280, NULL, NULL, 25, 20),
(1281, NULL, NULL, 29, 23),
(1282, NULL, NULL, 30, 24),
(1283, NULL, NULL, 32, 26),
(1284, NULL, NULL, 33, 27),
(1285, NULL, NULL, 34, 28),
(1286, NULL, NULL, 35, 29),
(1287, NULL, NULL, 36, 30),
(1288, NULL, NULL, 37, 31),
(1289, NULL, NULL, 38, 32),
(1290, NULL, NULL, 39, 33),
(1291, NULL, NULL, 40, 34),
(1292, NULL, NULL, 41, 35),
(1293, NULL, NULL, 42, 36),
(1294, NULL, NULL, 43, 37),
(1295, NULL, NULL, 44, 38),
(1296, NULL, NULL, 45, 39),
(1297, NULL, NULL, 47, 41),
(1298, NULL, NULL, 48, 42),
(1299, NULL, NULL, 49, 43),
(1300, NULL, NULL, 50, 44),
(1301, NULL, NULL, 51, 45),
(1302, NULL, NULL, 52, 46),
(1303, NULL, NULL, 52.5, 47),
(1304, NULL, NULL, 53, 48),
(1305, NULL, NULL, 55, 50),
(1306, NULL, NULL, 60, 54),
(1307, NULL, NULL, 5, 30),
(1308, NULL, NULL, 5.5, 40),
(1309, NULL, NULL, 6, 50),
(1310, NULL, NULL, 6.5, 60),
(1311, NULL, NULL, 7, 70),
(1312, NULL, NULL, 7.5, 80),
(1313, NULL, NULL, 8, 90),
(1314, NULL, NULL, 8.5, 110),
(1315, NULL, NULL, 9, 120),
(1316, NULL, NULL, 9.5, 130),
(1317, 13, NULL, NULL, 20),
(1318, 14, NULL, NULL, 30),
(1319, 15, NULL, NULL, 40),
(1320, 16, NULL, NULL, 50),
(1321, 17, NULL, NULL, 60),
(1322, 18, NULL, NULL, 70),
(1323, 19, NULL, NULL, 80),
(1324, 20, NULL, NULL, 90),
(1325, 21, NULL, NULL, 100),
(1326, 22, NULL, NULL, 110),
(1327, NULL, NULL, 165, 40),
(1328, NULL, NULL, 175, 50),
(1329, NULL, NULL, 185, 60),
(1330, NULL, NULL, 195, 70),
(1331, NULL, NULL, 205, 80),
(1332, NULL, NULL, 215, 90),
(1333, NULL, NULL, 225, 100),
(1334, NULL, NULL, 235, 110),
(1335, NULL, NULL, 245, 120),
(1336, NULL, NULL, 255, 130),
(1337, NULL, NULL, 265, 140),
(1338, NULL, NULL, 275, 150),
(1339, NULL, NULL, 285, 160),
(1340, NULL, '1', NULL, 10),
(1341, NULL, '2', NULL, 20),
(1342, NULL, '3', NULL, 30),
(1343, NULL, '4', NULL, 40),
(1344, NULL, '595 RS-R', NULL, 5),
(1345, NULL, 'Pilot Sport', NULL, 297),
(1346, NULL, 'DNA Grand Map', NULL, 78),
(1348, NULL, 'Rosava', NULL, 48),
(1349, NULL, 'BC-11', NULL, 27),
(1350, NULL, 'Ukraine', NULL, 28),
(1351, NULL, NULL, 46, 40),
(1352, NULL, NULL, 20, 15),
(1353, NULL, 'Winguard 231', NULL, 437),
(1354, NULL, 'Sonny', NULL, 50),
(1355, NULL, 'Wot18', NULL, 450),
(1356, NULL, 'ASPEC', NULL, 16),
(1357, NULL, 'GT3', NULL, 185),
(1358, NULL, 'DNA dB Decibel', NULL, 74),
(1359, NULL, 'Tranpath mpZ', NULL, 407),
(1360, NULL, 'Sincera SN-828', NULL, 363),
(1361, NULL, 'Enasave EC202', NULL, 131),
(1362, NULL, 'AVID S306', NULL, 19),
(1363, NULL, NULL, 21, 16),
(1364, NULL, NULL, 100, 30),
(1365, NULL, NULL, -13, 1),
(1366, NULL, '5*112.5', NULL, 11),
(1367, NULL, '4*110', NULL, 4),
(1368, NULL, '5*139.7', NULL, 16),
(1369, 12, NULL, NULL, 10),
(1370, NULL, NULL, 4, 10),
(1371, NULL, NULL, 57, 52),
(1372, NULL, '5*127', NULL, 14),
(1373, NULL, NULL, 28, 22),
(1374, NULL, NULL, 90, 140),
(1375, NULL, NULL, 50, 130),
(1376, NULL, NULL, 4.5, 20),
(1377, NULL, NULL, 54, 49),
(1378, NULL, 'Belgium', NULL, 1),
(1379, NULL, NULL, 27, 21),
(1380, NULL, NULL, 105, 120),
(1381, NULL, NULL, 31, 25),
(1382, NULL, '6*205', NULL, 21),
(1383, NULL, NULL, 160, 110),
(1384, NULL, '5*110', NULL, 9),
(1385, NULL, 'Самара', NULL, 21),
(1386, NULL, 'Самара', NULL, 22),
(1388, NULL, 'DNA Map-i', NULL, 80),
(1391, NULL, 'Le Mans LM602', NULL, 254),
(1392, 1996, NULL, NULL, 10),
(1393, NULL, 'Advid S306', NULL, 14),
(1394, NULL, 'B 500Si', NULL, 23),
(1395, NULL, 'Ovation', NULL, 42),
(1396, NULL, 'VI-388', NULL, 434),
(1397, NULL, 'Grand Map', NULL, 166),
(1398, NULL, 'T''S-02', NULL, 400),
(1399, NULL, 'T''S-01', NULL, 399),
(1400, NULL, 'Canada', NULL, 4),
(1401, NULL, NULL, 16, 11),
(1402, NULL, NULL, 64.5, 100),
(1403, NULL, 'Пенза', NULL, 20),
(1404, NULL, 'Пенза', NULL, 19),
(1405, NULL, 'Тольятти', NULL, 25),
(1406, NULL, 'Тольятти', NULL, 26),
(1407, NULL, 'Dueler H/P', NULL, 98),
(1409, NULL, 'Ижевск', NULL, 7),
(1410, NULL, 'Кызыл', NULL, 14),
(1411, NULL, 'Ижевск', NULL, 8),
(1412, NULL, 'Кызыл', NULL, 15),
(1413, NULL, 'Cordiant', NULL, 10),
(1414, NULL, 'Polar', NULL, 313),
(1415, NULL, 'Ultra Sport NS-2', NULL, 420),
(1416, NULL, 'B500Si', NULL, 26),
(1417, NULL, 'Белово', NULL, 3),
(1418, 0, NULL, NULL, 10),
(1419, 1, NULL, NULL, 20),
(1420, NULL, 'ContiWinterViking 2', NULL, 57),
(1421, NULL, 'Scortion ICE &Snow', NULL, 359),
(1422, NULL, 'Great Britain', NULL, 11),
(1424, NULL, 'ES300', NULL, 135),
(1425, NULL, 'ICE Cruiser 7000', NULL, 213),
(1426, NULL, 'ICE Guard STUD', NULL, 221),
(1428, NULL, NULL, 74, 90),
(1429, NULL, NULL, 13, 80),
(1430, NULL, NULL, 62, 70),
(1432, NULL, NULL, 10, 140),
(1433, NULL, 'Potenza GIII', NULL, 317),
(1434, NULL, 'Potenza RE050A II', NULL, 323),
(1435, NULL, 'Proxes R35', NULL, 332),
(1436, NULL, 'Interstate', NULL, 27),
(1437, NULL, 'Eco Tour Plus', NULL, 122),
(1438, NULL, 'Ecopia PRV', NULL, 124),
(1439, NULL, 'Pilot Preceda', NULL, 296),
(1440, NULL, 'Le Mans LM703', NULL, 255),
(1441, NULL, 'Veuro VE 303', NULL, 433),
(1442, NULL, 'ContiSportContact 3E', NULL, 54),
(1443, NULL, 'Le Mans LM704', NULL, 256),
(1444, NULL, 'Ulta sport NS-2', NULL, 416),
(1445, NULL, 'DNA S.drive', NULL, 83),
(1446, NULL, 'Eagle LS2000', NULL, 115),
(1447, NULL, 'PZERO NERO', NULL, 338),
(1448, NULL, 'SP Sport 01', NULL, 375),
(1449, NULL, 'SP Sport', NULL, 374),
(1450, NULL, 'Firehawk Wide Oval', NULL, 144),
(1451, NULL, 'SP Sport 9000', NULL, 379),
(1452, NULL, 'Ulta Sport NS-II', NULL, 417),
(1453, NULL, 'Rotalla', NULL, 49),
(1454, NULL, 'Radial F107', NULL, 339),
(1455, NULL, 'HP199', NULL, 210),
(1456, NULL, 'Pinso Tyres', NULL, 43),
(1457, NULL, 'Durun', NULL, 13),
(1458, NULL, 'A-ONE', NULL, 8),
(1459, NULL, 'W XL', NULL, 170),
(1460, NULL, 'Ecsta SPT', NULL, 127),
(1461, NULL, 'Graspic DS-3', NULL, 179),
(1462, NULL, 'Cinturato P-1', NULL, 46),
(1463, NULL, 'Classe premiere CP662', NULL, 47),
(1466, NULL, 'SP Sport 01 DSST', NULL, 376),
(1468, NULL, 'Achiles', NULL, 1),
(1469, NULL, 'Hakkapeliita Sport Utility 5', NULL, 197),
(1470, NULL, 'Nordman', NULL, 40),
(1471, NULL, 'Nordman +', NULL, 273),
(1472, NULL, 'Hakkapilita 4', NULL, 208),
(1473, NULL, '5*130', NULL, 15),
(1475, NULL, 'Nordman + ,Hakkapilita 4', NULL, 274),
(1476, NULL, 'Polar2', NULL, 314),
(1477, NULL, 'DSX/DSX-2', NULL, 91),
(1478, NULL, '95/97', NULL, 470),
(1479, NULL, 'Latitude X-ice North', NULL, 253),
(1480, NULL, 'Geolandar G91', NULL, 154),
(1481, NULL, 'Н', NULL, 200),
(1482, NULL, 'Dayton', NULL, 11),
(1483, NULL, 'D320', NULL, 62),
(1484, NULL, 'Conti 4x4 IceContact', NULL, 48),
(1485, NULL, 'IceGrip SUG103', NULL, 232),
(1486, NULL, NULL, 135, 10),
(1487, NULL, 'SY01', NULL, 397),
(1488, NULL, NULL, 145, 20),
(1489, NULL, 'Ice Navi NH', NULL, 225),
(1490, NULL, 'Northtrek', NULL, 41),
(1491, NULL, 'Blizzak W965', NULL, 39),
(1492, NULL, 'Observe Garit SV', NULL, 286),
(1493, NULL, 'SY900', NULL, 398),
(1494, NULL, NULL, 155, 30),
(1495, NULL, 'Ice Navi Zea II', NULL, 227),
(1496, NULL, 'Blizzak Revo', NULL, 34),
(1497, NULL, 'Ice Guard IG10', NULL, 216),
(1498, NULL, 'DSV-01', NULL, 88),
(1499, NULL, 'Ice Navi Zea', NULL, 226),
(1500, NULL, 'Blizzak Revo2', NULL, 37),
(1501, NULL, 'Ice Navi', NULL, 223),
(1502, NULL, 'Espia EP-03', NULL, 137),
(1504, NULL, 'Winter Maxx WM01', NULL, 443),
(1505, NULL, 'Garit G4', NULL, 150),
(1506, NULL, 'Ice Guard IG30', NULL, 218),
(1507, NULL, 'Blizzak Revo GZ', NULL, 35),
(1508, NULL, 'Ice Guard IG20', NULL, 217),
(1509, NULL, 'Observe Garit G30', NULL, 285),
(1510, NULL, 'Ice Guard', NULL, 214),
(1511, NULL, 'ST30', NULL, 393),
(1512, NULL, 'Garit G5', NULL, 151),
(1513, NULL, 'X-Ice', NULL, 453),
(1514, NULL, 'Blizzak', NULL, 28),
(1515, NULL, 'Garit G30', NULL, 149),
(1516, NULL, 'Ice Guard IG50', NULL, 219),
(1517, NULL, 'Landair SL S-112', NULL, 242),
(1518, NULL, 'Guardex F720', NULL, 187),
(1519, NULL, 'Graspic HS-3', NULL, 183),
(1520, NULL, 'Observe Garit2', NULL, 287),
(1521, NULL, 'Winter Maxx', NULL, 442),
(1522, NULL, 'ST20', NULL, 392),
(1523, NULL, 'Ice Navi Hybrid Zea', NULL, 224),
(1524, NULL, 'Espia', NULL, 136),
(1525, NULL, 'Latitude X-Ice', NULL, 252),
(1526, NULL, 'Ice Guard Black IG20', NULL, 215),
(1527, NULL, 'Graspic DS1', NULL, 181),
(1528, NULL, 'Drice', NULL, 87),
(1529, NULL, 'Zetro', NULL, 56),
(1530, NULL, 'ICESTORM', NULL, 25),
(1531, NULL, 'Vinter', NULL, 435),
(1532, NULL, 'Winter', NULL, 438),
(1533, NULL, 'Marshal', NULL, 32),
(1534, NULL, 'Winter Tranpath', NULL, 444),
(1535, NULL, 'UltraGrip Ice Navi Neo', NULL, 423),
(1536, NULL, 'SP LT', NULL, 373),
(1537, NULL, 'Wrangler IP/N', NULL, 452),
(1538, NULL, 'Snow Viva SV-1', NULL, 371),
(1539, NULL, 'Blizzak MZ-03', NULL, 33),
(1540, NULL, 'Winter Ice Control', NULL, 441),
(1541, NULL, 'Observe Garit', NULL, 283),
(1542, NULL, 'Winter Dueler DM-Z2', NULL, 440),
(1543, NULL, 'Geolandar', NULL, 152),
(1544, NULL, 'Geolandar I/T G072', NULL, 157),
(1545, NULL, 'Graspic DS-V', NULL, 180),
(1546, NULL, 'Scorpion Ice&Snow', NULL, 358),
(1547, NULL, 'Winter Tranpath MK4', NULL, 445),
(1548, NULL, 'Geolandar I/T+', NULL, 158),
(1549, NULL, 'Himalaya SUV', NULL, 209),
(1550, NULL, 'Winter Tranpath SU-4', NULL, 446),
(1551, NULL, 'Capitol', NULL, 6),
(1552, NULL, 'Grandtrek SJ7', NULL, 177),
(1553, NULL, '4x4 UG Ice Navi', NULL, 4),
(1554, NULL, 'Geolandar I/T-S G073', NULL, 160),
(1555, NULL, 'Bridgestone', NULL, 43),
(1556, NULL, 'Potenza GIII', NULL, 46),
(1557, NULL, '4*98', NULL, 1),
(1558, NULL, NULL, 58, 60),
(1560, 3, NULL, NULL, 30),
(1561, 0, NULL, NULL, 10),
(1562, 1, NULL, NULL, 20),
(1563, NULL, 'Gislaved', NULL, 20),
(1564, NULL, 'Nord Frost II', NULL, 271),
(1565, NULL, 'Sweden', NULL, 24),
(1566, NULL, 'Runsafa SN-1', NULL, 355),
(1567, NULL, 'Red Wheel', NULL, 139),
(1568, NULL, 'G-Square', NULL, 126),
(1569, NULL, 'DT1', NULL, 10),
(1570, NULL, 'DT2', NULL, 20),
(1571, NULL, 'DF1', NULL, 30),
(1572, NULL, 'DF2', NULL, 40),
(1573, NULL, 'DR1', NULL, 50),
(1574, NULL, 'DR2', NULL, 60),
(1575, NULL, 'AT', NULL, 70),
(1576, NULL, 'AF', NULL, 80),
(1577, NULL, 'AR', NULL, 90),
(1586, NULL, 'NTS', NULL, 10),
(1587, NULL, 'NTF', NULL, 20),
(1588, NULL, 'NTP', NULL, 30),
(1589, NULL, 'PTS', NULL, 40),
(1590, NULL, 'PTI', NULL, 50),
(1591, NULL, 'JAP', NULL, 60),
(1592, NULL, 'A1 Параметры (табличные значения)', NULL, 10),
(1593, NULL, 'A2 Фото', NULL, 20),
(1594, NULL, 'A3 Хедер', NULL, 30),
(1595, NULL, 'A4 Футер', NULL, 40),
(1596, NULL, 'A5 Гарантия', NULL, 50),
(1597, NULL, 'A6 Доставка', NULL, 60),
(1598, NULL, 'A7 Цена', NULL, 70),
(1599, NULL, 'A8 Описание', NULL, 80),
(1600, 1, NULL, NULL, 10),
(1601, 2, NULL, NULL, 20),
(1602, NULL, 'A9 Заголовок', NULL, 90),
(1603, 2, NULL, NULL, 30),
(1604, 3, NULL, NULL, 40),
(1605, 4, NULL, NULL, 50),
(1606, 5, NULL, NULL, 60),
(1607, 6, NULL, NULL, 70),
(1608, 7, NULL, NULL, 80),
(1609, NULL, 'Bridgestone', NULL, 125),
(1610, NULL, 'Nissan', NULL, 124),
(1611, NULL, 'A-Tech Schneider', NULL, 123),
(1612, NULL, 'Manaray Euro Speed', NULL, 122),
(1613, NULL, 'Toyota', NULL, 121),
(1614, NULL, 'Borbet', NULL, 120),
(1615, NULL, NULL, 17, 12),
(1616, NULL, 'Dufact DF-5', NULL, 119),
(1617, NULL, 'Infinity', NULL, 118),
(1618, NULL, 'BMW', NULL, 127),
(1619, NULL, 'Weds', NULL, 128),
(1620, NULL, 'Euro-Mode', NULL, 129),
(1621, NULL, 'Topy Sibilla', NULL, 138),
(1622, NULL, 'Violento', NULL, 137),
(1623, NULL, 'Bridgestone BEO', NULL, 136),
(1624, NULL, NULL, 11, 6),
(1625, NULL, 'Manaray', NULL, 135),
(1626, NULL, 'RAYS', NULL, 134),
(1627, NULL, 'Enkei', NULL, 133),
(1628, NULL, '6*114.3', NULL, 19),
(1629, NULL, 'Work', NULL, 132),
(1630, NULL, NULL, 10.5, 150),
(1631, NULL, 'Zephyr', NULL, 131),
(1632, NULL, 'X speed', NULL, 130),
(1633, 23, NULL, NULL, 120),
(1634, NULL, 'Yokohama Laycea', NULL, 117),
(1635, NULL, 'Dunlop Dufact DF5', NULL, 116),
(1636, NULL, 'Reverline', NULL, 103),
(1637, NULL, 'Alcoa', NULL, 102),
(1638, NULL, NULL, 8.25, 100),
(1639, NULL, NULL, 165, 55),
(1640, NULL, 'Nissan Nismo', NULL, 101),
(1641, NULL, 'Proget Roxcy', NULL, 100),
(1642, NULL, 'Mak Rave', NULL, 99),
(1643, NULL, 'Advanti', NULL, 98),
(1644, NULL, 'Grass', NULL, 97),
(1645, NULL, 'Mercedes', NULL, 96),
(1646, NULL, 'S&S', NULL, 95),
(1647, NULL, 'Weds Joker', NULL, 104),
(1648, NULL, 'Lugtec', NULL, 105),
(1649, NULL, 'OZ', NULL, 106),
(1651, NULL, NULL, -10, 3),
(1652, NULL, 'Audi', NULL, 115),
(1653, NULL, 'ATS', NULL, 114),
(1654, NULL, 'Euro Stiling', NULL, 113),
(1655, NULL, 'AGA', NULL, 112),
(1656, NULL, 'PRD', NULL, 111),
(1657, NULL, 'Algernon', NULL, 110),
(1658, NULL, 'Lexus', NULL, 109),
(1659, NULL, 'Toyota Harrier', NULL, 108),
(1660, NULL, 'Zack', NULL, 107),
(1661, NULL, 'Subaru', NULL, 94),
(1662, NULL, 'Mak', NULL, 184),
(1663, NULL, 'AQUA', NULL, 172),
(1664, NULL, 'Honda', NULL, 171),
(1665, NULL, 'Nexta', NULL, 170),
(1667, NULL, 'Cross Speed', NULL, 169),
(1668, NULL, 'Mini', NULL, 168),
(1669, NULL, 'VAGGIO', NULL, 167),
(1670, NULL, 'Grave', NULL, 166),
(1671, NULL, NULL, 19, 14),
(1672, NULL, NULL, 11, 160),
(1673, NULL, 'Toyota Land Cruiser', NULL, 165),
(1674, NULL, 'TRD', NULL, 164),
(1675, NULL, 'Advan', NULL, 173),
(1676, NULL, 'Work Emotion CR-KAI', NULL, 174),
(1677, NULL, 'ProDrive', NULL, 175),
(1678, NULL, 'AME Shallen', NULL, 183),
(1679, NULL, '5*98', NULL, 6),
(1680, NULL, 'Work Emotion D9R', NULL, 182),
(1681, NULL, 'Black Racing', NULL, 181),
(1682, NULL, 'TWS', NULL, 180),
(1683, NULL, 'Work Emotion', NULL, 179),
(1684, NULL, 'Rozest', NULL, 178),
(1685, NULL, 'SSR', NULL, 177),
(1686, NULL, 'Work Emotion CR Kiwami', NULL, 176),
(1688, NULL, 'RAYS VOLK RACING', NULL, 163),
(1690, NULL, 'Bolzanos', NULL, 162),
(1691, NULL, 'Weds Sport SA-55M', NULL, 149),
(1693, NULL, NULL, 14, 9),
(1694, NULL, 'Impul', NULL, 148),
(1695, NULL, 'Lehrmeister', NULL, 147),
(1696, NULL, 'Makina ISOTTA', NULL, 146),
(1697, NULL, 'Racing Hart', NULL, 145),
(1698, NULL, 'AVS Model T7', NULL, 144),
(1699, NULL, NULL, 22, 17),
(1700, NULL, 'AVS Model T5', NULL, 143),
(1701, NULL, '5ZIGEN', NULL, 142),
(1702, NULL, 'RAYS Sebring', NULL, 141),
(1703, NULL, 'fabulous', NULL, 150),
(1704, NULL, 'Work Emotion CR-KAI WAE', NULL, 151),
(1705, NULL, 'Work Schwert SW4', NULL, 152),
(1706, NULL, NULL, -5, 4),
(1707, NULL, '5ZIGEN  FN-0A', NULL, 161),
(1708, NULL, 'Waren', NULL, 160),
(1709, NULL, 'Exceeder', NULL, 159),
(1710, NULL, 'Japan', NULL, 158),
(1711, NULL, 'Crisis', NULL, 157),
(1712, NULL, 'GEWALT', NULL, 156),
(1713, NULL, 'Strada', NULL, 155),
(1714, NULL, 'Zeit SS', NULL, 154),
(1715, NULL, 'B.I.M. DHS05', NULL, 153),
(1716, NULL, 'Mercedes benz', NULL, 140),
(1717, NULL, 'PIAA', NULL, 93),
(1718, NULL, 'A-Tech Final Speed', NULL, 46),
(1719, NULL, 'Fledermaus', NULL, 33),
(1720, NULL, 'Work Euroline', NULL, 32),
(1721, NULL, 'RAYS VOLK RACING  C-V PRO rev', NULL, 31),
(1722, NULL, 'OZ Racing', NULL, 30),
(1723, NULL, 'CLUB Linea', NULL, 29),
(1724, NULL, 'BWA', NULL, 28),
(1725, NULL, 'Volvo', NULL, 27),
(1726, NULL, 'axis', NULL, 26),
(1727, NULL, 'Leasing', NULL, 25),
(1728, NULL, 'BADX', NULL, 34),
(1729, NULL, 'first', NULL, 35),
(1730, NULL, 'RAYS G-Games 77s', NULL, 36),
(1731, NULL, 'Rays spada-wide', NULL, 45),
(1732, NULL, 'BBS', NULL, 44),
(1733, NULL, 'Buddy Club P', NULL, 43),
(1734, NULL, 'Work Emotion XT7', NULL, 42),
(1735, NULL, 'Suzuki', NULL, 41),
(1736, NULL, 'Vaster', NULL, 40),
(1737, NULL, 'Quant', NULL, 39),
(1738, NULL, 'Super star', NULL, 38),
(1739, NULL, 'RAYS Gram Lights 57C', NULL, 37),
(1740, NULL, 'Advan TC', NULL, 24),
(1741, NULL, 'Япония', NULL, 23),
(1742, NULL, 'Wrest', NULL, 10),
(1743, NULL, 'Hokuto racing', NULL, 9),
(1744, NULL, 'Carving head', NULL, 8),
(1746, NULL, 'Rays Spada', NULL, 7),
(1747, NULL, 'Land Rover', NULL, 6),
(1748, NULL, 'Weds buillens', NULL, 5),
(1749, NULL, 'Kosei', NULL, 4),
(1750, NULL, 'WEDS Kranze', NULL, 3),
(1751, NULL, 'Carlsson', NULL, 2),
(1752, NULL, 'Weds Leonis', NULL, 11),
(1753, NULL, 'SSR TYPE-C', NULL, 12),
(1754, NULL, 'Work  LS207', NULL, 13),
(1755, NULL, 'Fabulous Profound', NULL, 22),
(1756, NULL, 'Lodio Drive', NULL, 21),
(1757, NULL, NULL, -12, 2),
(1758, NULL, 'Crimson', NULL, 20),
(1759, NULL, 'No', NULL, 19),
(1760, NULL, 'STS', NULL, 18),
(1761, NULL, 'Kaisrer', NULL, 17),
(1762, NULL, 'Bridgestone BEO S03', NULL, 16),
(1763, NULL, 'Bridgestone Sicurezza SS5', NULL, 15),
(1764, NULL, 'RAYS United Arrows  WR', NULL, 14),
(1765, NULL, 'WEDS bellona', NULL, 1),
(1766, NULL, 'FED', NULL, 92),
(1767, NULL, 'AVS  model 7', NULL, 79),
(1768, NULL, 'RAYS VOLK RACING  EVO3', NULL, 78),
(1769, NULL, NULL, 13, 8),
(1770, NULL, 'RAYS Gram Lights', NULL, 77),
(1771, NULL, 'Azect', NULL, 76),
(1772, NULL, 'BLEST', NULL, 75),
(1773, NULL, 'RAYS VOLK RACING  AV3', NULL, 74),
(1774, NULL, 'AVS Model 6', NULL, 73),
(1775, NULL, 'WORK LS207', NULL, 72),
(1776, NULL, 'Mazda', NULL, 71),
(1777, NULL, 'Work Emotion XD9', NULL, 80),
(1778, NULL, '5*197', NULL, 18),
(1779, NULL, 'Technocast', NULL, 81),
(1780, NULL, 'Open Contry', NULL, 288),
(1781, NULL, 'Ultra Sport NS-II', NULL, 421),
(1782, NULL, 'Nord Frost 5', NULL, 270),
(1783, 5, NULL, NULL, 50),
(1784, NULL, 'Volkswagen', NULL, 82),
(1785, NULL, 'TLC 100', NULL, 91),
(1786, NULL, 'Linea', NULL, 90),
(1787, NULL, 'Stich Precious', NULL, 89),
(1788, NULL, 'Weds Farmas', NULL, 88),
(1789, NULL, 'BBS RS', NULL, 87),
(1790, NULL, 'XXR', NULL, 86),
(1791, NULL, 'AME', NULL, 85),
(1792, NULL, 'Rota', NULL, 84),
(1793, NULL, 'Radius', NULL, 83),
(1794, NULL, 'Coventry', NULL, 70),
(1795, NULL, 'Brabus', NULL, 69),
(1796, NULL, NULL, 56, 51),
(1797, NULL, 'Zeit', NULL, 56),
(1798, NULL, 'BOYDS', NULL, 55),
(1799, NULL, 'Watanabe', NULL, 54),
(1800, NULL, 'Enkei AME', NULL, 53),
(1801, NULL, 'Breyton', NULL, 52),
(1802, NULL, 'MAE', NULL, 51),
(1803, NULL, 'LORINSER', NULL, 50),
(1804, NULL, 'Mercedes AMG', NULL, 49),
(1805, NULL, 'SVT', NULL, 48),
(1806, NULL, 'RS Wheels', NULL, 57),
(1807, NULL, 'Alfa Romeo', NULL, 58),
(1808, NULL, 'Porsche', NULL, 59),
(1809, NULL, NULL, 59, 53),
(1810, NULL, 'Beo', NULL, 68),
(1811, NULL, 'Nascar', NULL, 67),
(1812, NULL, 'Crimson Myrtle Kruz', NULL, 66),
(1813, NULL, 'Штамповки', NULL, 65),
(1814, NULL, NULL, 67.1, 50),
(1816, NULL, 'RX 350', NULL, 64),
(1817, NULL, NULL, 61, 40),
(1818, NULL, 'TLC 200', NULL, 63),
(1819, NULL, 'Prado', NULL, 62),
(1820, NULL, 'Lexus LX 570', NULL, 61),
(1821, NULL, 'Volk Raysing', NULL, 60),
(1822, NULL, NULL, 66.1, 10),
(1823, NULL, 'AVS Model7', NULL, 47),
(1824, NULL, 'SP Sport Maxx GT', NULL, 382),
(1825, NULL, 'Hakkapeliitta Sport Utility', NULL, 200),
(1826, NULL, 'Hakkapeliitta Sport Utility 5', NULL, 201),
(1827, NULL, 'DNA SDrive', NULL, 84),
(1828, NULL, 'Nordman', NULL, 272),
(1829, NULL, 'SP Sport 01v', NULL, 377),
(1830, NULL, 'NS-1', NULL, 278),
(1831, NULL, 'Dueler H/T', NULL, 101),
(1832, NULL, 'Tranpath S1', NULL, 409),
(1833, NULL, 'SN-1', NULL, 366),
(1834, NULL, 'N1', NULL, 263),
(1835, NULL, 'Parada Spec-X', NULL, 294),
(1836, NULL, 'Ice Guard IG721', NULL, 220),
(1837, NULL, NULL, 315, 170),
(1838, NULL, 'LT', NULL, 480),
(1839, NULL, 'Snow', NULL, 370),
(1840, NULL, 'Observe G3-Ice', NULL, 282),
(1841, NULL, 'Latitude Diamaris', NULL, 247),
(1842, NULL, 'SP Sport LM703', NULL, 380),
(1843, NULL, 'Group', NULL, 184),
(1844, NULL, 'SU830', NULL, 394),
(1845, NULL, 'Dueler H/T D684', NULL, 107),
(1846, NULL, 'Veuro VE 302', NULL, 432),
(1847, NULL, 'Ventus', NULL, 424),
(1848, NULL, 'Ventus V8 RS H 424', NULL, 429),
(1849, NULL, 'Enasave 050', NULL, 130),
(1850, NULL, 'Eagle', NULL, 110),
(1851, NULL, 'Dueler H/P Sport AS', NULL, 100),
(1852, NULL, 'Veuro VE 301', NULL, 431),
(1853, NULL, 'Ultra Grip Ice Navi Zea', NULL, 418),
(1854, NULL, 'Ice King KW21', NULL, 222),
(1855, 8, NULL, NULL, 90),
(1856, 9, NULL, NULL, 100),
(1857, 10, NULL, NULL, 110),
(1858, 11, NULL, NULL, 120),
(1859, 12, NULL, NULL, 130),
(1860, 13, NULL, NULL, 140),
(1861, 14, NULL, NULL, 150),
(1862, 15, NULL, NULL, 160),
(1863, 16, NULL, NULL, 170),
(1864, 17, NULL, NULL, 180),
(1865, 18, NULL, NULL, 190),
(1866, 19, NULL, NULL, 200),
(1867, 20, NULL, NULL, 210),
(1872, NULL, 'Dueler H/L 33', NULL, 96),
(1873, NULL, 'N2', NULL, 265),
(1874, NULL, 'Ice Partner', NULL, 228),
(1875, NULL, 'winter Dueler', NULL, 439),
(1876, NULL, 'Ziex', NULL, 456),
(1877, NULL, 'SuperSteel 595', NULL, 396),
(1878, NULL, 'Wrangler', NULL, 451),
(1879, NULL, 'Mayrun', NULL, 35),
(1880, NULL, 'corsafa', NULL, 59),
(1881, NULL, 'NS-2', NULL, 279),
(1882, NULL, 'Hakkapeliitta', NULL, 198),
(1883, NULL, 'P7000', NULL, 293),
(1884, NULL, 'Scorpion', NULL, 357),
(1885, NULL, 'WOT 18', NULL, 449),
(1886, NULL, 'Tranpath', NULL, 404),
(1887, NULL, 'DNA Earth-1 EP400', NULL, 75),
(1888, NULL, 'Geolandar I/T', NULL, 156),
(1890, 0, NULL, NULL, 1000),
(1891, NULL, 'Hakkapeliitta 5', NULL, 199),
(1892, NULL, 'фывфыв', NULL, 0),
(1893, NULL, 'фывфывфыв', NULL, 0),
(1895, NULL, 'Indoradial', NULL, 26),
(1896, NULL, '6688', NULL, 6),
(1897, NULL, '81 Motorsport', NULL, 185),
(1898, NULL, 'Advan Racing', NULL, 186),
(1899, NULL, 'AME Wheels', NULL, 187),
(1900, NULL, 'American Racing', NULL, 188),
(1901, NULL, 'Amistad', NULL, 189),
(1902, NULL, 'Arthur Exchange', NULL, 190),
(1903, NULL, 'A-Tech', NULL, 191),
(1904, NULL, 'Auto Couture', NULL, 192),
(1905, NULL, 'AVS Model 7', NULL, 193),
(1906, NULL, 'AVS Model6', NULL, 194),
(1907, NULL, 'AW', NULL, 195),
(1908, NULL, 'BIM', NULL, 196),
(1909, NULL, 'BIM DHS', NULL, 197),
(1910, NULL, 'BIM ZEIT', NULL, 198),
(1911, NULL, 'Blonks', NULL, 199),
(1912, NULL, 'Bradley', NULL, 200),
(1913, NULL, 'Bridgestone Sicurezza', NULL, 201),
(1914, NULL, 'Circlar', NULL, 202),
(1915, NULL, 'Crimson Myrtle Kruz ', NULL, 203),
(1916, NULL, 'CV982', NULL, 204),
(1917, NULL, 'DAD Garson Zuenglein', NULL, 205),
(1918, NULL, 'Desmond Koenig', NULL, 206),
(1919, NULL, 'DIP', NULL, 207),
(1920, NULL, 'Duemila', NULL, 208),
(1921, NULL, 'Elegant Black Witch', NULL, 209),
(1922, NULL, 'Enkei Acura', NULL, 210),
(1923, NULL, 'Enkei Rivazza', NULL, 211),
(1924, NULL, 'Enkei RS', NULL, 212),
(1925, NULL, 'Enkei Sporsh', NULL, 213),
(1926, NULL, 'Erglanz', NULL, 214),
(1927, NULL, 'EURO DESIGN', NULL, 215),
(1928, NULL, 'Eurodesign', NULL, 216),
(1929, NULL, 'Eurohart', NULL, 217),
(1930, NULL, 'Evo Racing', NULL, 218),
(1931, NULL, 'EVY', NULL, 219),
(1932, NULL, 'Exchange', NULL, 220),
(1933, NULL, 'Ford', NULL, 221),
(1934, NULL, 'Fortible', NULL, 222),
(1935, NULL, 'Garson Black Mafia', NULL, 223),
(1936, NULL, 'Gestalt Virouge', NULL, 224),
(1937, NULL, 'Gewall', NULL, 225),
(1938, NULL, 'Giro', NULL, 226),
(1939, NULL, 'Gloria', NULL, 227),
(1940, NULL, 'Hummer H3', NULL, 228),
(1941, NULL, 'Impul Bronx', NULL, 229),
(1942, NULL, 'Jeep', NULL, 230),
(1943, NULL, 'JMB Skyscraper', NULL, 231),
(1944, NULL, 'K&K C.T.G.', NULL, 232),
(1945, NULL, 'Kaiser', NULL, 233),
(1946, NULL, 'Kyoho', NULL, 234),
(1947, NULL, 'La Strada', NULL, 235),
(1948, NULL, 'LC 200', NULL, 236),
(1949, NULL, 'LC100', NULL, 237),
(1950, NULL, 'LC200', NULL, 238),
(1951, NULL, 'Leasing Legendary', NULL, 239),
(1952, NULL, 'Legzas', NULL, 240),
(1953, NULL, 'Lexus GX460', NULL, 241),
(1954, NULL, 'Lexus RX350', NULL, 242),
(1955, NULL, 'Linea Sport', NULL, 243),
(1956, NULL, 'Linz', NULL, 244),
(1957, NULL, 'Liso', NULL, 245),
(1958, NULL, 'Lizea', NULL, 246),
(1959, NULL, 'Longs', NULL, 247),
(1960, NULL, 'Lowenhart', NULL, 248),
(1961, NULL, 'Loxarny Tempest Turbine', NULL, 249),
(1962, NULL, 'LX 570', NULL, 250),
(1963, NULL, 'Manaray VR5', NULL, 251),
(1964, NULL, 'Mazdaspeed', NULL, 252),
(1965, NULL, 'Mitsubishi', NULL, 253),
(1966, NULL, 'MSW', NULL, 254),
(1967, NULL, 'MZ Speed', NULL, 255),
(1968, NULL, 'Neo road', NULL, 256),
(1969, NULL, 'Passage', NULL, 257),
(1970, NULL, 'Prado 150', NULL, 258),
(1971, NULL, 'Progressive', NULL, 259),
(1972, NULL, 'Racing Dynamics', NULL, 260),
(1973, NULL, 'Racing Hart Type-C', NULL, 261),
(1974, NULL, 'Rally Sparco', NULL, 262),
(1975, NULL, 'Rapid', NULL, 263),
(1976, NULL, 'Rays Genome', NULL, 264),
(1977, NULL, 'Rays TE37', NULL, 265),
(1978, NULL, 'Rays United Arrows S-05E-Star', NULL, 266),
(1979, NULL, 'Rays Volk CV-Europe', NULL, 267),
(1980, NULL, 'Sein', NULL, 268),
(1981, NULL, 'S-Hold', NULL, 269),
(1982, NULL, 'Sicurezza', NULL, 270),
(1983, NULL, 'SKAD', NULL, 271),
(1984, NULL, 'Speed Star', NULL, 272),
(1985, NULL, 'Speed Star Golt', NULL, 273),
(1986, NULL, 'Speedline', NULL, 274),
(1987, NULL, 'Sport Technic', NULL, 275),
(1988, NULL, 'Sport Technik', NULL, 276),
(1989, NULL, 'SSR Agle Strusse', NULL, 277),
(1990, NULL, 'SSR Gartmaier', NULL, 278),
(1991, NULL, 'SSR Gartmeier', NULL, 279),
(1992, NULL, 'SSR TYPE-F ', NULL, 280),
(1993, NULL, 'Stern', NULL, 281),
(1994, NULL, 'Stich', NULL, 282),
(1995, NULL, 'Stranger', NULL, 283),
(1996, NULL, 'TMW', NULL, 284),
(1997, NULL, 'Top True', NULL, 285),
(1998, NULL, 'Touren', NULL, 286),
(1999, NULL, 'United Arrows', NULL, 287),
(2000, NULL, 'Valbrem', NULL, 288),
(2001, NULL, 'Various', NULL, 289),
(2002, NULL, 'Verger', NULL, 290),
(2003, NULL, 'Verhalt', NULL, 291),
(2004, NULL, 'Volk Raсing NEW A-V', NULL, 292),
(2005, NULL, 'Voltec', NULL, 293),
(2006, NULL, 'VW', NULL, 294),
(2007, NULL, 'Wald', NULL, 295),
(2008, NULL, 'Warwic', NULL, 296),
(2009, NULL, 'Weds Kranze Cerberus II', NULL, 297),
(2010, NULL, 'Wheelworld', NULL, 298),
(2011, NULL, 'Work Emotion CRkai', NULL, 299),
(2012, NULL, 'Work Forged WAE', NULL, 300),
(2013, NULL, 'Work Lehrmeister', NULL, 301),
(2014, NULL, 'Work RS-Z', NULL, 302),
(2015, NULL, 'Work SC2', NULL, 303),
(2016, NULL, 'Work XS2', NULL, 304),
(2017, NULL, 'Work XSA 03C', NULL, 305),
(2018, NULL, 'X Cross Speed', NULL, 306),
(2019, NULL, 'Zauber', NULL, 307),
(2020, NULL, 'Zeus Line', NULL, 308),
(2021, NULL, 'Литые', NULL, 309),
(2022, NULL, 'Tunga', NULL, 54),
(2023, NULL, 'ExtremeContact', NULL, 139),
(2024, NULL, 'Direza DZ102', NULL, 65),
(2025, NULL, 'ContiSportContact 5', NULL, 55),
(2026, NULL, 'P Zero Nero', NULL, 291),
(2027, NULL, 'Grandtrek PT2A', NULL, 175),
(2028, NULL, 'UltraGrip Extreme', NULL, 422),
(2029, NULL, 'NRT2', NULL, 277),
(2030, NULL, 'ContiWinterViking2', NULL, 58),
(2037, NULL, 'Шины', NULL, 1),
(2038, NULL, 'Диски', NULL, 2),
(2039, NULL, 'Доставка доТК', NULL, 3),
(2040, NULL, 'Достака ТК', NULL, 4),
(2041, NULL, 'Наценка', NULL, 5),
(2042, 0, NULL, NULL, 1),
(2043, 1, NULL, NULL, 2),
(2044, NULL, 'Едет', NULL, 1),
(2045, NULL, 'Лежит', NULL, 2),
(2046, NULL, 'Хорошо лежит', NULL, 3),
(2047, NULL, 'Дром', NULL, 2),
(2048, NULL, 'Авито', NULL, 1);

-- --------------------------------------------------------

--
-- Структура таблицы `yahoo_category`
--

CREATE TABLE IF NOT EXISTS `yahoo_category` (
`id` int(10) unsigned NOT NULL,
  `code` varchar(11) NOT NULL,
  `name` varchar(255) NOT NULL,
  `max_price` int(11) NOT NULL
) ENGINE=InnoDB AUTO_INCREMENT=4 DEFAULT CHARSET=utf8;

--
-- Дамп данных таблицы `yahoo_category`
--

INSERT INTO `yahoo_category` (`id`, `code`, `name`, `max_price`) VALUES
(1, '2084200189', '17"', 200),
(2, '2084200190', '18"', 250),
(3, '2084200188', '16"', 90);

-- --------------------------------------------------------

--
-- Структура таблицы `yahoo_lot`
--

CREATE TABLE IF NOT EXISTS `yahoo_lot` (
`sort` int(11) NOT NULL,
  `id` varchar(11) NOT NULL,
  `title` varchar(255) NOT NULL,
  `update_time` datetime NOT NULL,
  `image` varchar(255) NOT NULL DEFAULT '',
  `cur_price` int(11) NOT NULL,
  `bid_price` int(11) NOT NULL DEFAULT '0',
  `bids` int(11) NOT NULL DEFAULT '0',
  `end_time` datetime NOT NULL,
  `category_id` int(11) NOT NULL,
  `seller_id` int(11) NOT NULL,
  `state` tinyint(4) NOT NULL DEFAULT '0'
) ENGINE=InnoDB DEFAULT CHARSET=utf8;

-- --------------------------------------------------------

--
-- Структура таблицы `yahoo_seller`
--

CREATE TABLE IF NOT EXISTS `yahoo_seller` (
`id` int(10) unsigned NOT NULL,
  `name` varchar(100) NOT NULL
) ENGINE=InnoDB AUTO_INCREMENT=2638 DEFAULT CHARSET=utf8;

--
-- Дамп данных таблицы `yahoo_seller`
--

INSERT INTO `yahoo_seller` (`id`, `name`) VALUES
(2261, 'a1333s'),
(1936, 'a1b2c3d4malon2003'),
(772, 'a718934936'),
(1156, 'aaa3636t0yoth36'),
(1910, 'aaataiya'),
(1386, 'abaintl2007'),
(311, 'abnj2006'),
(846, 'aboo_1970'),
(1746, 'abshobubu'),
(349, 'aburayasan3512'),
(2059, 'accel426'),
(1673, 'accobra1010'),
(1598, 'aceauto5'),
(745, 'acid0266'),
(749, 'acid0267'),
(895, 'acid0268'),
(319, 'acid0269'),
(2202, 'acrossniki'),
(919, 'acrzz'),
(1937, 'act9252010'),
(297, 'active20120801'),
(966, 'active3434'),
(403, 'activeauto7989'),
(669, 'acz_h_a'),
(2249, 'ad0919'),
(744, 'adac018'),
(1933, 'admiration0421'),
(2443, 'ae03074'),
(1349, 'ae86321117'),
(1138, 'ae86868692'),
(2496, 'ae86inochi'),
(476, 'ae86_vivid'),
(1714, 'aerlysp911'),
(1161, 'after_5_factory'),
(1416, 'agfun'),
(705, 'ah_gas1999'),
(248, 'ah_trendy'),
(2145, 'aikanari0903'),
(2161, 'ain2232'),
(756, 'aingnet'),
(1345, 'airi20000127'),
(2044, 'aj257524'),
(369, 'ajax0927'),
(699, 'aj_atoms3'),
(1451, 'akagi20051954'),
(1980, 'akatonbo0714'),
(2428, 'aki020807'),
(1183, 'akimegu200011'),
(2001, 'akimi0623lin'),
(720, 'akindo_hirochu'),
(1038, 'akindo_itsukaichi'),
(464, 'akinihe19'),
(1305, 'akira5159'),
(425, 'akitomihama'),
(1512, 'aki_a3_1208'),
(1864, 'ako20030802'),
(2241, 'akuamana_shop'),
(2172, 'akusesukikaku888'),
(1801, 'akysm2005'),
(920, 'ak_suzuki_777'),
(901, 'aladdin_arch_stanton'),
(233, 'alfraira'),
(1064, 'alice0815'),
(1014, 'allrisaikuru'),
(1977, 'allstandard_t'),
(1918, 'all_out_1211'),
(296, 'all_parts_fv'),
(1334, 'alm_chan'),
(140, 'alta_oomiya'),
(955, 'al_koriyama'),
(1539, 'amaoka_sangyou'),
(237, 'ameshocom'),
(2599, 'amf81fxs'),
(1823, 'amipon0304'),
(801, 'am_0050'),
(117, 'and68xx'),
(509, 'andy_under_andy'),
(2045, 'angelky0704'),
(2264, 'angel_monkey999'),
(2201, 'angu0707a'),
(1337, 'angu0707i'),
(308, 'anirnar'),
(676, 'ani_disco'),
(2275, 'antipast2006'),
(1290, 'antique_lalalalu'),
(201, 'an_oid_accessorys'),
(329, 'aogorira2412'),
(2173, 'ap516516'),
(1352, 'apache359'),
(2008, 'apache5846'),
(1734, 'apexkingjp'),
(456, 'api_japan'),
(1388, 'araikunmenute'),
(186, 'arasyou_buhin'),
(1325, 'arino_vi'),
(1794, 'aristoage'),
(1291, 'arisuto1612001'),
(542, 'arnnkzzz'),
(2537, 'arrow38080'),
(938, 'arrows_lovery_kiss'),
(548, 'artestimate0007'),
(301, 'aruga_auto'),
(389, 'ar_hosiyama'),
(2570, 'as000018'),
(2559, 'as0296bs'),
(528, 'asai5921'),
(952, 'asiakk416'),
(663, 'asimaron2002'),
(125, 'asimori2014'),
(1412, 'aska_parts'),
(26, 'asku_jh3115'),
(2262, 'asm4327'),
(61, 'asobiya460'),
(1567, 'asp1car'),
(918, 'ass0026'),
(2285, 'assuccess1966'),
(553, 'astake00'),
(2409, 'as_bunny_ryugi'),
(259, 'as_inaba'),
(953, 'atatakaya'),
(1365, 'atctoda2013'),
(979, 'ath20_alphard'),
(2457, 'atm45271'),
(2230, 'atompencil_11'),
(667, 'atrcoltd'),
(2350, 'atsukoman0000'),
(1889, 'atsushi_onodera'),
(2141, 'atu012490'),
(839, 'auc_daiko_com'),
(1995, 'author_berry'),
(888, 'auto0810'),
(599, 'autoassist2'),
(23, 'autobell2000'),
(287, 'autodirectjp'),
(2061, 'autodrive_withyou'),
(192, 'autogaragetko'),
(512, 'autogarage_rin'),
(903, 'autoleaders02'),
(1685, 'autolife74'),
(2136, 'autonet11222'),
(1310, 'autopartsyamanashi'),
(1061, 'autoparts_kouichi'),
(885, 'autoparts_ml'),
(815, 'autoparts_shimoi_2nd'),
(1132, 'autoservice_ohno2000'),
(1374, 'autotech343'),
(2010, 'auto_ace_sp_co_ltd'),
(1676, 'auto_amuse'),
(1073, 'auto_e_trade'),
(1833, 'auto_let_lucky'),
(1318, 'auto_marche'),
(1917, 'auto_mc8188'),
(949, 'auto_parts_kozuka'),
(1527, 'auto_parts_t'),
(816, 'axisimportcar_no1'),
(1838, 'ayakano0722'),
(557, 'ayamicchi66'),
(1020, 'ayano120128'),
(207, 'aya_kei_0817'),
(1072, 'ayn_711'),
(1463, 'ayuayamarikazu'),
(600, 'aznext0702'),
(1620, 'aztech_japan'),
(2191, 'azukousakura'),
(1982, 'azzo0300'),
(2184, 'a_c_j1990'),
(1857, 'a_k_t912'),
(1586, 'a_mdx'),
(160, 'a_orz_i'),
(2253, 'a_p2345'),
(1706, 'a_s0710'),
(1256, 'a_tireshop'),
(560, 'b43d16a121'),
(978, 'backyard7047'),
(1168, 'bads_0111'),
(1307, 'bahawalsher'),
(310, 'baibai3337'),
(2505, 'baikinman1214'),
(2340, 'balon5930'),
(1124, 'banbemc24'),
(1443, 'bandanasan'),
(1395, 'bantora_99'),
(2053, 'bayside9265'),
(2426, 'bb19920907'),
(113, 'bbs5322'),
(211, 'bb_smartair_77'),
(1767, 'bcqmq562'),
(689, 'bd5a48d199311'),
(2110, 'bdrcm828'),
(314, 'bearcross8888'),
(321, 'beby_tomo46'),
(648, 'beckbeck0524'),
(2456, 'bekonia33erumo'),
(1705, 'bell4_s'),
(187, 'belllll3156'),
(1983, 'bell_sann'),
(1141, 'bensatoh5552000'),
(915, 'bens_shop2005'),
(2631, 'benten29'),
(2348, 'benz_amge55t'),
(2284, 'bf2ks'),
(2309, 'bfact2'),
(2612, 'bfjkk301'),
(637, 'bf_arai'),
(1814, 'bi19790414'),
(1860, 'bicban2'),
(894, 'bigchain1_net'),
(1303, 'bigdisplay822444'),
(1454, 'bigfsinotuka'),
(240, 'bigharuo1972'),
(1699, 'bigi110'),
(2349, 'bigone_ltd'),
(2499, 'big_6695'),
(1461, 'binsent1021'),
(1759, 'birubiru2009'),
(2317, 'bism_0602'),
(2163, 'biwako8kei'),
(1342, 'black53worlds'),
(1442, 'black_knight_custom'),
(2543, 'blast_one_2004kf'),
(2215, 'blau20015'),
(350, 'blc_st'),
(2075, 'blenz218'),
(2591, 'blitzen2001tk'),
(1350, 'block5980001'),
(1849, 'blueberry_0321'),
(2170, 'bluedog_cafe'),
(625, 'bluered43'),
(323, 'blue_dolffin88'),
(366, 'bmw550i_station7'),
(2002, 'bmwe60beam'),
(1761, 'bobman4310'),
(1708, 'bodycraftddjp'),
(2221, 'bolddream'),
(1755, 'bombers_nagoya_2005'),
(2176, 'booboo_factory'),
(1732, 'booboo_gt'),
(798, 'bookmark00001'),
(531, 'bookpowerseller'),
(2316, 'borabora2715'),
(2130, 'borsalino_two'),
(363, 'bossbera5'),
(971, 'botch_ball'),
(1354, 'bouzu516'),
(109, 'bowz_to_bowz'),
(2503, 'bqcrs776'),
(1462, 'brilliantblue_2010'),
(417, 'broome_auc'),
(2227, 'brothers33737'),
(1376, 'bshtf934'),
(930, 'bsmngs'),
(931, 'buhinnyadayp'),
(37, 'buhin_marc'),
(643, 'buick1972riviera'),
(2331, 'buiten0629'),
(863, 'bull88bull55'),
(2489, 'bunaco_taco'),
(1766, 'bunapyjp'),
(1815, 'bunbunlibra'),
(1115, 'bunnyhop_co'),
(975, 'bunta611'),
(545, 'bun_mon084sunday'),
(1104, 'bureingu3322'),
(2012, 'burgerman6868'),
(1884, 'buronkosi2275290'),
(2587, 'burton8_jp'),
(2186, 'butabuta7'),
(1445, 'butabutakobuta2008'),
(2439, 'butaminz'),
(1648, 'butiinu2012'),
(1626, 'buubuubuu1220'),
(770, 'buzz_sanford'),
(1222, 'bu_bu_collection'),
(759, 'bw3133eco'),
(890, 'bwnmty'),
(778, 'byaihs'),
(2424, 'b_12321_a'),
(150, 'b_m_yah'),
(2142, 'b_sho3'),
(2062, 'c2cr2'),
(273, 'c3po2xxx'),
(594, 'cadillac1999y'),
(1848, 'cadillac3312tn'),
(601, 'cadillacdevil1984'),
(507, 'calmjudgment'),
(258, 'caltetca'),
(364, 'cancoffee_120'),
(2088, 'candycandy_105'),
(537, 'candy_house_602'),
(1174, 'canop_canop2'),
(1314, 'cantik_bagus'),
(630, 'cap6102002'),
(2372, 'caper_bt'),
(2072, 'captainmorimoto'),
(1121, 'caraid2297'),
(1537, 'carbuhinyamanasi'),
(1371, 'carcaron12000'),
(1075, 'carcross7777'),
(2160, 'carfactory_peace'),
(2545, 'carfan813'),
(1499, 'caromakase'),
(806, 'carparktrade'),
(107, 'carpartsks'),
(1580, 'carproject1996'),
(585, 'cars81parts'),
(1287, 'carseven286'),
(2611, 'carshophide'),
(1854, 'carshopts2003'),
(970, 'carshop_sora'),
(289, 'cartel0602'),
(1027, 'cartlove2000'),
(1313, 'car_castle2006'),
(415, 'car_choice127'),
(272, 'car_commu'),
(1570, 'car_j_change'),
(2029, 'car_parts203_2'),
(959, 'car_parts_3r'),
(660, 'car_pit_vigorous88'),
(1359, 'car_reuse1'),
(106, 'car_team_wave_factory'),
(1614, 'car_used_articles'),
(2438, 'cassis1103'),
(2268, 'castersyu2009jpjp'),
(1818, 'cat8ss5439'),
(1224, 'catneoauto'),
(169, 'catnet06'),
(101, 'caucho2009'),
(1162, 'cazfornia_o1'),
(1467, 'cb0374'),
(2461, 'cbr954hide'),
(682, 'cbx400f1410'),
(1992, 'cdu29810'),
(2157, 'cesarmiyashirokosai'),
(2233, 'cettyu39'),
(2015, 'cf7841'),
(1802, 'cfghf697'),
(795, 'cfhiro_00'),
(855, 'chamioon'),
(162, 'chanels1950'),
(286, 'cherrycoke0310'),
(1201, 'chevyjurimaru'),
(1599, 'chevytruck350_88'),
(760, 'chibaraki5884'),
(303, 'chibas20'),
(29, 'chibikkogyang_0710'),
(578, 'chibillamint'),
(1723, 'chibimaru_white'),
(2226, 'chishoutakuma'),
(1002, 'chiwachiwa3age'),
(1094, 'chi_pappa0903'),
(1329, 'choco00310'),
(1383, 'chonbokun2001v'),
(2306, 'chordride'),
(2465, 'chota_99'),
(1055, 'chqjd822'),
(336, 'chuko_1ban'),
(116, 'churenp0ut0n'),
(158, 'cima555y31'),
(1193, 'cima_12000'),
(2418, 'cjrkx743'),
(390, 'cla_lec'),
(947, 'clioprats'),
(1377, 'clip_car2000'),
(2442, 'cls500_vip'),
(2626, 'cls_2015'),
(1109, 'cls_mako'),
(2471, 'club_dolce_88'),
(1013, 'cm55577'),
(2476, 'cmm1173'),
(340, 'cnap2011'),
(2089, 'cnwgk898'),
(628, 'co01gtogangsum'),
(1793, 'coco02605'),
(1846, 'code9010'),
(1031, 'codomomo88'),
(1332, 'cola01411129'),
(2274, 'color07red'),
(524, 'colors_auto_2011'),
(139, 'comazen'),
(2103, 'congdam9999a'),
(447, 'conver2006'),
(2370, 'coupe_180sx'),
(784, 'coupler_co'),
(1651, 'course_out_racing'),
(76, 'cpm_route88_a'),
(1540, 'cpp_a_46'),
(1098, 'cpy_8246'),
(740, 'crack664422'),
(812, 'crash345a'),
(1404, 'crawl51_11'),
(50, 'crazy_banana18'),
(2011, 'crazy_hatch'),
(503, 'creamsoda674414'),
(1447, 'createdreams777'),
(2379, 'create_company_0717'),
(71, 'crown_athlete_88'),
(1612, 'csgrip'),
(48, 'csm_2014'),
(1509, 'csootomo'),
(1189, 'css2005surf'),
(2614, 'csxai'),
(1965, 'cubebgz11'),
(1304, 'currentpartssupply_yahuoku'),
(2547, 'custom_parts_jp'),
(2155, 'cwhpx145'),
(2516, 'cynmc026'),
(700, 'czhharuka'),
(30, 'c_kmmi'),
(1200, 'c_r_p_0520'),
(2616, 'd0042a0920'),
(432, 'd404menaoki'),
(1458, 'dai6497t'),
(2162, 'daichikundaze'),
(896, 'daichi_x3x_ninth'),
(1172, 'daidocoroday'),
(866, 'daija1000'),
(993, 'daikouap'),
(2166, 'daimaru_n7'),
(1693, 'daisuke_ayanonno'),
(2304, 'daisuki_hitman'),
(2520, 'dandadadan777'),
(735, 'dawo1964'),
(2593, 'daxhonda_88'),
(2564, 'dcaepp'),
(1057, 'dcyqq608'),
(1362, 'dc_10000v'),
(521, 'dear_y_h'),
(2598, 'deez4318'),
(1218, 'degumasa4261'),
(1449, 'dekudesu'),
(2038, 'deluxekuma'),
(2528, 'demetansk'),
(1221, 'deo_japan'),
(420, 'depaxile1126'),
(2427, 'deseo1113'),
(2636, 'devicefan'),
(59, 'devildoll001'),
(467, 'devilueroku'),
(2615, 'dggpy441'),
(1315, 'dh_auto2011'),
(1988, 'diblejp'),
(3, 'dieerde2007'),
(988, 'diomax3'),
(2190, 'dkkns885'),
(2314, 'dljnaka'),
(1275, 'dmgarege141'),
(1360, 'dmmgamer'),
(1356, 'dmrjapanfactory'),
(1863, 'dmtcd381'),
(552, 'dnsjn523'),
(746, 'dobe_rotty'),
(1366, 'dog_papi'),
(236, 'dokinpm780'),
(907, 'dokodemodore7'),
(2607, 'dolce0205'),
(820, 'donguri3939jp'),
(773, 'donrikudog'),
(219, 'dorabaka23'),
(1670, 'dr30fj2000'),
(716, 'dr821322'),
(2196, 'dreamcompany2010'),
(40, 'dreamgarage_h_2005'),
(1421, 'dream_dolce'),
(1392, 'dream_factory2008'),
(1581, 'dream_tysne'),
(1096, 'driftfront'),
(1692, 'driftnaru'),
(1660, 'drzgogo'),
(1507, 'dsh211973'),
(1684, 'dtakada5011'),
(2009, 'dtmcq008'),
(435, 'dtohaor'),
(247, 'duffy8080'),
(84, 'duffy_8000'),
(134, 'dytn1234'),
(1005, 'e24gonta'),
(2341, 'e34n4eh'),
(985, 'e36_bmw_power'),
(2187, 'ea11rga70fd3sec5w'),
(118, 'earth_with_ecology0221'),
(361, 'easy_rider1198'),
(1890, 'ebisenbar'),
(574, 'ebitama29'),
(1502, 'ecars333'),
(527, 'eco5332'),
(1207, 'eco5333'),
(723, 'eco5334'),
(1278, 'eco5336'),
(1957, 'ecoline_zero'),
(638, 'ecology_g_pink'),
(1510, 'ecoparts_55555'),
(392, 'eco_rautopartsdepot'),
(1691, 'eco_shop_sapporo'),
(1754, 'eco_tire'),
(515, 'eecoparts011'),
(2507, 'egeg666'),
(2519, 'ehime_kaitori'),
(2470, 'eichanchan2003'),
(1878, 'eigi0211'),
(1700, 'eiji_kato_hayashi'),
(4, 'eishinshoji'),
(496, 'eisukeshouten1771'),
(2327, 'ek9z10'),
(1282, 'ekazoku723'),
(2328, 'el19920408'),
(974, 'eliminator_1983'),
(520, 'elpnw'),
(405, 'em5077'),
(337, 'emikichigogo'),
(688, 'emisayuri724'),
(622, 'enami2207'),
(516, 'endless_car1996'),
(145, 'endless_car1996_2'),
(1281, 'endless_legend_skyline'),
(2289, 'endou2147'),
(1065, 'engenke'),
(45, 'engine2600'),
(1887, 'enjukubaby'),
(2540, 'entiange'),
(2449, 'entotsu50'),
(805, 'enx777'),
(1531, 'eo2750941'),
(847, 'eon588'),
(2048, 'erclub81'),
(2098, 'eremsani'),
(2469, 'ertghi66nm'),
(1407, 'esamana_0426'),
(1736, 'eshiro0716'),
(1791, 'esprit3136'),
(2175, 'esutima3752'),
(658, 'etm7222'),
(454, 'etukobita1022'),
(1277, 'eunos1001'),
(2430, 'euro4855'),
(685, 'european1997'),
(856, 'evo3life'),
(1645, 'evolution928'),
(1501, 'exe7777exe'),
(586, 'extort0911'),
(305, 'ezpeace5277'),
(2092, 'e_jzs151'),
(1807, 'f010713025'),
(2148, 'f08tusx9'),
(267, 'f22sb'),
(347, 'fabulous_rf1step'),
(504, 'factory_s20'),
(1357, 'fairladyz14'),
(1492, 'falco_1978'),
(1076, 'far0494'),
(73, 'farky_tin'),
(2108, 'fbjfn130'),
(543, 'fbytp035'),
(1655, 'fc3staro'),
(2535, 'fdsdd324'),
(480, 'fe38013785190y'),
(1948, 'feb05het0868'),
(20, 'fh0212mn'),
(2455, 'fh6295dec'),
(1744, 'fik1955'),
(1503, 'fis617'),
(224, 'fisherman19800731'),
(733, 'fishman0618'),
(831, 'fit_7048'),
(614, 'fix1youki'),
(1636, 'fiyolude9'),
(2026, 'fkowwml'),
(2112, 'flame_chance'),
(1012, 'flinders19'),
(1707, 'flink712272'),
(1984, 'flog2415'),
(2406, 'flying0014'),
(887, 'flyingpartsnet'),
(188, 'fmaina0909'),
(2345, 'fmrph061'),
(2336, 'fmtxt871'),
(79, 'focus01010'),
(2361, 'force1_parts'),
(1125, 'forest4325'),
(220, 'forum3334'),
(391, 'fqqny301'),
(1311, 'freem0755'),
(2425, 'freemarketeer2006'),
(34, 'freestyle8795'),
(2167, 'free_of_art'),
(94, 'from_hiro'),
(245, 'frthd30'),
(475, 'frxhn051'),
(12, 'fscu2009'),
(292, 'ft2009tiy'),
(1347, 'ftjsncrsnx'),
(2303, 'ftkds922'),
(1607, 'fu213yamasaki'),
(2277, 'fubi13'),
(732, 'fujimuran7'),
(2140, 'fujinear'),
(2279, 'fujisan7_7_7'),
(2479, 'fujiwarayoshiaki188'),
(653, 'fuku9393'),
(1450, 'fukugawashokai'),
(867, 'fukusuke1321'),
(1184, 'fullcp16v20v'),
(2556, 'funazushi20150910'),
(1135, 'functionwb45mg001'),
(518, 'funji520827'),
(1649, 'furyou_oyaji_go'),
(142, 'futuregreen55'),
(1187, 'futurewisdomend'),
(2410, 'fuusui111'),
(833, 'fuyu6c13'),
(495, 'fuzukiso_u'),
(838, 'fxbjs755'),
(2550, 'fxdfb965'),
(431, 'ga3ecr33gt2540'),
(2083, 'gaataka0308'),
(1396, 'gabin1'),
(2555, 'gae3115'),
(1288, 'gaigai2'),
(1617, 'gaingain2004jp'),
(222, 'gambit_618jp'),
(2329, 'gambit_618jp2'),
(2039, 'gamerao720'),
(2337, 'gamusyara64'),
(1702, 'ganchan91'),
(607, 'gang_shop21'),
(1753, 'gansodebuyasan'),
(1052, 'ganso_kaitori_honpo'),
(944, 'garage248'),
(2460, 'garage911jp'),
(1043, 'garagecrewcab'),
(2538, 'garagefoot2000'),
(2205, 'garageimax'),
(718, 'garagekingproducedethmask'),
(1990, 'garage_depo'),
(912, 'garage_m_2011'),
(655, 'garage_raggamuffin'),
(2050, 'gareopu_254'),
(1438, 'garezi2001'),
(1433, 'gass4000'),
(535, 'ga_ku758y'),
(1687, 'gc8sti0427'),
(684, 'gd3fit2000'),
(375, 'gdg_tires'),
(2525, 'gearevo'),
(100, 'geininlove'),
(1880, 'gekiyasu78'),
(1924, 'getthetry'),
(1683, 'gggfuwafuwa62646'),
(178, 'gggpgp'),
(2300, 'ghrwc574'),
(1850, 'gigatomogiga'),
(891, 'ginji43'),
(1391, 'give_ken_give'),
(2105, 'gjm789com'),
(1603, 'gk348823'),
(238, 'gkooo1'),
(176, 'gloria_auto88'),
(57, 'gmjgpt'),
(1425, 'gmmotors1973'),
(112, 'goaldofe'),
(1323, 'godoftoolbox'),
(355, 'gogosakuya'),
(2539, 'gogoyoshiharu'),
(1611, 'goldrush_toyota_ic'),
(75, 'gonta464960'),
(1007, 'gontakun102'),
(2033, 'good_good_3729'),
(776, 'good_used_trucks'),
(1640, 'gotm1987'),
(1959, 'gouf01'),
(765, 'gounext3'),
(143, 'gparts2002'),
(463, 'grandstyle88'),
(1830, 'grantu1140'),
(1408, 'graphics_pp'),
(1279, 'grc2012'),
(1112, 'greeenman55'),
(2152, 'greenvenusemu'),
(167, 'groove2846'),
(468, 'grownet9991'),
(295, 'growthauto'),
(1824, 'gr_final'),
(1829, 'gsdogizumi'),
(25, 'gstyle_shop'),
(908, 'gsyokohama_2'),
(2567, 'gto216a'),
(1847, 'gto5025toshi'),
(2635, 'gtqhf427'),
(5, 'gtrworks1969'),
(1177, 'gullwing0033'),
(493, 'gunma9863'),
(1119, 'guren_fps'),
(862, 'guriguri608'),
(596, 'guyhtco'),
(1635, 'gwqrs845'),
(965, 'gwydn564'),
(2377, 'gxtdx607'),
(2063, 'g_class0001'),
(2182, 'g_crius'),
(790, 'g_s_s_2008'),
(1680, 'h110272005'),
(2294, 'h21family'),
(2179, 'ha7010naohaorigin'),
(1140, 'hachioujinagai'),
(1968, 'hagetewanaiyo5024'),
(132, 'haggyno11'),
(1480, 'hagio005'),
(914, 'hagio006'),
(1752, 'haiandoudesu'),
(2079, 'haichoudai'),
(652, 'hama444401'),
(2523, 'hamagare_sd'),
(513, 'hamakichi867'),
(96, 'hamusun2001'),
(370, 'hanabi_bobu'),
(2200, 'hananohirano23'),
(427, 'hanayamaprecious'),
(870, 'happyblossoms2009'),
(634, 'happypolicyhappy'),
(2095, 'happy_tappy_island'),
(1768, 'hard_rock_373'),
(584, 'harttever'),
(1262, 'haru862002'),
(570, 'harugon_77'),
(91, 'harunahina'),
(448, 'haruya0516'),
(1148, 'hati1207'),
(940, 'hatirokudaisukikko'),
(783, 'hattori_taiya2'),
(909, 'hawk41black'),
(1792, 'hayai_way'),
(2577, 'hayasaka_toshio'),
(401, 'hayatejun0701'),
(2360, 'hayato136isa'),
(1358, 'hazimeno1po2ho'),
(900, 'hcr32power360'),
(488, 'hcsc441'),
(2412, 'hc_c_c078'),
(2357, 'hdj77hv'),
(2240, 'hdkmrk'),
(1230, 'hdp_outlet'),
(2060, 'head1dori21'),
(2120, 'heat_tire'),
(691, 'heiwakanzaki107'),
(1495, 'helloparts1104'),
(1564, 'hemu568'),
(575, 'herz_garagehouse'),
(1431, 'hfl45201'),
(2067, 'hflhc'),
(486, 'hfsck330'),
(2078, 'hgmaja'),
(1868, 'hgtkp093'),
(1727, 'hgtmsk43'),
(1859, 'hiaka86'),
(2158, 'hiamaroyu'),
(68, 'hibihibi0303'),
(1018, 'hid322001'),
(2347, 'hide2912952001'),
(1341, 'hide4444n'),
(2365, 'hidebo3785'),
(2416, 'hidenori900'),
(2483, 'hidtj'),
(2420, 'hid_and_led'),
(1839, 'high_speed_rotary'),
(844, 'higo_parts'),
(1209, 'higo_parts_store'),
(1373, 'higumajapan'),
(1474, 'hijaguar2002'),
(1297, 'hikaritakasi1219'),
(2506, 'hikoen'),
(33, 'hikomi34'),
(1819, 'hills2003jp'),
(2422, 'himarikarin'),
(962, 'himarunoheya'),
(2082, 'himawari_ecos'),
(2287, 'hinaanzu2005'),
(2632, 'hira500e'),
(2603, 'hirama888999'),
(1133, 'hirashimizu1'),
(1544, 'hirataautoglass0626'),
(1158, 'hiratojidosha'),
(2462, 'hiro3min'),
(2333, 'hiroakiio1499'),
(1704, 'hiroaki_asakawa2007'),
(2116, 'hiroaki_n_kluger'),
(171, 'hiroiltuku'),
(380, 'hirokomama0527'),
(2115, 'hiromegu1639'),
(2223, 'hiromi12030729'),
(571, 'hironori4935'),
(1694, 'hiroshidandytachi'),
(1875, 'hirotms2000'),
(2005, 'hiro_01_27'),
(2527, 'hiro_jazz'),
(787, 'hiro_riders_high'),
(514, 'history6640874'),
(616, 'hitonana'),
(1667, 'hiyoriaya'),
(2244, 'hizumi_project'),
(1263, 'hi_a828'),
(1500, 'hi_a_yu'),
(2395, 'hmtt2549'),
(1155, 'hnobukyon'),
(1666, 'hobikichi1015'),
(1885, 'hokuei5792'),
(1979, 'hola_jumbo_ciao'),
(1594, 'holy1954'),
(2491, 'honest_cars'),
(2271, 'hon_toka'),
(1616, 'hop091c2c'),
(1452, 'hope_35_m'),
(804, 'horiejpn'),
(1455, 'hornet_dx_2'),
(995, 'hoshijst'),
(2480, 'hoso0129'),
(1159, 'hot4786'),
(288, 'hotgarage_2007'),
(1227, 'hotoda0228'),
(439, 'hotoku_umds_ymst'),
(834, 'hotpeachpie07'),
(2090, 'hotroadkakamigahara'),
(1835, 'hotroadtoyohashi'),
(728, 'hotroad_kagamihara2'),
(1519, 'hotshop24_7'),
(491, 'houjich1200'),
(707, 'houjyo715'),
(1608, 'hourai234'),
(215, 'hqhqnni10ue'),
(1062, 'hrt0129'),
(827, 'hsc250701'),
(280, 'hsdtmys'),
(1740, 'hsgroup515'),
(2216, 'hst_misato'),
(60, 'hsumita1960'),
(2554, 'htdb860'),
(950, 'htf_masuda'),
(2137, 'htnwj218'),
(2375, 'htrzorki07172001'),
(469, 'htsp2009'),
(1812, 'hydhb983'),
(1784, 'hyss325'),
(46, 'hyt1054'),
(2207, 'hytsf809'),
(2171, 'h_nsx8390'),
(1899, 'h_postman'),
(2159, 'h_urr'),
(1429, 'iai2578'),
(845, 'ibanezbmw'),
(717, 'ichigo20140910'),
(1681, 'ichirochan520'),
(1813, 'ierohappy'),
(194, 'iijima_syouten'),
(2066, 'ikinahadehade'),
(1016, 'ikkunn1217'),
(1100, 'illtatsu'),
(1251, 'ilovecar9080'),
(2296, 'imai0283'),
(809, 'imakop1127'),
(645, 'imjjapan'),
(2128, 'imora750ss'),
(2381, 'import_1152'),
(1557, 'imsappor'),
(1241, 'im_plan1'),
(899, 'inaki1001'),
(317, 'inamasa008r'),
(408, 'infini_kawakami'),
(2620, 'info1sam'),
(627, 'infowebs957'),
(2122, 'inocchi2005777'),
(1851, 'inpuressa_gc8_555'),
(1293, 'internet0001v'),
(1920, 'inter_f555'),
(1592, 'inuinu666'),
(1934, 'iphone564'),
(2608, 'ipo1352325'),
(2468, 'iroirodesu25'),
(675, 'iron0610'),
(1942, 'iroribata2001'),
(2481, 'is220gt'),
(1543, 'isekishoten'),
(1590, 'ishikawa32911'),
(327, 'isiyajin2000'),
(284, 'isiyann1283'),
(1905, 'iskw0423'),
(2486, 'isp_store'),
(674, 'isworks1131'),
(126, 'is_sogo'),
(1266, 'itcomshino2'),
(144, 'itoshop4'),
(609, 'it_swpporters'),
(708, 'iurna711'),
(1771, 'iwaitire'),
(1703, 'iwataandroid'),
(2192, 'izakaya2007love'),
(741, 'izumi_0039'),
(666, 'i_luv_maa_1106'),
(300, 'i_parts_net'),
(2405, 'j160451'),
(2255, 'j58_0513'),
(64, 'j7j8j9j'),
(612, 'j7rturbo'),
(702, 'ja714969'),
(1911, 'jab_parts'),
(170, 'jagmar_c'),
(2266, 'jane59_1959'),
(374, 'janper_206v'),
(422, 'japanese_soul_048'),
(2305, 'japannet22'),
(2380, 'japansyopping'),
(1468, 'japan_eco_d'),
(24, 'japan_eco_d_2'),
(755, 'jauto3022'),
(1796, 'jayoz5125'),
(1413, 'jchoiceji'),
(621, 'jctire2010'),
(730, 'jediofking'),
(1765, 'jetmail0820'),
(843, 'jeyrk1104'),
(471, 'jiinyo7'),
(2041, 'jimmysan'),
(2121, 'jin0227'),
(803, 'jinsoku7'),
(383, 'jirou42jp'),
(937, 'jjmwb'),
(2111, 'jmrbg341'),
(829, 'jms_toptrading'),
(977, 'jms_toptrading3'),
(1775, 'jooker_inc'),
(1893, 'joytrade2010'),
(1719, 'jp1ttf'),
(884, 'jplux161'),
(2613, 'jpmatariss'),
(837, 'jps0439'),
(230, 'jpseong'),
(1909, 'jqpjc503'),
(70, 'jr9xgu'),
(1717, 'jrcawrc'),
(2243, 'jsjsjsco0'),
(986, 'judge750rs'),
(2125, 'juicy3113'),
(8, 'jun01225'),
(1446, 'juncf100ban'),
(1192, 'june2010spring'),
(282, 'junkyard069'),
(382, 'junmaje177'),
(1059, 'junsslot'),
(2301, 'junuejima25'),
(929, 'jup_shop'),
(141, 'justlow1js'),
(489, 'jxcbm300'),
(943, 'jyoushinnsougyouchiba'),
(204, 'jyousyuutanakasyouten'),
(1152, 'jyouwaka'),
(2382, 'jzs175jp'),
(1926, 'jzx110in2491'),
(253, 'jzx81800'),
(1828, 'j_mode00000'),
(1010, 'j_takeshima'),
(1671, 'k0un0chihare_1025'),
(213, 'k1yo1m_10'),
(1820, 'k216050'),
(1559, 'k2am_k2'),
(1074, 'k2y7218'),
(713, 'k2yoo1217'),
(976, 'k31035000'),
(2621, 'k474000'),
(568, 'k5671ae8655'),
(17, 'kababakakaba1106'),
(696, 'kaemontsurumi'),
(2237, 'kaemon_setagayaten'),
(208, 'kaeritebmw'),
(470, 'kagjhi915'),
(2433, 'kaichingale'),
(1176, 'kaiho_kokunai'),
(1913, 'kaikinusa'),
(2064, 'kaisenjuku'),
(2218, 'kaisyo_aucshop_no1'),
(2320, 'kaitec2011'),
(2522, 'kaitoriya_1'),
(2502, 'kaito_seafood'),
(2169, 'kaiyoauto1'),
(1971, 'kaiyoauto2'),
(1198, 'kajiwara2013'),
(1601, 'kakakka90'),
(449, 'kakamigaharagreen'),
(576, 'kamakurahy'),
(2217, 'kamayarc'),
(209, 'kame3kai'),
(479, 'kamezoucom'),
(1743, 'kamisama2222002'),
(1306, 'kamitani225'),
(886, 'kamosita8853'),
(105, 'kamosita_japan'),
(315, 'kana0805kana'),
(1865, 'kanagawa543210'),
(2610, 'kanakohiroshi'),
(426, 'kanami_papa'),
(388, 'kanapeso0822'),
(1008, 'kanas_y'),
(1631, 'kanazawa_txt_urikiri'),
(1741, 'kandywheels'),
(1089, 'kanedatakahiroideal'),
(611, 'kanjin428'),
(2563, 'kan_chin_chi'),
(712, 'kaolilove1128'),
(665, 'kaori07112004'),
(1268, 'kap30'),
(864, 'karu3103201'),
(1973, 'karz_7071'),
(2419, 'kashiuda2004'),
(1709, 'kashiwano6112'),
(2229, 'kasikokujira'),
(2362, 'kasru_132723'),
(928, 'kasumi_body0'),
(869, 'katana001001'),
(1730, 'katouisamu'),
(951, 'katsuchika4560'),
(352, 'katsukun3344'),
(490, 'katsuo1985_0626'),
(2530, 'katsuya729043'),
(969, 'katumi12345jp'),
(1856, 'katutosi382002'),
(1039, 'kautobank'),
(157, 'kawagon224'),
(1633, 'kawaji555jp'),
(1471, 'kawakami777'),
(1947, 'kawamax207'),
(1238, 'kawasemi3695'),
(849, 'kawasumillia'),
(202, 'kawofuko'),
(1384, 'kayamashoukai'),
(2421, 'kaze8sora'),
(941, 'kazino001'),
(577, 'kazu8008momo'),
(137, 'kazu9482'),
(1086, 'kazuchanpe15430'),
(424, 'kazuhako2004'),
(55, 'kazuhiko2483'),
(624, 'kazuhiko7756'),
(77, 'kazuhiroyukiko2002'),
(734, 'kazukijbw'),
(2402, 'kazutaka3320'),
(2510, 'kazutobyn55'),
(1876, 'kazuya_wrx'),
(130, 'ka_vec'),
(1552, 'kb1rp2d239c69fhkhccj'),
(1679, 'kbpcy998'),
(1026, 'kbp_2014'),
(1051, 'kcrakuda'),
(2156, 'kddi_kyo_goal'),
(2270, 'keepre003300'),
(2396, 'keijichiyann2000'),
(1583, 'keikun26jp'),
(961, 'keitan08012000'),
(2302, 'keitan86'),
(1542, 'keitoworld'),
(722, 'keiya2003jp'),
(2548, 'kengo_mi'),
(1335, 'kenken0233'),
(2242, 'kenkens145064'),
(1448, 'kennsin10'),
(88, 'kenrin316'),
(2578, 'kensakai2002'),
(2617, 'kensetsu0889'),
(2581, 'kenstyle8008'),
(1811, 'kenta04271229'),
(2074, 'kenta19720407'),
(857, 'kenta5499'),
(1435, 'ken_plo_tec'),
(1696, 'keration5'),
(1316, 'keroney9'),
(461, 'kfrpj235'),
(1587, 'kfullheartx'),
(858, 'kgmwr899'),
(1427, 'kgrart162'),
(2222, 'kh2100han'),
(1042, 'khtauto'),
(1085, 'kiichi_0121'),
(221, 'kikiyo0205'),
(2014, 'kikorin_handmade'),
(2086, 'kikuda1869'),
(945, 'kimari01'),
(1903, 'kimikoeggs2000'),
(830, 'kimkim_0407'),
(333, 'kimurasyouten2001'),
(661, 'kings_s_jp'),
(668, 'kinngskinngs'),
(1331, 'kinocoman_ti'),
(558, 'kinseihope7'),
(1046, 'kirakiraboxz'),
(1022, 'kiriri333ov'),
(1302, 'kisaki1105'),
(1932, 'kita0801'),
(1087, 'kitachin122'),
(550, 'kitadajidosha1850'),
(2369, 'kitejapan'),
(1653, 'kitigaigundan'),
(453, 'kiyo1948'),
(1264, 'kiyo272829'),
(2269, 'kiyo4150'),
(1998, 'kiyomityan999'),
(1610, 'kiyosi35122'),
(644, 'kiyouki_0122'),
(671, 'kiyo_project'),
(1351, 'kk0907tp'),
(2312, 'kkk5040615'),
(1424, 'kkloi898'),
(2394, 'kkmt1098'),
(2239, 'kkrej8'),
(1950, 'kks_kon'),
(1852, 'kleftk'),
(2043, 'kleoivkeo1103'),
(1015, 'km05911'),
(98, 'kmms2368'),
(1459, 'kmnk1075'),
(443, 'kmsrs1011'),
(1482, 'kmy_0153'),
(1710, 'km_policy'),
(561, 'knmrkty0619'),
(1453, 'kn_waka'),
(1650, 'kobekobekidd'),
(2308, 'kodai2lin2000'),
(271, 'kodo3chawaawa'),
(242, 'kogoma0627'),
(1999, 'kogsams'),
(2393, 'kojimaki00'),
(1867, 'kojou22'),
(2101, 'kokocya0716'),
(2558, 'kokoronosukima219'),
(2334, 'kokuban_spl168'),
(1735, 'konah5'),
(2408, 'koniin'),
(2482, 'konisadajp'),
(2441, 'kool55jpjpjp'),
(706, 'koolsj01'),
(1939, 'kosachi711'),
(406, 'koshien2000'),
(626, 'kosugi_tire'),
(1690, 'kosuketama'),
(681, 'kotetu521'),
(2600, 'kotori_art'),
(2618, 'koujistf'),
(1632, 'koukaitake'),
(2124, 'kouki_goldparts'),
(1270, 'kouriyama_car_recycl'),
(1853, 'kousuke7_26dayo'),
(2634, 'kouzuka_craft1611'),
(1381, 'koyamajidousya531001'),
(793, 'koyasama'),
(114, 'koya_ap3'),
(982, 'ko_harumi_ko403'),
(1444, 'kproducenice'),
(893, 'ks2005osaskana'),
(497, 'ksautosyoya'),
(1901, 'ksomolday283'),
(924, 'ksstyle6886'),
(1593, 'kswonder39'),
(268, 'ktake1999'),
(2565, 'ktauto313'),
(1091, 'ktctool1968'),
(1269, 'ktech1022'),
(2104, 'kti_jp_n0011'),
(2178, 'ktsnnow23'),
(1563, 'kuma_928'),
(1465, 'kuma_partu_11111'),
(173, 'kupu555'),
(423, 'kurayoshi5351'),
(2278, 'kureyonnpapa'),
(2307, 'kurirink'),
(1129, 'kuroari4'),
(2358, 'kurodonuts15'),
(739, 'kurohiramasa'),
(1144, 'kurukuru515140'),
(473, 'kuruma402'),
(2514, 'kurumayatenten'),
(2126, 'kuruma_rin_rin'),
(2588, 'ku_hi_186'),
(2534, 'kxgrd682'),
(1925, 'ky1204ky'),
(263, 'kyuryo_agero'),
(1806, 'kywgr252'),
(2071, 'kzcoltd'),
(1882, 'kzkz66993'),
(274, 'k_ap4567'),
(56, 'k_brand0316'),
(356, 'k_ken0706'),
(1928, 'k_s1380'),
(2536, 'k_skyline911'),
(529, 'k_style0024'),
(159, 'k_works408'),
(766, 'la33s'),
(1565, 'laghobi2go'),
(680, 'lake_roro'),
(2601, 'lals20q45'),
(603, 'lasuto552000'),
(1568, 'lb2484'),
(1317, 'lc5544'),
(1787, 'leg21z'),
(2512, 'legacyspecb4'),
(1874, 'lemonedver0'),
(1908, 'les_japonais'),
(1575, 'lexusmoon99'),
(1397, 'lexusmoon99_2'),
(910, 'lexusmoon99_3'),
(796, 'lexusmoon99_4'),
(418, 'lh0508ct51s119'),
(2032, 'libartedaiki'),
(1252, 'liberty_auto10'),
(853, 'life_style_nature'),
(677, 'linda_z2_form'),
(2055, 'linke_international'),
(1548, 'lion_tradings'),
(22, 'loco_style_now'),
(1547, 'lovebibiblack0216'),
(2582, 'lovecl50'),
(2385, 'love_beer_love_coffee'),
(615, 'lowenhart3003'),
(1437, 'lowprice_toku'),
(1780, 'luana757757'),
(2434, 'lucky_seventh_1970'),
(2257, 'lvpbvl'),
(2391, 'm03020310'),
(1353, 'm11b58_2'),
(1271, 'm5275m'),
(1486, 'm91152000'),
(27, 'ma20sa03'),
(1915, 'ma61xx2800'),
(1751, 'maabo1978'),
(1665, 'maai0612'),
(2518, 'mabow32'),
(2609, 'mabu_ikoma'),
(332, 'macky4256'),
(1113, 'macky8jp'),
(1525, 'mac_shuffle'),
(1205, 'maegonsusugon'),
(1081, 'maeno0903'),
(316, 'magic_square2002'),
(906, 'maguna0421'),
(2500, 'maguo_45711'),
(1017, 'mahalota'),
(824, 'maikel_1993'),
(2383, 'makomakoto4649'),
(2557, 'makomo12120124'),
(2265, 'makotosyoukai_jp'),
(1522, 'makotosyoukai_jp2'),
(2134, 'makozakuzaku'),
(2100, 'malibu_0322'),
(750, 'malik_sports2006'),
(1866, 'mamemame08'),
(1240, 'mametak3'),
(99, 'mametarou1991'),
(1628, 'mamiana1377'),
(2429, 'mammam1223'),
(1023, 'manderin930'),
(35, 'manekimoaizou'),
(818, 'manpuku_194'),
(1070, 'manrightfirst'),
(2464, 'maotosyao'),
(2568, 'mapi_vitz2005'),
(1092, 'marb_l_e_s'),
(2147, 'marchbox2001'),
(2447, 'marie992226'),
(1058, 'marimo2882040'),
(2197, 'marin150k'),
(2236, 'marketenterprise_2006'),
(2153, 'marotakashi'),
(2056, 'maru1540014'),
(1729, 'maruichi_kakogawa'),
(743, 'maruken5893'),
(1203, 'maruko201404'),
(306, 'maruku2002'),
(1963, 'marumo3988'),
(1798, 'marusho_128'),
(703, 'marusou5606'),
(1322, 'marusyou0105'),
(547, 'maruta2632'),
(1025, 'masa03090923'),
(1993, 'masa110281'),
(1106, 'masa1976oo'),
(2, 'masa4293soara'),
(416, 'masa6537jp'),
(711, 'masaakimac2008'),
(1272, 'masada911gt3'),
(1964, 'masahi19851021'),
(1101, 'masakisenaeriko'),
(1210, 'masaki_o1968'),
(465, 'masamichi2002jpp'),
(371, 'masamichitireman'),
(312, 'masammasamm'),
(1298, 'masaruru31'),
(38, 'masasama1jp'),
(1724, 'masashi110964'),
(729, 'masato6102002'),
(871, 'masato6102002m'),
(1508, 'masato6102002n'),
(1056, 'masato82524'),
(1989, 'masaxxx07250'),
(1239, 'masayoshi19560104'),
(411, 'masuda_81'),
(2561, 'masuda_loslobos'),
(1862, 'masunosuke61'),
(214, 'mate7733'),
(2531, 'matsubokuri10732932'),
(2195, 'matsudo4182'),
(478, 'matsumura_naoki_0620'),
(2560, 'matsuoka826'),
(407, 'matuboo1224'),
(346, 'matumotodennnenn'),
(2259, 'maxbets2006'),
(1160, 'may55555uma'),
(2630, 'mayu_9_0204'),
(536, 'mayu_mayu_9977'),
(1378, 'mbnpkd'),
(1024, 'mbw1241978'),
(934, 'mbxdr670'),
(2431, 'mcr30wbe'),
(1861, 'mctkf190'),
(2189, 'md112057'),
(460, 'mdbjn947'),
(593, 'mddmbbm'),
(1488, 'md_owls'),
(52, 'megugu527'),
(811, 'megumegutdn'),
(1976, 'meisterjapan'),
(492, 'mercedesbenzgerman'),
(989, 'merugo1102'),
(2106, 'message_from1no229'),
(500, 'mexicangoremafia'),
(635, 'mgajgdmgajgd'),
(218, 'mgnt1874'),
(1944, 'mgsuzuki1998'),
(2367, 'mh2000buy'),
(18, 'mh23_0009'),
(1149, 'mh335ha'),
(90, 'mhamada_3r'),
(1456, 'mhi340826'),
(2065, 'mhss1200dt'),
(2378, 'michiki200777'),
(2371, 'midori_h1101'),
(325, 'miha0732'),
(102, 'mikmparts'),
(841, 'milk_2013'),
(751, 'mima90118'),
(892, 'mimi3875766'),
(1561, 'mimi_hai_hai'),
(1343, 'minami21723'),
(1969, 'minesi48'),
(1560, 'miniminianapin'),
(657, 'mini_55_11'),
(1837, 'minnsuku3430'),
(67, 'minosan7190'),
(964, 'miomao1006'),
(1117, 'mirage9119'),
(1481, 'miraipiisu'),
(1938, 'miraisoukennet'),
(2228, 'mirukimama158'),
(2576, 'misatoninnin'),
(412, 'misato_33102000'),
(997, 'mishaaaan0301'),
(2413, 'mit326326'),
(152, 'mitimiti4000'),
(1931, 'mitsuchann500'),
(1739, 'mitsui_20'),
(1994, 'mituba7_7'),
(651, 'mitumasa1202'),
(1439, 'miwaemilk'),
(2181, 'miwaku2001'),
(960, 'miya8899talent'),
(1393, 'miyabipuriti'),
(413, 'miyagare2006'),
(2282, 'miyu18110'),
(2030, 'miyukichi999'),
(1962, 'miyumama1106'),
(1300, 'mizmd555'),
(1672, 'mizo_family081220'),
(409, 'mizukichi_kun'),
(709, 'mizunogogogo'),
(2258, 'mizunotutu'),
(1816, 'mkkouta2000'),
(9, 'mkparts2000'),
(177, 'mkpilaf123'),
(381, 'mktacos123'),
(1927, 'mm0617'),
(1289, 'mmmartself'),
(588, 'mmmc86jp'),
(111, 'mmsy812'),
(164, 'mmwm7591'),
(2293, 'mmw_soara'),
(850, 'mnbyc259'),
(540, 'mnp_hrsk'),
(911, 'mo38nse'),
(1283, 'mobillage'),
(1473, 'mochataro'),
(191, 'moco02041472'),
(63, 'moco_chao630'),
(119, 'modifystory'),
(1504, 'mogikaitai2'),
(1572, 'mogikaitai3'),
(1175, 'moguraburi2'),
(1986, 'momo1024minami'),
(508, 'momo1qa'),
(1261, 'momo691jp'),
(1053, 'momojiro65momotaro'),
(1997, 'momotakuken'),
(72, 'momotaro5678'),
(1361, 'momoyama333jp'),
(14, 'monami928'),
(1003, 'mondemonde2005'),
(133, 'mondo_suke21'),
(2133, 'monkey4661'),
(2324, 'monkeydunk2'),
(619, 'monoporis'),
(362, 'montana961'),
(2384, 'mopettomapetto'),
(1845, 'morimori472002'),
(42, 'moriokakatu'),
(41, 'morireru'),
(1122, 'moriyasu13'),
(1799, 'mori_4910201'),
(963, 'mori_hidetoshi'),
(51, 'morohihi1115'),
(1879, 'morotaka2012'),
(307, 'moroyoshi2003'),
(129, 'motobuchou'),
(83, 'motobygdp'),
(1457, 'mottainai1461'),
(103, 'moumoutarou3'),
(206, 'mqbnt797'),
(2199, 'mr4tcsp2002'),
(2206, 'mryasu2001'),
(1385, 'msasaya67'),
(2288, 'msfamilys'),
(2000, 'mshrw025'),
(922, 'mskmsk731'),
(2542, 'mstage01carshop'),
(983, 'mstcb899'),
(494, 'mstop_01'),
(714, 'ms_unetjp'),
(1234, 'ms_zaft'),
(1836, 'mtf_garage'),
(1778, 'mtmdn640'),
(1914, 'mtom2937'),
(1494, 'mtstar_garage'),
(1214, 'mucchboxoyaji40'),
(2263, 'muhyo_1976'),
(2081, 'mumu5392'),
(2590, 'munchkin7255'),
(1808, 'muramasakougyou'),
(1978, 'murata7365murata'),
(1276, 'mustang_fastback_0618'),
(981, 'muto77momo'),
(2007, 'mut_com_0310'),
(551, 'mylandinfo'),
(2295, 'mylife2008jp'),
(190, 'mylife20105'),
(304, 'myoshi_30'),
(172, 'myukoh'),
(1068, 'm_a_awan6'),
(1698, 'm_izumikawa_bell'),
(1487, 'm_i_works'),
(351, 'm_original_com'),
(445, 'm_rcf198'),
(1150, 'm_tetu1'),
(1466, 'm_v_pack'),
(1157, 'n1pr_1971nk'),
(2099, 'nabeairi1222'),
(2584, 'nabemasa329'),
(761, 'nacntas'),
(1216, 'naganocar85'),
(2220, 'nagano_eco'),
(642, 'nagano_eco_3'),
(1682, 'nainai0824'),
(1400, 'nainai99okamura_7_3'),
(640, 'naisrecyclediv'),
(223, 'najony007'),
(341, 'nakagawa0616'),
(203, 'nakanekougyou1122'),
(777, 'nakayoshikorokorokorokoro'),
(2363, 'nana1026jp2002'),
(1533, 'nanika_yasan'),
(334, 'nanshin_421136'),
(89, 'naobay1112'),
(2473, 'naokan0827'),
(1114, 'naosurf130'),
(999, 'naotosakai'),
(1171, 'nao_dori'),
(828, 'nap4510'),
(74, 'narc2009ka'),
(1045, 'narisawasyoukai'),
(1764, 'naritatrec'),
(131, 'naritomo0303'),
(631, 'nasubi_304'),
(393, 'natsukaisei'),
(998, 'naturaldesign11'),
(1505, 'navjapan'),
(1762, 'na_gya'),
(2231, 'nc30_4893'),
(679, 'ncgib015'),
(563, 'ncr_iwate2'),
(1748, 'ncs_garage'),
(1415, 'needs4896_b'),
(1896, 'negiyaki300yen'),
(785, 'nek8424'),
(302, 'neko0425neko'),
(1336, 'nekonoteplaza'),
(1987, 'nekosankichikun'),
(748, 'neko_sukebe'),
(1063, 'nemodory0516'),
(2087, 'neojapan1147'),
(95, 'nepmd551'),
(299, 'neropanman888'),
(1367, 'netroom_japan'),
(2052, 'netutai'),
(1169, 'new1_in3'),
(2102, 'newkozo'),
(762, 'newsecondparts'),
(1382, 'newsecondparts4'),
(1475, 'newsecondparts5'),
(592, 'newstylegeneration'),
(1170, 'newvisioniida'),
(851, 'new_banana_tomakomai'),
(904, 'new_york_com'),
(650, 'nextage_parts'),
(1597, 'ngs1995'),
(1090, 'nhtfr084'),
(544, 'nicauto2001'),
(1805, 'nicelittle00z'),
(261, 'nick_2014_coco'),
(1669, 'niiyan0410jp'),
(1255, 'niko1509112'),
(2247, 'nimasufu0402'),
(1434, 'ninjiyatuyoshi'),
(421, 'nisbishi_wr'),
(1795, 'nishidatto2458'),
(433, 'nishinagare_2006'),
(2533, 'nismo250rs'),
(2551, 'niwa_go'),
(36, 'nk3399andy'),
(1843, 'nkmktk21'),
(1538, 'nkmr_parts'),
(2627, 'nmdry356'),
(1406, 'nmsk0803'),
(175, 'nnp1062002'),
(2605, 'no8celsior'),
(1960, 'nobakode'),
(925, 'noborikoi_10_13_a'),
(1774, 'nobu5339'),
(358, 'nobuchan0121'),
(2023, 'nobuchipi'),
(2625, 'nobuo413'),
(2549, 'nobutan51'),
(2407, 'nobu_5_sai'),
(2245, 'nonaka2561'),
(2135, 'nori15silvia'),
(1523, 'norihitonishi0817'),
(2318, 'norioshoukai'),
(2562, 'noritaka127'),
(1294, 'nori_8312006a'),
(161, 'north_tire_sappro'),
(501, 'noukiitiba'),
(2273, 'npkgx299'),
(2291, 'nqj57927'),
(348, 'nrmc07'),
(2451, 'nru30242'),
(1742, 'ns2elapin'),
(1517, 'nsns96be'),
(2224, 'nsr50874222'),
(2003, 'nssuppoto_6033'),
(1006, 'nsx2006hm'),
(1985, 'nsx9678'),
(2494, 'nt_sa3939'),
(1904, 'nwsgs425'),
(2185, 'n_motors2001'),
(2575, 'oakley_skull213'),
(53, 'oaks64jp'),
(1894, 'odekichi1976'),
(1071, 'odesseya123'),
(1728, 'odssey1move75'),
(2579, 'ofc3104'),
(442, 'officeactive'),
(517, 'ogajinn1225'),
(87, 'ogaworld710'),
(2070, 'oh29639893'),
(1606, 'ohara2_y'),
(1770, 'ohasisw20'),
(1194, 'ohirunemainichi'),
(822, 'ohsat829812'),
(1226, 'okata1914'),
(384, 'okavex_trax'),
(146, 'okayamatoridou'),
(897, 'okazoo800'),
(1375, 'okedahironobu'),
(1664, 'okhotsk_driftice'),
(2351, 'olivia_19d'),
(589, 'olleeservice'),
(526, 'olosaka'),
(1103, 'omote_946'),
(1308, 'ond7l2'),
(1102, 'oneforallproject'),
(742, 'oneoffart'),
(1286, 'onepiecelilac'),
(1604, 'oneship7'),
(1627, 'onez_2007'),
(763, 'onion94t'),
(2027, 'onixhnd'),
(276, 'ooakaji_king'),
(933, 'ookawa0001'),
(2080, 'ootomojidousya'),
(1526, 'oozora7239'),
(434, 'opm_eco'),
(1483, 'or4t'),
(1966, 'orauuuuutancollection'),
(430, 'orc_c33'),
(1328, 'oreoreoresamada88'),
(2397, 'osakanakana8'),
(1199, 'osaka_eins'),
(2501, 'osamu2517jp'),
(499, 'osamu5874'),
(2508, 'oshi6359'),
(1001, 'ost_parts'),
(788, 'otinko6969'),
(1929, 'otokutireflat'),
(180, 'ourparts0720'),
(1164, 'outerplus'),
(1711, 'outgrow_0913'),
(378, 'outletseiwa'),
(196, 'outstripe1992v'),
(1403, 'ouwiwi111'),
(2448, 'over_reb'),
(1136, 'oysn2005'),
(996, 'oza0806'),
(836, 'ozashin5269'),
(591, 'oza_yuta'),
(2267, 'pacific_carline'),
(1295, 'pagora723798'),
(123, 'palettegs'),
(2248, 'palparotsa'),
(1558, 'pandachan310'),
(817, 'panda_raku'),
(1167, 'panda_zzr'),
(309, 'panna0503'),
(47, 'papas_netcom_p'),
(2168, 'papatetuyoshi'),
(1946, 'papi4649oppiv'),
(1825, 'paragon0221'),
(2453, 'parcs2007'),
(291, 'parfekuto555'),
(2057, 'partmoyuna'),
(353, 'parts2323'),
(753, 'parts6767'),
(2541, 'parts808'),
(2040, 'partscars7'),
(1217, 'partsgoo'),
(946, 'partshouse01'),
(1247, 'partslandnagoya'),
(826, 'partsoff_kawagoe'),
(715, 'partsrecyclenet'),
(429, 'partsrecyclenet777'),
(1079, 'parts_auc24'),
(872, 'parts_hanbai_no1'),
(2364, 'parts_land1'),
(1974, 'parts_mania'),
(639, 'parts_off_musamura'),
(1566, 'parts_shop2525'),
(605, 'parts_station1998'),
(2151, 'pastel0770'),
(799, 'patiowasubaru'),
(1142, 'pbkumamonmon'),
(482, 'pc37_2005'),
(2299, 'pcfnt594'),
(1489, 'pdc_service'),
(767, 'peacepeace522'),
(487, 'peco5347'),
(1943, 'pekorin803_class'),
(28, 'penroofstar'),
(967, 'peppermint_0912'),
(2466, 'perditioncrisis_1113'),
(835, 'pereira_masa'),
(438, 'phoenix_s1098'),
(93, 'phoneeverybody'),
(2297, 'phonix64xp'),
(458, 'pi7000pi'),
(1646, 'pieha'),
(724, 'pifukui'),
(149, 'piii9099'),
(549, 'pikacyann0'),
(1163, 'pikatan1104'),
(255, 'pirikaragonta'),
(1961, 'pisufuji'),
(2404, 'pitbull_cb400sf'),
(1088, 'piter_tyu'),
(1211, 'pitton369'),
(344, 'piyopiyo583'),
(747, 'pjyz2205'),
(376, 'plaisirsiga'),
(1004, 'plus_one77'),
(687, 'pmmdt550'),
(2198, 'pmwgj16'),
(86, 'pneo6059'),
(692, 'pocapoca555'),
(1188, 'pockey512'),
(234, 'poiuy3949'),
(2004, 'ponta_urara_ponta_urara'),
(198, 'popeye1_9_8_8'),
(1967, 'popla777'),
(2532, 'popmakiwari'),
(404, 'popocompe'),
(239, 'poro0501'),
(2042, 'poro2534'),
(1750, 'porsche930red'),
(1232, 'poseidonocea'),
(1257, 'postmanz01'),
(78, 'potatochips2006jp'),
(2504, 'power11772'),
(151, 'poweracutions'),
(19, 'powergroup1220'),
(1, 'powergroup_shinethu'),
(2390, 'pqqx829'),
(372, 'premiumj0001'),
(313, 'premium_black_sp'),
(1713, 'prest20031106'),
(2524, 'pricedown49'),
(569, 'princessaya0615'),
(2037, 'pro944361am'),
(556, 'probooks176'),
(1569, 'profia2000'),
(1619, 'project0821'),
(794, 'ps001846'),
(462, 'psd1133'),
(330, 'psitf'),
(2077, 'puri30165'),
(802, 'puri_eco'),
(2553, 'pwf_eyes'),
(2047, 'pwgjh348'),
(1000, 'pyoritama'),
(69, 'p_garden2010'),
(1956, 'qhhkq140'),
(2585, 'qhmqt948'),
(1202, 'qmhpf704'),
(821, 'qmjwk328'),
(1206, 'qnwpw378'),
(269, 'qp_174'),
(2475, 'qqce2bh9k'),
(2623, 'qqmfd149'),
(1387, 'qrbqn278'),
(2606, 'qtnmk944'),
(1095, 'quant_ma'),
(1229, 'queenstyle2'),
(1191, 'qxdnm524'),
(840, 'qygwf280'),
(2495, 'r10_20r'),
(1737, 'r16saas'),
(1050, 'r33_skyrine'),
(1720, 'r428titan'),
(1541, 'r4_family0505'),
(1394, 'ra61202933'),
(2286, 'rabbits23'),
(343, 'rag1355'),
(2415, 'rana02040'),
(564, 'rara812jp'),
(559, 'rbdway01'),
(43, 'rbnpr427'),
(1797, 'rbpwb746'),
(1327, 'rc01cb750'),
(451, 'rcr_378_922'),
(2252, 'rcypw409'),
(1652, 'readygonext'),
(506, 'recycle0820'),
(725, 'recyclepartsyamanashi'),
(275, 'redbear2983'),
(1285, 'refrain0'),
(2322, 'reihoguam'),
(279, 'reo102830'),
(1898, 'reoririrai'),
(294, 'repair4492'),
(532, 'repair_exceed'),
(1970, 'repartsplus'),
(298, 'report_0p0'),
(2272, 'resort4wd'),
(565, 'respect0065'),
(1131, 'reuse_38'),
(108, 'reuse_tire0410'),
(285, 're_hrk'),
(1555, 're_hrk2'),
(2018, 're_parts_machine'),
(2602, 'rhh31821882'),
(266, 'rhngf376'),
(567, 'ribure14'),
(1637, 'rick1020mitsu'),
(1339, 'ricwestside'),
(1165, 'ricycle39'),
(695, 'rikubon_1015'),
(1469, 'rikurensara'),
(1417, 'rimik1113'),
(1789, 'rinahooku'),
(1233, 'rinnosukekun'),
(1871, 'rin_eagle0818nori'),
(1577, 'risachan_19881201'),
(522, 'risaikuru_kantou'),
(1697, 'risaikuru_kantou2'),
(1715, 'rise_728'),
(618, 'risingbean'),
(1321, 'rittsa1283'),
(2628, 'rivertheoryarm'),
(2096, 'riyofit'),
(2487, 'rmx250dazo'),
(1786, 'rm_shimanto'),
(2143, 'road_assit'),
(823, 'roba0810'),
(1886, 'robbo27'),
(2432, 'rock_bode'),
(554, 'rollingmylife'),
(1231, 'romanesco9'),
(1225, 'roots_hd'),
(1831, 'roto62okuen'),
(1116, 'rottweilerran'),
(1047, 'roureru33'),
(360, 'route54_814'),
(1422, 'rpinaki1001'),
(1549, 'rpmmaeda'),
(1972, 'rps13s14s15jzx90100110a'),
(2194, 'rrqrj161'),
(1689, 'rrrs_mg2009_10'),
(602, 'rr_lv_maru41'),
(1609, 'rs650ve'),
(572, 'rtwharutyann'),
(698, 'rubbergum999'),
(368, 'rubicante2015'),
(1028, 'ruke66'),
(1919, 'runamomoie'),
(2339, 'rushz55'),
(726, 'rusuban_master'),
(249, 'rworks1990'),
(1881, 'rx_nanachan'),
(2051, 'ryotti312'),
(1588, 'ryousei1627'),
(2174, 'ryu032531'),
(1037, 'ryuraika'),
(481, 'ryu_jin_an_1210'),
(1511, 'ry_1122_an'),
(1638, 'r_edition2007'),
(1675, 'r_plus_tokyo'),
(2319, 's08161701e'),
(670, 's08522580s'),
(1041, 's13norinori_gogo'),
(860, 's13_rx6_58oo'),
(446, 's3m4a7n1'),
(477, 's50099'),
(1066, 's500ken'),
(1460, 'sa1n3ta'),
(1553, 'saadiq1001'),
(939, 'saburiu514'),
(510, 'sad_566'),
(147, 'sae053185'),
(523, 'safety_parts'),
(1430, 'safu005zz'),
(2093, 'saharcoltdjp'),
(1554, 'sairyu_1515'),
(2440, 'sai_hitomi_1103'),
(1312, 'sakaewin123'),
(1260, 'sakurai4756'),
(354, 'sakurasyun2003'),
(1195, 'samohan8n'),
(2129, 'samouraispirit0116'),
(2583, 'samourai_tanto1120'),
(1534, 'samtra703'),
(2154, 'samurai3300'),
(701, 'samuraispeed2014'),
(2211, 'sanaokaya23'),
(623, 'sanayakeiku'),
(1208, 'sanchujpcp'),
(205, 'sanei711as'),
(183, 'saneitire0914'),
(2117, 'sanitora0122'),
(1641, 'sankichidegozaru'),
(1478, 'sanko_parts'),
(1513, 'sanko_parts2'),
(932, 'sanko_parts3'),
(942, 'sankyotire1750'),
(1749, 'sanomata'),
(92, 'sanrinmuteki'),
(1254, 'santa2_14'),
(1048, 'santamonika0076'),
(457, 'sanwa_kikaku4403'),
(1951, 'sanyo_9664'),
(2107, 'sapporo_kaden2'),
(1143, 'sarukiti2014'),
(1659, 'sasakijidousya'),
(1034, 'sato11242020'),
(2529, 'satooo121212'),
(466, 'satoopark'),
(1810, 'satopoo4989'),
(1785, 'satoru530505'),
(216, 'satoruetu'),
(780, 'satoshi6910'),
(400, 'satoshinyo10'),
(1441, 'sawayaka035'),
(1320, 'sayosayotv2'),
(1623, 'sayu_miyagi'),
(1120, 'sayu_recycle'),
(2138, 'scbyk3'),
(1181, 'schimmel28jp'),
(1009, 'scissorsnobo'),
(754, 'scottie61319'),
(1379, 'scpjn228'),
(1827, 'scramble21jp'),
(1032, 'scrap1763'),
(2368, 'sdjkf524'),
(1130, 'se1235ss'),
(1197, 'sean_1991'),
(1949, 'seasea0330'),
(264, 'second_tire'),
(1067, 'seconet'),
(1099, 'see9086'),
(1872, 'sei1486'),
(62, 'seikosetubi'),
(590, 'seisan_2009'),
(1372, 'seisei_h'),
(1996, 'seisyunhaitu'),
(2290, 'seita1974'),
(2633, 'seiyumi0208'),
(44, 'seiyu_upc'),
(1817, 'sekisyoukai8888'),
(246, 'sergentmaverick'),
(120, 'serusio0912'),
(1204, 'servosort'),
(1661, 'seseragi470'),
(386, 'settutire'),
(1399, 'sg6775t'),
(810, 'sgarage396'),
(2084, 'sgmayumi626'),
(954, 'sharakug3'),
(2127, 'sharakunr500motegi'),
(2193, 'shaulasx'),
(2025, 'shen567re'),
(1576, 'shigemasha'),
(1941, 'shigemin60'),
(2622, 'shigeo7117'),
(1897, 'shiharaku'),
(1783, 'shima390403'),
(662, 'shimonrin2004'),
(1134, 'shin4120026'),
(1883, 'shin8632'),
(1870, 'shinano13244'),
(2006, 'shinee_jongkey1230'),
(1769, 'shingo19841217'),
(852, 'shinichi76070'),
(2374, 'shinichihasegawa'),
(13, 'shinko_tt'),
(225, 'shinman555'),
(1011, 'shinn6406jp'),
(1663, 'shinohara0027'),
(2417, 'shintaro_kaya'),
(2389, 'shinya3318'),
(250, 'shioriash'),
(2477, 'shiraoka1612'),
(1333, 'shirotani_kazuhisa'),
(155, 'shmo9641'),
(2497, 'sho0103'),
(335, 'shogo_510'),
(1021, 'shoitimotors20'),
(848, 'shosabu3214'),
(338, 'shouhei44104410'),
(710, 'showametal2'),
(719, 'sho_ya1224'),
(1562, 'shsth070'),
(694, 'shu11080'),
(2572, 'shu3ke'),
(2411, 'sid61224'),
(16, 'side_n2006'),
(2118, 'sige_juke_0722'),
(1530, 'sigmaauto0278'),
(1390, 'sigmaauto10240'),
(813, 'sigmaauto2008'),
(1521, 'sigmaauto2010'),
(265, 'siharu_2004'),
(1123, 'simajiro1999'),
(1223, 'sino1901'),
(256, 'sinparts4649'),
(672, 'sinpati250'),
(1975, 'sinseiobrien'),
(2214, 'sinsia0503'),
(257, 'sinwa3233'),
(1348, 'sirius0700'),
(452, 'sirotuki723'),
(1834, 'sister_0907'),
(1550, 'sisutemu12001'),
(396, 'situe2011'),
(632, 'sizuka_kj'),
(1370, 'sk1322989'),
(2254, 'skgarage_2007'),
(2472, 'skilmania'),
(2446, 'skizximilk'),
(217, 'skylinejapan2111979'),
(2346, 'skynet_1406'),
(414, 'skz990'),
(2592, 'slash_mash_jzx100'),
(1516, 'slk170jp'),
(2209, 'smartphone0110'),
(2180, 'smbcr804'),
(1179, 'smilebox0123'),
(1147, 'smile_from_apple'),
(1589, 'snona28jp'),
(1426, 'snoopy_masu'),
(797, 'sns_parts'),
(1615, 'so19682000'),
(138, 'soarer25002001'),
(1019, 'soemasa5556'),
(2058, 'sofutokuriimu117'),
(958, 'sokuuri8'),
(1596, 'solio1016'),
(1035, 'soradai1109'),
(1782, 'soramame0095'),
(2589, 'sorato1121'),
(1647, 'soro0315'),
(597, 'sou4316'),
(441, 'sougouichiba'),
(290, 'souko_diablo'),
(1180, 'soundgalaxy2007'),
(165, 'sousaikenbi3'),
(163, 'sp16300'),
(1166, 'sp2008af'),
(2401, 'spark_parts'),
(1945, 'speed200jp'),
(365, 'speedshop_d_2005'),
(2246, 'speed_autoparts_03'),
(1618, 'spiritss15r9'),
(2188, 'spiwebshop'),
(200, 'sport1771'),
(1954, 'sportstar880sportstar883'),
(1212, 'spot2_chiba'),
(395, 'spu98w79'),
(2552, 'srfmb542'),
(916, 'srv5281997'),
(2594, 'ss0217_zr_1100'),
(774, 'ss93119'),
(1529, 'ssazs2008'),
(484, 'sscbd458'),
(541, 'ssgsapporoparts'),
(1906, 'ssr_family_1111'),
(1418, 'sssi7721'),
(693, 'starlight225jp'),
(1069, 'start005jp'),
(2355, 'startic888'),
(2311, 'startup2you'),
(1777, 'staygoldy9'),
(608, 'stel0310'),
(235, 'step07232000'),
(1242, 'step3244'),
(136, 'step3333mspring'),
(1151, 'step55p'),
(1274, 'step_itaku'),
(2238, 'step_rg1_1714k'),
(472, 'stg_parts_wheels'),
(1093, 'stkoume'),
(1900, 'stm12411'),
(244, 'stones9292'),
(174, 'stone_11724_vell'),
(1127, 'sts19511711'),
(2144, 'stylej612'),
(1515, 'stylish1jp'),
(2573, 'suegumi2003'),
(485, 'suehirogari2010'),
(1346, 'sugisugimar'),
(1485, 'sugitoku_plane'),
(66, 'sugoiyoshot'),
(58, 'suite101she'),
(2493, 'sumuchan0606'),
(2232, 'sunautoproject'),
(2388, 'sunlight3840'),
(2624, 'sunmameriri'),
(546, 'sunshine3112jp'),
(359, 'sun_motors_store3'),
(1940, 'superdxpress'),
(1324, 'supersevencsr'),
(1678, 'super_gt1174'),
(673, 'super_honjo_1o14'),
(2073, 'suprise8010'),
(620, 'sutenaide_com'),
(2069, 'suzu1001jp'),
(1536, 'suzu136'),
(436, 'suzu654'),
(2353, 'swat814'),
(1126, 'sweet_july1st'),
(646, 'swhpg840'),
(195, 'swindler5735'),
(1470, 'switch_amagasaki'),
(227, 'swmp7377'),
(1695, 'syogoluv0302'),
(2352, 'syokkkkaaaa0505'),
(1841, 'szkelv33'),
(1105, 's_1fuji2taka3nasubi'),
(2484, 's_703_i'),
(1319, 's_gt500kr'),
(1662, 's_mitoma_99'),
(2399, 's_moon_motive'),
(1733, 't0769257'),
(1464, 't1886'),
(1484, 't4059ms6321'),
(262, 't4771'),
(1292, 't4_ltd'),
(606, 't90547'),
(410, 'tacaco21'),
(2604, 'tach856'),
(1249, 'tadashi_essence'),
(1643, 'taichie50'),
(1083, 'taiga3249'),
(2276, 'taiheitire'),
(166, 'taiseiauc2'),
(935, 'taisyu9535'),
(690, 'taitin9597'),
(902, 'taiyago1'),
(2619, 'taiyashop2013'),
(629, 'taiyayacomplete'),
(2386, 'taiya_iwatetxt'),
(1630, 'taiya_sendaitxt'),
(324, 'taiya_shokunin'),
(789, 'taiyo111811960'),
(2139, 'tak68cp'),
(328, 'taka580_99'),
(972, 'takachann'),
(791, 'takagibu111'),
(1196, 'takahama_kaitai'),
(1858, 'takahashisyoukai103'),
(927, 'takahashi_syoukai_sapporo'),
(115, 'takahiro440'),
(1049, 'takahirom2a'),
(1296, 'takahiro_okuguchi'),
(819, 'takajin788'),
(1600, 'takana172002'),
(1629, 'takarappp'),
(342, 'takaraya300'),
(377, 'takaraya301'),
(752, 'takaraya302'),
(2492, 'takashi5003'),
(1364, 'takashinguru'),
(842, 'takaspe_trick'),
(1419, 'takatakatan1028'),
(2109, 'takayuki_1959'),
(921, 'taka_2117912'),
(1355, 'take4pt'),
(2332, 'take5861jp'),
(683, 'takechanoz'),
(1712, 'takeko21'),
(2387, 'takep10'),
(782, 'takerock65'),
(2637, 'takeshi_drs_g'),
(1981, 'taketosh'),
(926, 'take_a_chance_on_me1983'),
(2423, 'taki05164527'),
(1338, 'takiase_binchan'),
(7, 'taktak5588'),
(2544, 'takumasuna'),
(2036, 'taleoioi'),
(1036, 'tamago_kouji'),
(957, 'tamk7182'),
(379, 'tamutamu5252'),
(2315, 'tanaka3525'),
(562, 'tanakajidousya333'),
(2515, 'tani007a'),
(583, 'tanikawa_syoukai_0701'),
(1902, 'tanimon558'),
(2210, 'tannbe007'),
(1747, 'tano7505'),
(1428, 'tansokumaruten'),
(1546, 'target2daime'),
(1128, 'tarojiro268'),
(873, 'taroo1026227926'),
(530, 'tashikazaka'),
(994, 'tato_mama_37140'),
(2580, 'tatukusi2000'),
(948, 'tawaramoto111'),
(538, 'tcktcktcktck2103'),
(1686, 'tcngsa'),
(1273, 'tcr2860'),
(2094, 'tcs610same'),
(814, 'tc_20020222'),
(474, 'te2_i46'),
(1528, 'teamgreen100'),
(1340, 'team_doridori_yarou'),
(604, 'team_dragon567'),
(1721, 'team_kuru_1'),
(498, 'technobox12'),
(1738, 'tekunotop'),
(1153, 'tel777gold'),
(2017, 'tencyo0615'),
(2177, 'tenpura711'),
(1826, 'teppei2'),
(459, 'tera614'),
(533, 'terasu1973'),
(1551, 'terra46e'),
(1745, 'teruchu_warp'),
(154, 'tessinn_works'),
(1716, 'tfbxd928'),
(1781, 'tfhrn175'),
(179, 'tgs_speedstar'),
(898, 'the_second_heavenly_city'),
(1423, 'thoibaraki'),
(2414, 'threestyle1369'),
(1030, 'tigershop816'),
(2436, 'tikitikimotors_benz_shop'),
(505, 'tire1127'),
(1731, 'tirecenter_aoki'),
(128, 'tiredayo'),
(2260, 'tirekan'),
(580, 'tirelandfukutiyama_1110'),
(868, 'tires1978'),
(1139, 'tires66'),
(636, 'tireshopsatuyuu'),
(278, 'tireshopswitch_t'),
(1398, 'tiretirejp'),
(1220, 'tireurukau'),
(2219, 'tirewheelsapporo'),
(936, 'tire_aramaki'),
(1182, 'tire_house_sakura'),
(2123, 'tire_ichiba'),
(1772, 'tire_mart_ito'),
(402, 'tire_proshop'),
(1674, 'tiwawa_7548'),
(1253, 'tk888b'),
(2467, 'tkhr_chaser_jzx100'),
(727, 'tknet_2009'),
(2049, 'tknqc053'),
(656, 'tkspl666'),
(81, 'tktkminerva'),
(1097, 'tkyyb163'),
(1284, 'tman5n'),
(2444, 'tmb_m52'),
(786, 'tmf_t_m_factory'),
(10, 'tmgarage2005'),
(2574, 'tmgtmg2007'),
(2280, 'tmjapan2776'),
(450, 'tmn_0428'),
(502, 'tmo2035'),
(1788, 'tmyt0624'),
(2020, 'tnakamura7000'),
(2445, 'tobiuma312'),
(525, 'tochipar3256'),
(331, 'toitoitoi2005jp'),
(2165, 'tokiyuta'),
(1842, 'tokusan707'),
(1809, 'tokyonarita3'),
(573, 'tokyo_air_runners'),
(1213, 'tomato11230'),
(2356, 'tomatosurf2'),
(2150, 'tomi330i'),
(2513, 'tomi6625'),
(610, 'tomo010202'),
(2566, 'tomo1562'),
(168, 'tomo2431jp'),
(1803, 'tomoharu_0012'),
(444, 'tomoka_mao'),
(232, 'tomokz1300'),
(1656, 'tomonaga0128'),
(1726, 'tomopyon_1008'),
(1923, 'tomotoshi8888'),
(800, 'tomowaka0124'),
(519, 'tonacass0228'),
(566, 'tongluckjpsp'),
(1605, 'tonkichi0926'),
(1440, 'tonkottukun1'),
(260, 'tonytonysanta'),
(1584, 'topgunmntk'),
(2586, 'topvillage7174'),
(189, 'top_garage2011'),
(231, 'toraifurujin'),
(905, 'toraifurujin2'),
(641, 'toridouokayama1'),
(2398, 'torisoboro20140607'),
(1624, 'toshibu2552'),
(1757, 'toshihiko328'),
(339, 'toshikahoyuka'),
(1725, 'tossima830'),
(1921, 'total_collect'),
(1571, 'tototoai'),
(2342, 'totti324ryuu037'),
(2208, 'touge_0801'),
(991, 'tourerv3'),
(229, 'tourstage19771209'),
(2234, 'towa_p2998'),
(1840, 'towncar3333'),
(2021, 'townforce01'),
(1405, 'toyopet63'),
(1760, 'toytoy_3750055'),
(2035, 'toyu5371130'),
(212, 'to_reamono'),
(1790, 'tpl2000'),
(2392, 'tpsports312'),
(210, 'tqtxj372'),
(1496, 'tracart1971'),
(54, 'traffics1107'),
(1658, 'tread_musashi'),
(82, 'tread_tire2011'),
(1420, 'treasonablebullet'),
(808, 'treasuretk96'),
(913, 'tresspassing_intruder'),
(2403, 'trickdriftheaven'),
(1111, 'triumph1954'),
(1855, 'trs_sports'),
(197, 'trunk_rip'),
(2113, 'trust20121122'),
(318, 'trusttrade432'),
(987, 'tryr8080'),
(1248, 'ts1986jp'),
(2028, 'tsj1718'),
(1185, 'tsmotor7'),
(2450, 'tsmsasaki'),
(659, 'tsnishiman'),
(854, 'tsubokuratiro'),
(1822, 'tsukuba3101'),
(2354, 'tsuyosix0531'),
(1545, 'ts_tsco'),
(581, 'tt1212t'),
(2310, 'tt250r10062000'),
(2146, 'ttc_11225'),
(678, 'ttr555tmm'),
(1259, 'ttt34362000'),
(49, 'tubasaoomiya'),
(1363, 'tubi_style_japan'),
(2281, 'tuckun10'),
(2024, 'tukk888'),
(1243, 'tuqeramar20'),
(2114, 'turniphair641'),
(1891, 'turugata188'),
(1491, 'tutasei'),
(2463, 'tuyoshi3813'),
(769, 'twbc0808'),
(184, 'twincam_backfire'),
(731, 'twinkamkam'),
(320, 'twnc1995'),
(2330, 'txt_akashi'),
(2517, 'txt_aomori'),
(1930, 'txt_hakodate'),
(2335, 'txt_hiroshima'),
(2343, 'txt_kansai1'),
(968, 'txt_kumamoto'),
(990, 'ty0171'),
(1756, 'ty02099'),
(1235, 'tyobi173'),
(2022, 'tyre_navi'),
(1912, 'tyuseisyou19603510toyota'),
(1722, 'tyuuko1gou'),
(2203, 'tywpc'),
(80, 'tyynnku610119545'),
(2313, 't_bigbridge'),
(1773, 't_dragon_r'),
(1639, 't_house55'),
(2452, 't_h_84'),
(1490, 't_k_0323gochi_s20celsior'),
(2076, 't_mart_spk'),
(2359, 't_monkeys_12'),
(1309, 't_noriyuki1122'),
(1952, 't_osanai0371'),
(1301, 't_tanago'),
(980, 't_wild_freedom_s'),
(326, 'u3u126'),
(226, 'u9sypzgr'),
(1245, 'ua_8383'),
(2292, 'ucf301837'),
(1578, 'ugatora7'),
(654, 'ukautoweb'),
(647, 'ukyo2032'),
(1821, 'ulala0419'),
(2256, 'umekanibest1'),
(419, 'umeterochann'),
(1832, 'umori591421'),
(1935, 'unison145k'),
(39, 'uniuni55_20'),
(2459, 'unohisaf'),
(32, 'unounokoubou2014'),
(1991, 'uochan55'),
(1701, 'up3251615x303m'),
(1173, 'upartsikuta20130401'),
(1892, 'uparts_com'),
(1369, 'upepo2013'),
(737, 'upjpn'),
(880, 'upjpn00'),
(874, 'upjpn01'),
(883, 'upjpn02'),
(1479, 'upjpn03'),
(881, 'upjpn04'),
(878, 'upjpn05'),
(21, 'upjpn06'),
(879, 'upjpn07'),
(1476, 'upjpn09'),
(736, 'upjpn10'),
(875, 'upjpn13'),
(882, 'upjpn14'),
(876, 'upjpn15'),
(15, 'upjpn16'),
(598, 'upjpn17'),
(877, 'upjpn18'),
(738, 'upjpn20'),
(1477, 'upjpn21'),
(1060, 'upkadota'),
(1402, 'upman0120'),
(582, 'upman0722'),
(121, 'uprising_51'),
(110, 'uprising_oota'),
(156, 'uriboukun1111'),
(1236, 'usdm724'),
(387, 'usedeene'),
(2376, 'usednet_corporation'),
(394, 'usedparts777'),
(1621, 'usedpartsoarc5005'),
(127, 'usedtire_2008'),
(65, 'used_part4182'),
(367, 'used_station_store'),
(721, 'usscso'),
(697, 'utsugi1234'),
(1688, 'u_b_001'),
(437, 'u_parts_alpha'),
(1380, 'u_tan8451'),
(2511, 'vaan425'),
(1497, 'val20_10'),
(2373, 'vanguard_kids'),
(2338, 'vari4643'),
(1888, 'vectorgz20'),
(182, 'vento525'),
(1326, 'venture018'),
(1804, 'vertexmailsoarer'),
(1110, 'viba3r'),
(1280, 'viotns2'),
(399, 'vipazr602000'),
(613, 'vipram123'),
(2046, 'viridianman'),
(1916, 'vitesse1884'),
(1591, 'viviko55'),
(1154, 'volvokiyo'),
(6, 'vskftomo'),
(2034, 'vtec_s2000jp'),
(1800, 'vvv_kazdai_vvv'),
(1299, 'w2011hatp'),
(1585, 'w207hatp'),
(1077, 'w463auto'),
(281, 'w6370hatp'),
(2091, 'wagj92459245'),
(1779, 'waidloop'),
(2569, 'wako858585'),
(31, 'wanmama246'),
(1955, 'wanwanking2006'),
(1763, 'warningizmo');
INSERT INTO `yahoo_seller` (`id`, `name`) VALUES
(704, 'watanabeshokainori'),
(779, 'watanabe_autoparts_group'),
(2344, 'wataniit'),
(1137, 'wavesurf2009'),
(1758, 'wbnasa'),
(1330, 'wdcjh661'),
(807, 'wddcs0091'),
(511, 'wdwbs590'),
(181, 'wdyso_77'),
(2629, 'westco1984'),
(228, 'westmunkey'),
(1265, 'west_jp02'),
(1108, 'west_jp03'),
(1622, 'wgo1115'),
(984, 'wheelgarage222'),
(97, 'wheels_japan'),
(1677, 'wind3_3'),
(832, 'window_size_183380'),
(385, 'wing_garage'),
(2212, 'wipul5ejierutno1'),
(2204, 'words_some_letter'),
(1246, 'works27'),
(587, 'works720'),
(135, 'works_0529'),
(1237, 'works_jp_2007'),
(1602, 'work_dick'),
(1776, 'world935'),
(1907, 'worldclass198247'),
(1146, 'worldlinkjapan786'),
(861, 'worldnet_world'),
(277, 'worldyours00'),
(2213, 'worth_trading3'),
(757, 'wvw110'),
(1107, 'www12345678910masa'),
(1344, 'www_otokogi'),
(1582, 'wxxwb208'),
(2097, 'w_disorder'),
(1718, 'x5_452tc'),
(2016, 'x9x8x7xxx'),
(758, 'xcsqf304'),
(1922, 'xgksm180'),
(122, 'xhgjr052'),
(1625, 'xhsjj491'),
(254, 'xjrkun'),
(686, 'xkdsx119'),
(2474, 'xnkpp7772007'),
(1634, 'xox193'),
(2298, 'xtjtf090'),
(85, 'xx777heyheyhey777xx'),
(1215, 'xxgejxx'),
(373, 'xxlizxx04'),
(1244, 'xxquattro'),
(2054, 'xxvb6996'),
(1654, 'xxxskyjp'),
(397, 'xxxxvictoryxxxx'),
(1644, 'xygxn0952000'),
(768, 'x_masakichi_x'),
(2400, 'y1755h'),
(2595, 'y1963o'),
(1411, 'y340329'),
(2164, 'y7cars'),
(1082, 'ya19821203'),
(2119, 'yadokaritarou0525'),
(2068, 'yaka1020'),
(283, 'yama92700'),
(1118, 'yamaaki1985'),
(2458, 'yamada7272jp'),
(1040, 'yamagata_txt'),
(595, 'yamaguchi_0709'),
(1642, 'yamamoto2455'),
(781, 'yamamoto412001'),
(293, 'yamamoto_0523'),
(771, 'yaman1830'),
(251, 'yamaruchan91'),
(1613, 'yamasakura5588'),
(455, 'yamashoparts2'),
(534, 'yamasyoumuku'),
(1895, 'yamato_kaemon'),
(1078, 'yan3784'),
(148, 'yanagi6600'),
(633, 'yashetaidaijin'),
(252, 'yasuiyo777'),
(2366, 'yataka23yutaka'),
(1657, 'yd_tiger_01'),
(1524, 'yevgeniyajp'),
(1432, 'ygrjd592'),
(917, 'yi_yi237_8181'),
(2132, 'yjc_parts'),
(2326, 'ykak_4eu3'),
(322, 'ym19287000'),
(1228, 'ymatt2406'),
(1368, 'ymc_parts'),
(241, 'ymf_parts'),
(1401, 'ymmr0717'),
(865, 'ymss81049'),
(555, 'yohei_previa'),
(2571, 'yokoi4510ueda'),
(664, 'yokomiparts'),
(2597, 'yokoo_automobile'),
(483, 'yonasiro51684'),
(270, 'yos4430'),
(2283, 'yoshichang44'),
(2251, 'yoshida_usedparts2'),
(1389, 'yoshihiromayuge'),
(539, 'yoshikame0044'),
(2488, 'yoshiki060606'),
(764, 'yoshimayu99'),
(1084, 'yoshimuramiyagi'),
(1409, 'yoshio5o5'),
(1869, 'yoshioka3592001'),
(1498, 'yoshi_sayu'),
(2019, 'yosi3800'),
(617, 'yosioka_ytt'),
(124, 'yosioman_com'),
(2325, 'yossy54no03'),
(1178, 'yottyanndasu'),
(345, 'youkouyoukou2000'),
(11, 'yours_selectshop'),
(2085, 'youyou6368'),
(1219, 'you_dai_1984'),
(2323, 'you_g7'),
(2435, 'yozakura221'),
(398, 'ypgu20020415'),
(193, 'yqpxq748'),
(104, 'yrhkb719'),
(1953, 'yryr2525yr'),
(2485, 'ys0633'),
(2454, 'yso4494110'),
(2521, 'ysy_motion'),
(973, 'yt1013jp'),
(1436, 'yt18moto19cool'),
(2509, 'ythgimla02'),
(1054, 'yu1186'),
(1535, 'yuasazidousya2'),
(1472, 'yuasazidousya6'),
(992, 'yui05282001'),
(2478, 'yuimitsu'),
(2149, 'yujisaga_0221'),
(2321, 'yuji_n0000'),
(428, 'yuko73119'),
(440, 'yukowan410'),
(2596, 'yukskofuji'),
(889, 'yumaho0115'),
(1250, 'yumemiru5555'),
(649, 'yumithima0909'),
(1668, 'yuparu0519'),
(1595, 'yutaka19640705'),
(1033, 'yutakaeri'),
(825, 'yutaryo8588'),
(1258, 'yuujibp'),
(2225, 'yuuko39'),
(579, 'yuusukeyone'),
(2437, 'yuuya3113osaki'),
(1267, 'yuuyama333jp'),
(2031, 'yuu_yuu5_s_net'),
(153, 'yuya8n8'),
(1514, 'yuziya2012'),
(2235, 'yxfnq317'),
(775, 'yybbg997'),
(792, 'yyykb389'),
(357, 'yyyparts'),
(1190, 'yyyyyotoyoto'),
(1414, 'y_31_vip'),
(1080, 'y_doi_0624'),
(199, 'y_k1963'),
(1579, 'y_m_rose_17'),
(2498, 'y_paper'),
(1958, 'y_s_c_p'),
(859, 'y_tossi'),
(1506, 'z28spb'),
(185, 'z31santa'),
(1044, 'z32s15jzs160'),
(1574, 'zaipa_3015'),
(1145, 'zaxis850'),
(1873, 'zen80088008'),
(2250, 'zennutoi35'),
(2013, 'zepposo'),
(1410, 'zero414jp'),
(1029, 'zero7083'),
(1556, 'zeroclub2002jp'),
(923, 'zero_parts_fuji'),
(1532, 'zero_parts_fuji_2'),
(1520, 'zero_parts_fuji_3'),
(2131, 'zidenza'),
(2490, 'zipang_g88'),
(1493, 'ziperokku'),
(1844, 'znutubm7pamre62x8tib_0101'),
(1186, 'zoe5689'),
(2526, 'zpostnori'),
(1573, 'zqxwcevr1232'),
(1877, 'zxa1456'),
(2546, 'zxzxzabc'),
(243, 'zx_maje'),
(956, 'zyx0126'),
(2183, 'zzggyymm'),
(1518, 'z_car_shop');

--
-- Индексы сохранённых таблиц
--

--
-- Индексы таблицы `action`
--
ALTER TABLE `action`
 ADD PRIMARY KEY (`id`);

--
-- Индексы таблицы `advert`
--
ALTER TABLE `advert`
 ADD PRIMARY KEY (`id`);

--
-- Индексы таблицы `attribute`
--
ALTER TABLE `attribute`
 ADD PRIMARY KEY (`id`);

--
-- Индексы таблицы `attribute_type`
--
ALTER TABLE `attribute_type`
 ADD PRIMARY KEY (`id`);

--
-- Индексы таблицы `attribute_variant`
--
ALTER TABLE `attribute_variant`
 ADD PRIMARY KEY (`attribute_id`,`variant_id`);

--
-- Индексы таблицы `auction`
--
ALTER TABLE `auction`
 ADD PRIMARY KEY (`id`);

--
-- Индексы таблицы `category`
--
ALTER TABLE `category`
 ADD PRIMARY KEY (`id`);

--
-- Индексы таблицы `data_cube`
--
ALTER TABLE `data_cube`
 ADD PRIMARY KEY (`id`);

--
-- Индексы таблицы `data_cube_variant`
--
ALTER TABLE `data_cube_variant`
 ADD PRIMARY KEY (`cube_id`,`attribute_1`,`attribute_2`,`attribute_3`);

--
-- Индексы таблицы `data_dictionary`
--
ALTER TABLE `data_dictionary`
 ADD PRIMARY KEY (`id`);

--
-- Индексы таблицы `data_dictionary_variant`
--
ALTER TABLE `data_dictionary_variant`
 ADD PRIMARY KEY (`dictionary_id`,`attribute_1`);

--
-- Индексы таблицы `data_table`
--
ALTER TABLE `data_table`
 ADD PRIMARY KEY (`id`);

--
-- Индексы таблицы `data_table_variant`
--
ALTER TABLE `data_table_variant`
 ADD PRIMARY KEY (`table_id`,`attribute_1`,`attribute_2`);

--
-- Индексы таблицы `data_vars`
--
ALTER TABLE `data_vars`
 ADD PRIMARY KEY (`name`);

--
-- Индексы таблицы `desktop`
--
ALTER TABLE `desktop`
 ADD PRIMARY KEY (`id`);

--
-- Индексы таблицы `desktop_table`
--
ALTER TABLE `desktop_table`
 ADD PRIMARY KEY (`id`);

--
-- Индексы таблицы `desktop_table_cell`
--
ALTER TABLE `desktop_table_cell`
 ADD PRIMARY KEY (`row_id`,`col_id`);

--
-- Индексы таблицы `desktop_table_col`
--
ALTER TABLE `desktop_table_col`
 ADD PRIMARY KEY (`id`);

--
-- Индексы таблицы `desktop_table_col_type`
--
ALTER TABLE `desktop_table_col_type`
 ADD PRIMARY KEY (`id`);

--
-- Индексы таблицы `desktop_table_col_variant`
--
ALTER TABLE `desktop_table_col_variant`
 ADD PRIMARY KEY (`id`);

--
-- Индексы таблицы `desktop_table_row`
--
ALTER TABLE `desktop_table_row`
 ADD PRIMARY KEY (`id`);

--
-- Индексы таблицы `export`
--
ALTER TABLE `export`
 ADD PRIMARY KEY (`id`);

--
-- Индексы таблицы `export_attribute`
--
ALTER TABLE `export_attribute`
 ADD PRIMARY KEY (`export_id`,`attribute_id`);

--
-- Индексы таблицы `export_interpreter`
--
ALTER TABLE `export_interpreter`
 ADD PRIMARY KEY (`export_id`,`interpreter_id`);

--
-- Индексы таблицы `good`
--
ALTER TABLE `good`
 ADD PRIMARY KEY (`id`);

--
-- Индексы таблицы `good_attribute`
--
ALTER TABLE `good_attribute`
 ADD PRIMARY KEY (`id`);

--
-- Индексы таблицы `good_type`
--
ALTER TABLE `good_type`
 ADD PRIMARY KEY (`id`);

--
-- Индексы таблицы `good_type_attribute`
--
ALTER TABLE `good_type_attribute`
 ADD PRIMARY KEY (`good_type_id`,`attribute_id`);

--
-- Индексы таблицы `interpreter`
--
ALTER TABLE `interpreter`
 ADD PRIMARY KEY (`id`);

--
-- Индексы таблицы `model_names`
--
ALTER TABLE `model_names`
 ADD PRIMARY KEY (`id`);

--
-- Индексы таблицы `photodoska`
--
ALTER TABLE `photodoska`
 ADD PRIMARY KEY (`id`);

--
-- Индексы таблицы `place`
--
ALTER TABLE `place`
 ADD PRIMARY KEY (`id`);

--
-- Индексы таблицы `place_interpreter`
--
ALTER TABLE `place_interpreter`
 ADD PRIMARY KEY (`place_id`,`interpreter_id`);

--
-- Индексы таблицы `queue`
--
ALTER TABLE `queue`
 ADD PRIMARY KEY (`id`);

--
-- Индексы таблицы `queue_state`
--
ALTER TABLE `queue_state`
 ADD PRIMARY KEY (`id`);

--
-- Индексы таблицы `role`
--
ALTER TABLE `role`
 ADD PRIMARY KEY (`id`);

--
-- Индексы таблицы `rule`
--
ALTER TABLE `rule`
 ADD PRIMARY KEY (`code`);

--
-- Индексы таблицы `settings`
--
ALTER TABLE `settings`
 ADD PRIMARY KEY (`id`);

--
-- Индексы таблицы `user`
--
ALTER TABLE `user`
 ADD PRIMARY KEY (`usr_id`);

--
-- Индексы таблицы `variant`
--
ALTER TABLE `variant`
 ADD PRIMARY KEY (`id`);

--
-- Индексы таблицы `yahoo_category`
--
ALTER TABLE `yahoo_category`
 ADD PRIMARY KEY (`id`);

--
-- Индексы таблицы `yahoo_lot`
--
ALTER TABLE `yahoo_lot`
 ADD PRIMARY KEY (`id`), ADD UNIQUE KEY `sort` (`sort`);

--
-- Индексы таблицы `yahoo_seller`
--
ALTER TABLE `yahoo_seller`
 ADD PRIMARY KEY (`id`), ADD UNIQUE KEY `name` (`name`);

--
-- AUTO_INCREMENT для сохранённых таблиц
--

--
-- AUTO_INCREMENT для таблицы `action`
--
ALTER TABLE `action`
MODIFY `id` int(10) unsigned NOT NULL AUTO_INCREMENT,AUTO_INCREMENT=4;
--
-- AUTO_INCREMENT для таблицы `advert`
--
ALTER TABLE `advert`
MODIFY `id` int(10) unsigned NOT NULL AUTO_INCREMENT,AUTO_INCREMENT=11;
--
-- AUTO_INCREMENT для таблицы `attribute`
--
ALTER TABLE `attribute`
MODIFY `id` int(10) unsigned NOT NULL AUTO_INCREMENT,AUTO_INCREMENT=61;
--
-- AUTO_INCREMENT для таблицы `attribute_type`
--
ALTER TABLE `attribute_type`
MODIFY `id` smallint(5) unsigned NOT NULL AUTO_INCREMENT,AUTO_INCREMENT=5;
--
-- AUTO_INCREMENT для таблицы `auction`
--
ALTER TABLE `auction`
MODIFY `id` int(10) unsigned NOT NULL AUTO_INCREMENT,AUTO_INCREMENT=162;
--
-- AUTO_INCREMENT для таблицы `category`
--
ALTER TABLE `category`
MODIFY `id` int(10) unsigned NOT NULL AUTO_INCREMENT,AUTO_INCREMENT=8;
--
-- AUTO_INCREMENT для таблицы `data_cube`
--
ALTER TABLE `data_cube`
MODIFY `id` int(10) unsigned NOT NULL AUTO_INCREMENT,AUTO_INCREMENT=5;
--
-- AUTO_INCREMENT для таблицы `data_dictionary`
--
ALTER TABLE `data_dictionary`
MODIFY `id` int(10) unsigned NOT NULL AUTO_INCREMENT,AUTO_INCREMENT=50;
--
-- AUTO_INCREMENT для таблицы `data_table`
--
ALTER TABLE `data_table`
MODIFY `id` int(10) unsigned NOT NULL AUTO_INCREMENT,AUTO_INCREMENT=22;
--
-- AUTO_INCREMENT для таблицы `desktop`
--
ALTER TABLE `desktop`
MODIFY `id` int(10) unsigned NOT NULL AUTO_INCREMENT,AUTO_INCREMENT=48;
--
-- AUTO_INCREMENT для таблицы `desktop_table`
--
ALTER TABLE `desktop_table`
MODIFY `id` int(10) unsigned NOT NULL AUTO_INCREMENT,AUTO_INCREMENT=8;
--
-- AUTO_INCREMENT для таблицы `desktop_table_col`
--
ALTER TABLE `desktop_table_col`
MODIFY `id` int(10) unsigned NOT NULL AUTO_INCREMENT,AUTO_INCREMENT=14;
--
-- AUTO_INCREMENT для таблицы `desktop_table_col_type`
--
ALTER TABLE `desktop_table_col_type`
MODIFY `id` tinyint(3) unsigned NOT NULL AUTO_INCREMENT,AUTO_INCREMENT=9;
--
-- AUTO_INCREMENT для таблицы `desktop_table_col_variant`
--
ALTER TABLE `desktop_table_col_variant`
MODIFY `id` int(11) NOT NULL AUTO_INCREMENT;
--
-- AUTO_INCREMENT для таблицы `desktop_table_row`
--
ALTER TABLE `desktop_table_row`
MODIFY `id` int(10) unsigned NOT NULL AUTO_INCREMENT,AUTO_INCREMENT=11;
--
-- AUTO_INCREMENT для таблицы `export`
--
ALTER TABLE `export`
MODIFY `id` int(10) unsigned NOT NULL AUTO_INCREMENT,AUTO_INCREMENT=25;
--
-- AUTO_INCREMENT для таблицы `good`
--
ALTER TABLE `good`
MODIFY `id` int(10) unsigned NOT NULL AUTO_INCREMENT,AUTO_INCREMENT=20;
--
-- AUTO_INCREMENT для таблицы `good_attribute`
--
ALTER TABLE `good_attribute`
MODIFY `id` int(11) unsigned NOT NULL AUTO_INCREMENT,AUTO_INCREMENT=7160;
--
-- AUTO_INCREMENT для таблицы `good_type`
--
ALTER TABLE `good_type`
MODIFY `id` int(11) NOT NULL AUTO_INCREMENT,AUTO_INCREMENT=4;
--
-- AUTO_INCREMENT для таблицы `interpreter`
--
ALTER TABLE `interpreter`
MODIFY `id` int(10) unsigned NOT NULL AUTO_INCREMENT,AUTO_INCREMENT=42;
--
-- AUTO_INCREMENT для таблицы `model_names`
--
ALTER TABLE `model_names`
MODIFY `id` smallint(5) unsigned NOT NULL AUTO_INCREMENT,AUTO_INCREMENT=16;
--
-- AUTO_INCREMENT для таблицы `photodoska`
--
ALTER TABLE `photodoska`
MODIFY `id` int(10) unsigned NOT NULL AUTO_INCREMENT;
--
-- AUTO_INCREMENT для таблицы `place`
--
ALTER TABLE `place`
MODIFY `id` int(10) unsigned NOT NULL AUTO_INCREMENT,AUTO_INCREMENT=9;
--
-- AUTO_INCREMENT для таблицы `queue`
--
ALTER TABLE `queue`
MODIFY `id` int(10) unsigned NOT NULL AUTO_INCREMENT,AUTO_INCREMENT=156;
--
-- AUTO_INCREMENT для таблицы `queue_state`
--
ALTER TABLE `queue_state`
MODIFY `id` tinyint(3) unsigned NOT NULL AUTO_INCREMENT,AUTO_INCREMENT=4;
--
-- AUTO_INCREMENT для таблицы `role`
--
ALTER TABLE `role`
MODIFY `id` int(10) unsigned NOT NULL AUTO_INCREMENT,AUTO_INCREMENT=4;
--
-- AUTO_INCREMENT для таблицы `settings`
--
ALTER TABLE `settings`
MODIFY `id` int(10) unsigned NOT NULL AUTO_INCREMENT,AUTO_INCREMENT=18;
--
-- AUTO_INCREMENT для таблицы `user`
--
ALTER TABLE `user`
MODIFY `usr_id` int(11) NOT NULL AUTO_INCREMENT,AUTO_INCREMENT=13;
--
-- AUTO_INCREMENT для таблицы `variant`
--
ALTER TABLE `variant`
MODIFY `id` int(10) unsigned NOT NULL AUTO_INCREMENT,AUTO_INCREMENT=2049;
--
-- AUTO_INCREMENT для таблицы `yahoo_category`
--
ALTER TABLE `yahoo_category`
MODIFY `id` int(10) unsigned NOT NULL AUTO_INCREMENT,AUTO_INCREMENT=4;
--
-- AUTO_INCREMENT для таблицы `yahoo_lot`
--
ALTER TABLE `yahoo_lot`
MODIFY `sort` int(11) NOT NULL AUTO_INCREMENT;
--
-- AUTO_INCREMENT для таблицы `yahoo_seller`
--
ALTER TABLE `yahoo_seller`
MODIFY `id` int(10) unsigned NOT NULL AUTO_INCREMENT,AUTO_INCREMENT=2638;
/*!40101 SET CHARACTER_SET_CLIENT=@OLD_CHARACTER_SET_CLIENT */;
/*!40101 SET CHARACTER_SET_RESULTS=@OLD_CHARACTER_SET_RESULTS */;
/*!40101 SET COLLATION_CONNECTION=@OLD_COLLATION_CONNECTION */;
