-- phpMyAdmin SQL Dump
-- version 4.0.10.15
-- http://www.phpmyadmin.net
--
-- Хост: localhost
-- Время создания: Апр 24 2016 г., 23:11
-- Версия сервера: 5.1.73
-- Версия PHP: 5.5.34

SET SQL_MODE = "NO_AUTO_VALUE_ON_ZERO";
SET time_zone = "+00:00";


/*!40101 SET @OLD_CHARACTER_SET_CLIENT=@@CHARACTER_SET_CLIENT */;
/*!40101 SET @OLD_CHARACTER_SET_RESULTS=@@CHARACTER_SET_RESULTS */;
/*!40101 SET @OLD_COLLATION_CONNECTION=@@COLLATION_CONNECTION */;
/*!40101 SET NAMES utf8 */;

--
-- База данных: `dostavto`
--

-- --------------------------------------------------------

--
-- Структура таблицы `action`
--

CREATE TABLE IF NOT EXISTS `action` (
  `id` int(10) unsigned NOT NULL AUTO_INCREMENT,
  `name` varchar(255) NOT NULL,
  `code` varchar(100) NOT NULL,
  PRIMARY KEY (`id`)
) ENGINE=InnoDB  DEFAULT CHARSET=utf8 AUTO_INCREMENT=9 ;

--
-- Дамп данных таблицы `action`
--

INSERT INTO `action` (`id`, `name`, `code`) VALUES
(1, 'Добавление', 'add'),
(2, 'Обновление', 'update'),
(3, 'Удаление', 'delete'),
(4, 'Обновление фотографий', 'updateImages'),
(5, 'Платное поднятие', 'payUp'),
(6, 'Обновление с фотографиями', 'updateWithImages'),
(7, 'Бесплатное поднятие', 'up'),
(8, 'Обновление цены', 'updatePrice');

-- --------------------------------------------------------

--
-- Структура таблицы `advert`
--

CREATE TABLE IF NOT EXISTS `advert` (
  `id` int(10) unsigned NOT NULL AUTO_INCREMENT,
  `good_id` int(10) unsigned NOT NULL,
  `place_id` int(10) unsigned NOT NULL,
  `url` varchar(255) DEFAULT NULL,
  `type_id` int(10) unsigned NOT NULL,
  `city_id` int(10) unsigned NOT NULL,
  `title` varchar(100) DEFAULT NULL,
  `ready` tinyint(1) NOT NULL DEFAULT '0',
  PRIMARY KEY (`id`)
) ENGINE=InnoDB DEFAULT CHARSET=utf8 AUTO_INCREMENT=1 ;

-- --------------------------------------------------------

--
-- Структура таблицы `advert_word`
--

CREATE TABLE IF NOT EXISTS `advert_word` (
  `advert_id` int(10) unsigned NOT NULL,
  `word_id` int(10) unsigned NOT NULL,
  PRIMARY KEY (`advert_id`,`word_id`)
) ENGINE=InnoDB DEFAULT CHARSET=utf8;

-- --------------------------------------------------------

--
-- Структура таблицы `attribute`
--

CREATE TABLE IF NOT EXISTS `attribute` (
  `id` int(10) unsigned NOT NULL AUTO_INCREMENT,
  `name` varchar(255) NOT NULL,
  `attribute_type_id` smallint(5) unsigned NOT NULL,
  `multi` tinyint(1) NOT NULL DEFAULT '0',
  `list` tinyint(1) NOT NULL DEFAULT '0',
  `width` int(11) NOT NULL DEFAULT '0',
  `dynamic` tinyint(1) NOT NULL DEFAULT '0',
  `required` tinyint(1) NOT NULL DEFAULT '0',
  `group_id` int(10) unsigned DEFAULT NULL,
  `folder` tinyint(1) NOT NULL DEFAULT '0',
  `major` tinyint(1) NOT NULL DEFAULT '0',
  `alias` varchar(15) DEFAULT NULL,
  `label` int(11) DEFAULT NULL,
  PRIMARY KEY (`id`)
) ENGINE=InnoDB  DEFAULT CHARSET=utf8 AUTO_INCREMENT=1013 ;

--
-- Дамп данных таблицы `attribute`
--

INSERT INTO `attribute` (`id`, `name`, `attribute_type_id`, `multi`, `list`, `width`, `dynamic`, `required`, `group_id`, `folder`, `major`, `alias`, `label`) VALUES
(3, 'Код', 3, 0, 0, 35, 0, 1, 0, 0, 0, '', NULL),
(20, 'Цена', 1, 0, 0, 50, 0, 1, 0, 0, 0, 'Цена', NULL),
(27, 'Город нахождения', 3, 0, 1, 50, 0, 1, 0, 0, 0, 'ГН', NULL),
(35, 'Описание ', 4, 0, 0, 0, 0, 0, 0, 0, 0, '', NULL),
(37, 'Тип объявления', 3, 0, 1, 0, 1, 0, 0, 0, 0, '', NULL),
(38, 'Город выкладки', 3, 1, 1, 150, 1, 0, 0, 0, 0, '', NULL),
(57, 'Площадка', 3, 1, 1, 0, 1, 0, 0, 0, 0, '', NULL),
(60, 'Города выкладки Авито', 3, 1, 1, 0, 1, 0, 38, 0, 0, 'Авит', NULL),
(98, 'Не распознанные атрибуты', 4, 0, 0, 0, 0, 0, 0, 0, 0, '', NULL),
(107, 'Степень выкладки', 3, 0, 1, 0, 0, 0, 0, 0, 0, '', NULL),
(111, 'Выкладывать Авито', 1, 0, 0, 40, 0, 0, 3, 0, 0, 'ВА', NULL),
(1001, 'Категория', 3, 0, 1, 0, 0, 0, NULL, 0, 0, '', NULL),
(1002, 'Наименование', 3, 0, 1, 0, 0, 0, NULL, 0, 0, 'NAME', NULL),
(1003, 'Марка', 3, 0, 1, 0, 0, 0, NULL, 0, 0, '', NULL),
(1004, 'Модель', 3, 0, 1, 0, 0, 0, NULL, 0, 0, '', NULL),
(1005, 'Кузов', 3, 0, 1, 0, 0, 0, NULL, 0, 0, '', NULL),
(1006, 'Двигатель', 3, 0, 1, 0, 0, 0, NULL, 0, 0, '', NULL),
(1007, 'Номер', 3, 0, 0, 0, 0, 0, NULL, 0, 0, '', NULL),
(1008, 'Перед/Зад', 3, 0, 1, 0, 0, 0, NULL, 0, 0, 'F/B', NULL),
(1009, 'Право/Лево', 3, 0, 1, 0, 0, 0, NULL, 0, 0, 'R/L', NULL),
(1010, 'Верх/Низ', 3, 0, 1, 0, 0, 0, NULL, 0, 0, 'U/D', NULL),
(1011, 'Состояние', 3, 0, 1, 0, 0, 0, NULL, 0, 0, 'COND', NULL),
(1012, 'Служебное примечание', 3, 0, 0, 0, 0, 0, NULL, 0, 0, '', NULL);

-- --------------------------------------------------------

--
-- Структура таблицы `attribute_type`
--

CREATE TABLE IF NOT EXISTS `attribute_type` (
  `id` smallint(5) unsigned NOT NULL AUTO_INCREMENT,
  `name` varchar(50) NOT NULL,
  `code` varchar(50) NOT NULL,
  PRIMARY KEY (`id`)
) ENGINE=InnoDB  DEFAULT CHARSET=utf8 AUTO_INCREMENT=5 ;

--
-- Дамп данных таблицы `attribute_type`
--

INSERT INTO `attribute_type` (`id`, `name`, `code`) VALUES
(1, 'Целое число', 'int'),
(2, 'Дробное число', 'float'),
(3, 'Строка', 'varchar'),
(4, 'Текст', 'text');

-- --------------------------------------------------------

--
-- Структура таблицы `attribute_variant`
--

CREATE TABLE IF NOT EXISTS `attribute_variant` (
  `attribute_id` int(10) unsigned NOT NULL,
  `variant_id` int(10) unsigned NOT NULL,
  PRIMARY KEY (`attribute_id`,`variant_id`)
) ENGINE=InnoDB DEFAULT CHARSET=utf8;

--
-- Дамп данных таблицы `attribute_variant`
--

INSERT INTO `attribute_variant` (`attribute_id`, `variant_id`) VALUES
(27, 1032),
(27, 1033),
(27, 1034),
(27, 1035),
(27, 1036),
(27, 1037),
(27, 1038),
(27, 1039),
(27, 1040),
(27, 1041),
(27, 1042),
(27, 1043),
(27, 1044),
(27, 1045),
(27, 1046),
(27, 1047),
(27, 1048),
(27, 1049),
(27, 1050),
(27, 1051),
(27, 1052),
(27, 1053),
(27, 1054),
(27, 1055),
(27, 1056),
(27, 1386),
(27, 1403),
(27, 1406),
(27, 1411),
(27, 1412),
(27, 1417),
(27, 2819),
(27, 2820),
(27, 2821),
(27, 2822),
(27, 2823),
(27, 2824),
(27, 2825),
(27, 2826),
(27, 2827),
(27, 2828),
(27, 2829),
(27, 2830),
(27, 2831),
(27, 2832),
(27, 2833),
(27, 2834),
(27, 2835),
(27, 2836),
(27, 2837),
(27, 2838),
(27, 2839),
(27, 2840),
(27, 2841),
(27, 2842),
(27, 2843),
(27, 2844),
(27, 2845),
(27, 2846),
(27, 2847),
(27, 2848),
(27, 2849),
(27, 2850),
(27, 2851),
(27, 2852),
(27, 2853),
(27, 2854),
(27, 2855),
(27, 2856),
(27, 2857),
(27, 2858),
(27, 2859),
(27, 2860),
(27, 2861),
(27, 2862),
(27, 2863),
(27, 2864),
(27, 2865),
(27, 2866),
(27, 2867),
(27, 2868),
(27, 2869),
(27, 2870),
(27, 2871),
(27, 2872),
(27, 2873),
(27, 2874),
(27, 2875),
(27, 2876),
(27, 2877),
(27, 2878),
(27, 2879),
(27, 2880),
(27, 2881),
(27, 2882),
(27, 2883),
(27, 2884),
(27, 2885),
(27, 2886),
(27, 2887),
(27, 2888),
(27, 2889),
(27, 2890),
(27, 2891),
(27, 2892),
(27, 2893),
(27, 2894),
(27, 2895),
(27, 2896),
(27, 2897),
(27, 2898),
(27, 2899),
(37, 868),
(37, 869),
(37, 2129),
(38, 1057),
(38, 1058),
(38, 1059),
(38, 1060),
(38, 1061),
(38, 1062),
(38, 1063),
(38, 1064),
(38, 1065),
(38, 1066),
(38, 1067),
(38, 1068),
(38, 1069),
(38, 1070),
(38, 1071),
(38, 1072),
(38, 1073),
(38, 1074),
(38, 1075),
(38, 1076),
(38, 1077),
(38, 1078),
(38, 1079),
(38, 1080),
(38, 1081),
(38, 1385),
(38, 1404),
(38, 1405),
(38, 1409),
(38, 1410),
(38, 2049),
(38, 2050),
(38, 2051),
(38, 2052),
(38, 2053),
(38, 2054),
(38, 2055),
(38, 2056),
(38, 2057),
(38, 2058),
(38, 2059),
(38, 2060),
(38, 2061),
(38, 2062),
(38, 2063),
(38, 2064),
(38, 2065),
(38, 2066),
(38, 2067),
(38, 2068),
(38, 2069),
(38, 2070),
(38, 2071),
(38, 2072),
(38, 2073),
(38, 2074),
(38, 2075),
(38, 2076),
(38, 2077),
(38, 2078),
(38, 2079),
(38, 2080),
(38, 2081),
(38, 2082),
(38, 2083),
(38, 2084),
(38, 2085),
(38, 2086),
(38, 2087),
(38, 2088),
(38, 2089),
(38, 2090),
(38, 2091),
(38, 2092),
(38, 2093),
(38, 2094),
(38, 2095),
(38, 2096),
(38, 2097),
(38, 2098),
(38, 2099),
(38, 2100),
(38, 2101),
(38, 2102),
(38, 2103),
(38, 2104),
(38, 2105),
(38, 2106),
(38, 2107),
(38, 2108),
(38, 2109),
(38, 2110),
(38, 2111),
(38, 2112),
(38, 2113),
(38, 2114),
(38, 2115),
(38, 2116),
(38, 2117),
(38, 2118),
(38, 2119),
(38, 2120),
(38, 2121),
(38, 2122),
(38, 2123),
(38, 2124),
(38, 2125),
(38, 2126),
(38, 2127),
(38, 2128),
(57, 2047),
(57, 2048),
(57, 3875),
(60, 1061),
(60, 1062),
(60, 1063),
(60, 1064),
(60, 1065),
(60, 1066),
(60, 1067),
(60, 1069),
(60, 1071),
(60, 1073),
(60, 1074),
(60, 1077),
(60, 1079),
(60, 1081),
(60, 1409),
(107, 2984),
(107, 2985),
(107, 2986),
(107, 2987),
(107, 2988),
(107, 2989),
(107, 2990),
(107, 2991),
(1008, 3978),
(1008, 3979),
(1009, 3980),
(1009, 3981),
(1010, 3982),
(1010, 3983),
(1011, 3984),
(1011, 3985);

-- --------------------------------------------------------

--
-- Структура таблицы `auction`
--

CREATE TABLE IF NOT EXISTS `auction` (
  `id` int(10) unsigned NOT NULL AUTO_INCREMENT,
  `code` varchar(100) NOT NULL,
  `name` varchar(1000) NOT NULL,
  `date` datetime NOT NULL,
  `state` tinyint(4) NOT NULL DEFAULT '0',
  `image` varchar(255) NOT NULL,
  `price` int(11) NOT NULL,
  `current_price` int(11) NOT NULL,
  `archive` tinyint(1) DEFAULT '0',
  PRIMARY KEY (`id`)
) ENGINE=InnoDB DEFAULT CHARSET=utf8 AUTO_INCREMENT=1 ;

-- --------------------------------------------------------

--
-- Структура таблицы `cache`
--

CREATE TABLE IF NOT EXISTS `cache` (
  `image_id` int(10) unsigned NOT NULL,
  `size` smallint(6) NOT NULL,
  `hash` varchar(20) NOT NULL,
  PRIMARY KEY (`image_id`,`size`)
) ENGINE=InnoDB DEFAULT CHARSET=latin1;

-- --------------------------------------------------------

--
-- Структура таблицы `cap`
--

CREATE TABLE IF NOT EXISTS `cap` (
  `id` smallint(5) unsigned NOT NULL AUTO_INCREMENT,
  `sort` smallint(6) NOT NULL,
  `name` varchar(50) NOT NULL,
  PRIMARY KEY (`id`)
) ENGINE=InnoDB DEFAULT CHARSET=utf8 AUTO_INCREMENT=1 ;

-- --------------------------------------------------------

--
-- Структура таблицы `category`
--

CREATE TABLE IF NOT EXISTS `category` (
  `id` int(10) unsigned NOT NULL AUTO_INCREMENT,
  `name` varchar(255) NOT NULL,
  `sort` int(11) NOT NULL,
  `code` varchar(20) NOT NULL,
  PRIMARY KEY (`id`)
) ENGINE=MyISAM  DEFAULT CHARSET=utf8 AUTO_INCREMENT=10 ;

--
-- Дамп данных таблицы `category`
--

INSERT INTO `category` (`id`, `name`, `sort`, `code`) VALUES
(1, 'Авито', 100, 'AVITO'),
(2, 'Дром', 200, 'DROM'),
(3, 'Магазин', 300, 'SHOP'),
(4, 'Фотодоска', 400, 'PHOTODOSKA'),
(5, 'Остальное', 500, 'OTHER'),
(7, 'Отсмотрщик Yahoo', 700, 'YAHOO'),
(8, 'Служебное', 700, 'SERVICE'),
(9, 'Вконтакте', 200, 'VK');

-- --------------------------------------------------------

--
-- Структура таблицы `cron`
--

CREATE TABLE IF NOT EXISTS `cron` (
  `id` int(11) unsigned NOT NULL AUTO_INCREMENT,
  `link` varchar(1000) NOT NULL,
  `start` timestamp NULL DEFAULT NULL ON UPDATE CURRENT_TIMESTAMP,
  `state_id` tinyint(11) unsigned NOT NULL,
  `error` varchar(100) DEFAULT NULL,
  PRIMARY KEY (`id`)
) ENGINE=MyISAM DEFAULT CHARSET=utf8 AUTO_INCREMENT=1 ;

-- --------------------------------------------------------

--
-- Структура таблицы `cron_state`
--

CREATE TABLE IF NOT EXISTS `cron_state` (
  `id` tinyint(4) NOT NULL AUTO_INCREMENT,
  `name` varchar(50) NOT NULL,
  `code` varchar(20) NOT NULL,
  PRIMARY KEY (`id`)
) ENGINE=MyISAM  DEFAULT CHARSET=utf8 AUTO_INCREMENT=4 ;

--
-- Дамп данных таблицы `cron_state`
--

INSERT INTO `cron_state` (`id`, `name`, `code`) VALUES
(1, 'В очереди', 'waiting'),
(2, 'Выполняется', 'processing'),
(3, 'Ошибка выполнения', 'error');

-- --------------------------------------------------------

--
-- Структура таблицы `customer`
--

CREATE TABLE IF NOT EXISTS `customer` (
  `id` int(10) unsigned NOT NULL AUTO_INCREMENT,
  `name` varchar(255) DEFAULT NULL,
  `phone` varchar(25) NOT NULL,
  `city` varchar(100) DEFAULT NULL,
  `comment` text,
  `referer_id` int(11) DEFAULT NULL,
  PRIMARY KEY (`id`)
) ENGINE=MyISAM DEFAULT CHARSET=utf8 AUTO_INCREMENT=1 ;

-- --------------------------------------------------------

--
-- Структура таблицы `data_cube`
--

CREATE TABLE IF NOT EXISTS `data_cube` (
  `id` int(10) unsigned NOT NULL AUTO_INCREMENT,
  `name` varchar(255) NOT NULL,
  `attribute_id_1` int(10) unsigned NOT NULL,
  `attribute_id_2` int(10) unsigned NOT NULL,
  `attribute_id_3` int(10) unsigned NOT NULL,
  `rule_code` varchar(255) NOT NULL,
  PRIMARY KEY (`id`)
) ENGINE=InnoDB DEFAULT CHARSET=utf8 AUTO_INCREMENT=1 ;

-- --------------------------------------------------------

--
-- Структура таблицы `data_cube_variant`
--

CREATE TABLE IF NOT EXISTS `data_cube_variant` (
  `cube_id` int(10) unsigned NOT NULL,
  `attribute_1` int(10) unsigned NOT NULL,
  `attribute_2` int(10) unsigned NOT NULL,
  `attribute_3` int(10) unsigned NOT NULL,
  `value` text NOT NULL,
  PRIMARY KEY (`cube_id`,`attribute_1`,`attribute_2`,`attribute_3`)
) ENGINE=InnoDB DEFAULT CHARSET=utf8;

-- --------------------------------------------------------

--
-- Структура таблицы `data_dictionary`
--

CREATE TABLE IF NOT EXISTS `data_dictionary` (
  `id` int(10) unsigned NOT NULL AUTO_INCREMENT,
  `name` varchar(255) NOT NULL,
  `attribute_id_1` int(10) unsigned NOT NULL,
  `rule_code` varchar(255) NOT NULL,
  PRIMARY KEY (`id`)
) ENGINE=InnoDB DEFAULT CHARSET=utf8 AUTO_INCREMENT=1 ;

-- --------------------------------------------------------

--
-- Структура таблицы `data_dictionary_variant`
--

CREATE TABLE IF NOT EXISTS `data_dictionary_variant` (
  `dictionary_id` int(10) unsigned NOT NULL,
  `attribute_1` int(10) unsigned NOT NULL,
  `value` text NOT NULL,
  PRIMARY KEY (`dictionary_id`,`attribute_1`)
) ENGINE=InnoDB DEFAULT CHARSET=utf8;

-- --------------------------------------------------------

--
-- Структура таблицы `data_table`
--

CREATE TABLE IF NOT EXISTS `data_table` (
  `id` int(10) unsigned NOT NULL AUTO_INCREMENT,
  `name` varchar(255) NOT NULL,
  `attribute_id_1` int(10) unsigned NOT NULL,
  `attribute_id_2` int(10) unsigned NOT NULL,
  `rule_code` varchar(255) NOT NULL,
  PRIMARY KEY (`id`)
) ENGINE=InnoDB DEFAULT CHARSET=utf8 AUTO_INCREMENT=1 ;

-- --------------------------------------------------------

--
-- Структура таблицы `data_table_variant`
--

CREATE TABLE IF NOT EXISTS `data_table_variant` (
  `table_id` int(11) NOT NULL,
  `attribute_1` int(11) NOT NULL,
  `attribute_2` int(11) NOT NULL,
  `value` text NOT NULL,
  PRIMARY KEY (`table_id`,`attribute_1`,`attribute_2`)
) ENGINE=InnoDB DEFAULT CHARSET=utf8;

-- --------------------------------------------------------

--
-- Структура таблицы `data_vars`
--

CREATE TABLE IF NOT EXISTS `data_vars` (
  `name` varchar(50) NOT NULL,
  `value` text NOT NULL,
  PRIMARY KEY (`name`)
) ENGINE=InnoDB DEFAULT CHARSET=utf8;

-- --------------------------------------------------------

--
-- Структура таблицы `desktop`
--

CREATE TABLE IF NOT EXISTS `desktop` (
  `id` int(10) unsigned NOT NULL AUTO_INCREMENT,
  `name` varchar(255) NOT NULL,
  `parent_id` int(10) unsigned DEFAULT '1',
  PRIMARY KEY (`id`)
) ENGINE=InnoDB  DEFAULT CHARSET=utf8 AUTO_INCREMENT=51 ;

--
-- Дамп данных таблицы `desktop`
--

INSERT INTO `desktop` (`id`, `name`, `parent_id`) VALUES
(1, 'Рабочий стол', 0),
(46, 'Учет', 1),
(47, 'Служебное', 1);

-- --------------------------------------------------------

--
-- Структура таблицы `desktop_table`
--

CREATE TABLE IF NOT EXISTS `desktop_table` (
  `id` int(10) unsigned NOT NULL AUTO_INCREMENT,
  `name` varchar(100) NOT NULL,
  `folder_id` int(10) unsigned NOT NULL,
  PRIMARY KEY (`id`)
) ENGINE=InnoDB  DEFAULT CHARSET=utf8 AUTO_INCREMENT=39 ;

--
-- Дамп данных таблицы `desktop_table`
--

INSERT INTO `desktop_table` (`id`, `name`, `folder_id`) VALUES
(12, 'Логины дром', 47),
(13, 'Логины авито', 47),
(30, 'Синтаксис для создания интерпретаторов', 47);

-- --------------------------------------------------------

--
-- Структура таблицы `desktop_table_cell`
--

CREATE TABLE IF NOT EXISTS `desktop_table_cell` (
  `row_id` int(11) NOT NULL,
  `col_id` int(11) NOT NULL,
  `int_value` int(11) DEFAULT NULL,
  `varchar_value` varchar(255) DEFAULT NULL,
  `text_value` text,
  `time_value` timestamp NULL DEFAULT NULL ON UPDATE CURRENT_TIMESTAMP,
  `variant_id` int(10) unsigned DEFAULT NULL,
  PRIMARY KEY (`row_id`,`col_id`)
) ENGINE=InnoDB DEFAULT CHARSET=utf8;

--
-- Дамп данных таблицы `desktop_table_cell`
--

INSERT INTO `desktop_table_cell` (`row_id`, `col_id`, `int_value`, `varchar_value`, `text_value`, `time_value`, `variant_id`) VALUES
(5, 4, 123, NULL, NULL, NULL, NULL),
(5, 8, NULL, NULL, 'asdasd', NULL, NULL),
(5, 9, NULL, '123', NULL, NULL, NULL),
(6, 4, 123123, NULL, NULL, NULL, NULL),
(6, 8, NULL, NULL, 'фыв в фыв фыв фыв фы в', NULL, NULL),
(6, 9, NULL, '123', NULL, NULL, NULL),
(7, 4, 1111, NULL, NULL, NULL, NULL),
(7, 8, NULL, NULL, '11111', NULL, NULL),
(7, 9, NULL, '11111', NULL, NULL, NULL),
(8, 4, 123, NULL, NULL, NULL, NULL),
(8, 8, NULL, NULL, 'Новая запись', NULL, NULL),
(8, 9, NULL, 'фывфыв', NULL, NULL, NULL),
(9, 10, NULL, 'asd', NULL, NULL, NULL),
(9, 11, NULL, '+7 (123) 123-12-31', NULL, NULL, NULL),
(11, 10, NULL, 'фывфыв', NULL, NULL, NULL),
(202, 102, NULL, NULL, '[++] - оборачиваются интерпретаторы и справочники.\r\n	[+INTER=1+] - возвращает значение интерпретатора под номером "1"\r\n	[+LIST=1+] возвращает значение списка под номером "1"\r\n	[+VAR=fist+] возвращает значение переменной под названием "first"\r\n	[+TABLE=1+] возвращает значение таблицы под номером "1"\r\n	[+CUBE=1+] возвращает значение тремерного массива под номером "1"\r\n\r\n{}  слова для выбора рандомом\r\n	{1|2|3} - возвращает случайно выбранный элемент из перечисленных\r\n[##] элементы для перестановок	\r\n	[#[+LIST=1+]#] [#[+INTER=1+]#] - возвращает случайную перестановку из элементов [+LIST=1+] и [+INTER=1+]\r\n\r\nИспользование условий:\r\n`("[+INTER=1+]"=="4")?("Верно"):("Ошибка")`\r\nЕсли [+INTER=1+] равен "4" то "Верно" иначе "Ошибка".\r\nУсловие обязательно оборачивать в "Апостроф" на русской раскладке клавиатуры это кнопка с буквой "ё".\r\n\r\n\r\nITEM - используется для выбора элемента из массива типа "a;b;c;" \r\n	[+LIST=1;ITEM=2+] - результат "b"\r\n\r\nLAST - выбирает последний элемент из массива a;b;c;. \r\n	[+LIST=1;ITEM=LAST+] - результат "c"\r\n\r\nRAND - выбирает случайный элемент из массива a;b;c;. \r\n	[+LIST=1;ITEM=RAND+] - результат случайное из "a" "b" или "c", \r\n	на данный момент реализовано более удобным способом {a|b|c}\r\n\r\nSEP - заменяет разделитель множественного атрибута \r\n	[ATTR=5*114/4*114;SEP=-] - результат 5*114-4*114, \r\n\r\nALT - [+ATTR=5;ALT=+]\r\n\r\nREPLACE - [+ATTR=5;REPLACE={*=x};SEP=-+] - 5x114-4x114\r\n\r\n`(count(explode("/","[+ATTR=31+]"))==2)?("([+ATTR=31;SEP=|;ITEM=2+])"):("")` - вывод одного элемента из множественного атрибута\r\n[+LIST=3;ITEM=ITER+] - (для уникальных интерпретаторов) берет первый элемент массива, если не уникальное, то берет второй и т. д.\r\n\r\n[#{9|8|7|6}#] [#[+ATTR=3+]#] [#{asda|asadas|asdasd|asdasd}#]\r\n\r\nPHP функции\r\nround(6.3,0)//  =6 округление\r\nfloor(3.99) // 3 округление в меньшую сторону\r\nceil(3.001)// 4 в большую сторону\r\n\r\n* -учитываются все пробелы', NULL, NULL),
(277, 49, NULL, 'kraskems@yandex.ru', NULL, NULL, NULL),
(277, 50, NULL, 'zxuviyasi1', NULL, NULL, NULL),
(277, 51, NULL, '89617135198', NULL, NULL, NULL),
(277, 52, NULL, 'Все красно', NULL, NULL, NULL),
(277, 56, 1065, NULL, NULL, NULL, NULL),
(277, 85, NULL, 'Кемерово', NULL, NULL, NULL),
(277, 107, NULL, '10:00', NULL, NULL, NULL),
(277, 108, NULL, '18:00', NULL, NULL, NULL),
(277, 109, 20, NULL, NULL, NULL, NULL),
(277, 133, 4, NULL, NULL, NULL, NULL),
(277, 134, 1078678, NULL, NULL, NULL, NULL);

-- --------------------------------------------------------

--
-- Структура таблицы `desktop_table_col`
--

CREATE TABLE IF NOT EXISTS `desktop_table_col` (
  `id` int(10) unsigned NOT NULL AUTO_INCREMENT,
  `name` varchar(100) NOT NULL,
  `table_id` int(10) unsigned NOT NULL,
  `type_id` tinyint(3) unsigned NOT NULL,
  `list` tinyint(1) DEFAULT '0',
  `required` tinyint(1) DEFAULT '0',
  `width` int(11) DEFAULT '0',
  PRIMARY KEY (`id`)
) ENGINE=InnoDB  DEFAULT CHARSET=utf8 AUTO_INCREMENT=135 ;

--
-- Дамп данных таблицы `desktop_table_col`
--

INSERT INTO `desktop_table_col` (`id`, `name`, `table_id`, `type_id`, `list`, `required`, `width`) VALUES
(1, '123', 5, 1, 0, 0, 0),
(4, 'Новое поле', 6, 1, 0, 0, 0),
(8, 'Текст', 6, 5, 0, 0, 0),
(9, 'Ололо', 6, 2, 0, 0, 0),
(46, 'Логин', 12, 2, 0, 0, 0),
(47, 'Пароль', 12, 2, 0, 0, 0),
(48, 'Телефон', 12, 2, 0, 0, 0),
(49, 'Логин', 13, 2, 0, 0, 0),
(50, 'Пароль', 13, 2, 0, 0, 0),
(51, 'Телефон', 13, 2, 0, 0, 0),
(52, 'Имя', 13, 2, 0, 0, 0),
(53, 'Proxy', 13, 2, 0, 0, 0),
(56, 'ID города', 13, 1, 0, 0, 0),
(85, 'Город', 13, 2, 0, 0, 0),
(102, 'Описание', 30, 5, 0, 0, 0),
(107, 'Начало рабочего дня (00:00)', 13, 2, 0, 0, 0),
(108, 'Конец рабочего дня (00:00)', 13, 2, 0, 0, 0),
(109, 'Интервал выкладки (мин.)', 13, 1, 0, 0, 0),
(114, 'IP', 12, 2, 0, 0, 0),
(115, 'Город', 12, 2, 0, 0, 0),
(116, 'Начало рабочего дня (00:00)', 12, 2, 0, 0, 0),
(117, 'Конец рабочего дня (00:00)', 12, 2, 0, 0, 0),
(118, 'Интервал выкладки (мин.)', 12, 2, 0, 0, 0),
(121, 'Выложено за сутки', 12, 1, 0, 0, 0),
(122, 'Набор фоток', 12, 1, 0, 0, 0),
(133, 'Емкость фото', 13, 1, 0, 0, 0),
(134, 'ID платного пакета', 13, 1, 0, 0, 0);

-- --------------------------------------------------------

--
-- Структура таблицы `desktop_table_col_type`
--

CREATE TABLE IF NOT EXISTS `desktop_table_col_type` (
  `id` tinyint(3) unsigned NOT NULL AUTO_INCREMENT,
  `name` varchar(100) NOT NULL,
  `code` varchar(10) NOT NULL,
  `class` varchar(100) NOT NULL,
  PRIMARY KEY (`id`)
) ENGINE=InnoDB  DEFAULT CHARSET=utf8 AUTO_INCREMENT=9 ;

--
-- Дамп данных таблицы `desktop_table_col_type`
--

INSERT INTO `desktop_table_col_type` (`id`, `name`, `code`, `class`) VALUES
(1, 'Число', 'int', ''),
(2, 'Строка', 'varchar', ''),
(3, 'Дата', 'time', ''),
(4, 'Дата и время', 'time', ''),
(5, 'Текст', 'text', ''),
(6, 'Телефон', 'varchar', 'phone'),
(7, 'E-mail', 'varchar', 'email'),
(8, 'URL', 'varchar', 'url');

-- --------------------------------------------------------

--
-- Структура таблицы `desktop_table_col_variant`
--

CREATE TABLE IF NOT EXISTS `desktop_table_col_variant` (
  `id` int(11) NOT NULL AUTO_INCREMENT,
  `col_id` int(11) NOT NULL,
  `int_value` int(11) NOT NULL,
  `varchar_value` varchar(255) NOT NULL,
  PRIMARY KEY (`id`)
) ENGINE=InnoDB DEFAULT CHARSET=utf8 AUTO_INCREMENT=1 ;

-- --------------------------------------------------------

--
-- Структура таблицы `desktop_table_row`
--

CREATE TABLE IF NOT EXISTS `desktop_table_row` (
  `id` int(10) unsigned NOT NULL AUTO_INCREMENT,
  `table_id` int(10) unsigned NOT NULL,
  PRIMARY KEY (`id`)
) ENGINE=InnoDB  DEFAULT CHARSET=utf8 AUTO_INCREMENT=278 ;

--
-- Дамп данных таблицы `desktop_table_row`
--

INSERT INTO `desktop_table_row` (`id`, `table_id`) VALUES
(5, 6),
(6, 6),
(7, 6),
(8, 6),
(202, 30),
(277, 13);

-- --------------------------------------------------------

--
-- Структура таблицы `drom_user`
--

CREATE TABLE IF NOT EXISTS `drom_user` (
  `id` int(11) NOT NULL,
  `name` varchar(255) NOT NULL,
  `count` mediumint(9) NOT NULL,
  `city` varchar(50) DEFAULT NULL,
  `rating` int(11) NOT NULL,
  PRIMARY KEY (`id`)
) ENGINE=MyISAM DEFAULT CHARSET=utf8;

-- --------------------------------------------------------

--
-- Структура таблицы `export`
--

CREATE TABLE IF NOT EXISTS `export` (
  `id` int(10) unsigned NOT NULL AUTO_INCREMENT,
  `name` varchar(255) NOT NULL,
  `good_type_id` int(10) unsigned NOT NULL,
  PRIMARY KEY (`id`)
) ENGINE=InnoDB  DEFAULT CHARSET=utf8 AUTO_INCREMENT=2 ;

--
-- Дамп данных таблицы `export`
--

INSERT INTO `export` (`id`, `name`, `good_type_id`) VALUES
(1, 'Шаблон импорта', 101);

-- --------------------------------------------------------

--
-- Структура таблицы `export_attribute`
--

CREATE TABLE IF NOT EXISTS `export_attribute` (
  `export_id` int(10) unsigned NOT NULL,
  `attribute_id` int(10) unsigned NOT NULL DEFAULT '0',
  `sort` int(10) unsigned NOT NULL,
  PRIMARY KEY (`export_id`,`attribute_id`)
) ENGINE=InnoDB DEFAULT CHARSET=utf8;

--
-- Дамп данных таблицы `export_attribute`
--

INSERT INTO `export_attribute` (`export_id`, `attribute_id`, `sort`) VALUES
(1, 3, 10),
(1, 20, 50),
(1, 27, 20),
(1, 35, 150),
(1, 1001, 40),
(1, 1002, 30),
(1, 1003, 60),
(1, 1004, 70),
(1, 1005, 80),
(1, 1006, 90),
(1, 1007, 100),
(1, 1008, 110),
(1, 1009, 120),
(1, 1010, 130),
(1, 1011, 140),
(1, 1012, 160);

-- --------------------------------------------------------

--
-- Структура таблицы `export_interpreter`
--

CREATE TABLE IF NOT EXISTS `export_interpreter` (
  `export_id` int(10) unsigned NOT NULL,
  `interpreter_id` int(10) unsigned NOT NULL,
  `sort` int(11) NOT NULL,
  PRIMARY KEY (`export_id`,`interpreter_id`)
) ENGINE=InnoDB DEFAULT CHARSET=utf8;

-- --------------------------------------------------------

--
-- Структура таблицы `good`
--

CREATE TABLE IF NOT EXISTS `good` (
  `id` int(10) unsigned NOT NULL AUTO_INCREMENT,
  `date` timestamp NULL DEFAULT NULL,
  `good_type_id` int(10) unsigned NOT NULL,
  `archive` tinyint(1) DEFAULT '0',
  `code` varchar(100) DEFAULT NULL,
  PRIMARY KEY (`id`)
) ENGINE=InnoDB DEFAULT CHARSET=utf8 AUTO_INCREMENT=1 ;

-- --------------------------------------------------------

--
-- Структура таблицы `good_attribute`
--

CREATE TABLE IF NOT EXISTS `good_attribute` (
  `id` int(11) unsigned NOT NULL AUTO_INCREMENT,
  `good_id` int(10) unsigned NOT NULL,
  `attribute_id` int(10) unsigned NOT NULL,
  `int_value` int(11) DEFAULT NULL,
  `varchar_value` varchar(255) DEFAULT NULL,
  `text_value` text,
  `float_value` float DEFAULT NULL,
  `variant_id` int(10) unsigned DEFAULT NULL,
  PRIMARY KEY (`id`),
  KEY `good_id` (`good_id`),
  KEY `id` (`id`,`good_id`),
  KEY `good_id_2` (`good_id`,`attribute_id`)
) ENGINE=InnoDB DEFAULT CHARSET=utf8 AUTO_INCREMENT=1 ;

-- --------------------------------------------------------

--
-- Структура таблицы `good_type`
--

CREATE TABLE IF NOT EXISTS `good_type` (
  `id` int(11) NOT NULL AUTO_INCREMENT,
  `name` varchar(255) NOT NULL,
  `code` varchar(50) NOT NULL,
  PRIMARY KEY (`id`)
) ENGINE=InnoDB  DEFAULT CHARSET=utf8 AUTO_INCREMENT=102 ;

--
-- Дамп данных таблицы `good_type`
--

INSERT INTO `good_type` (`id`, `name`, `code`) VALUES
(101, 'Запчасти', 'part');

-- --------------------------------------------------------

--
-- Структура таблицы `good_type_attribute`
--

CREATE TABLE IF NOT EXISTS `good_type_attribute` (
  `good_type_id` int(10) unsigned NOT NULL,
  `attribute_id` int(10) unsigned NOT NULL,
  `sort` smallint(5) unsigned NOT NULL,
  PRIMARY KEY (`good_type_id`,`attribute_id`)
) ENGINE=InnoDB DEFAULT CHARSET=utf8;

--
-- Дамп данных таблицы `good_type_attribute`
--

INSERT INTO `good_type_attribute` (`good_type_id`, `attribute_id`, `sort`) VALUES
(101, 3, 10),
(101, 20, 50),
(101, 27, 20),
(101, 35, 150),
(101, 60, 170),
(101, 1001, 40),
(101, 1002, 30),
(101, 1003, 60),
(101, 1004, 70),
(101, 1005, 80),
(101, 1006, 90),
(101, 1007, 100),
(101, 1008, 110),
(101, 1009, 120),
(101, 1010, 130),
(101, 1011, 140),
(101, 1012, 160);

-- --------------------------------------------------------

--
-- Структура таблицы `image`
--

CREATE TABLE IF NOT EXISTS `image` (
  `id` int(10) unsigned NOT NULL AUTO_INCREMENT,
  `good_id` int(10) unsigned NOT NULL,
  `site` tinyint(1) NOT NULL DEFAULT '0',
  `sort` smallint(5) unsigned NOT NULL,
  `ext` varchar(5) NOT NULL,
  PRIMARY KEY (`id`)
) ENGINE=InnoDB DEFAULT CHARSET=utf8 AUTO_INCREMENT=1 ;

-- --------------------------------------------------------

--
-- Структура таблицы `image_cap`
--

CREATE TABLE IF NOT EXISTS `image_cap` (
  `image_id` int(10) unsigned NOT NULL,
  `cap_id` smallint(5) unsigned NOT NULL,
  `sort` smallint(5) unsigned NOT NULL,
  PRIMARY KEY (`image_id`,`cap_id`)
) ENGINE=InnoDB DEFAULT CHARSET=utf8;

-- --------------------------------------------------------

--
-- Структура таблицы `interpreter`
--

CREATE TABLE IF NOT EXISTS `interpreter` (
  `id` int(10) unsigned NOT NULL AUTO_INCREMENT,
  `name` varchar(255) NOT NULL,
  `template` varchar(3000) NOT NULL,
  `good_type_id` int(10) unsigned NOT NULL,
  `rule_code` varchar(255) NOT NULL,
  `width` int(11) NOT NULL DEFAULT '0',
  `category_id` int(11) NOT NULL,
  `service` tinyint(1) NOT NULL DEFAULT '0',
  `unique` tinyint(1) NOT NULL DEFAULT '0',
  PRIMARY KEY (`id`)
) ENGINE=InnoDB DEFAULT CHARSET=utf8 AUTO_INCREMENT=1 ;

-- --------------------------------------------------------

--
-- Структура таблицы `lead`
--

CREATE TABLE IF NOT EXISTS `lead` (
  `id` int(10) unsigned NOT NULL AUTO_INCREMENT,
  `name` varchar(255) DEFAULT NULL,
  `first_phone` varchar(25) NOT NULL,
  `city` varchar(100) DEFAULT NULL,
  `date` timestamp NULL DEFAULT NULL,
  `first_city` varchar(50) DEFAULT NULL,
  `second_city` varchar(50) DEFAULT NULL,
  `second_phone` varchar(25) DEFAULT NULL,
  `tk_id` int(11) DEFAULT NULL,
  `tk_pay_id` int(11) DEFAULT NULL,
  `tk_price` int(11) DEFAULT NULL,
  `order_number` varchar(25) DEFAULT NULL,
  `price` int(11) DEFAULT NULL,
  `referrer_id` int(11) DEFAULT NULL,
  `photo` varchar(255) DEFAULT NULL,
  `state_id` int(11) NOT NULL,
  PRIMARY KEY (`id`)
) ENGINE=MyISAM DEFAULT CHARSET=utf8 AUTO_INCREMENT=1 ;

-- --------------------------------------------------------

--
-- Структура таблицы `model_names`
--

CREATE TABLE IF NOT EXISTS `model_names` (
  `id` smallint(5) unsigned NOT NULL AUTO_INCREMENT,
  `code` varchar(128) NOT NULL,
  `name` varchar(128) NOT NULL,
  `vin_name` varchar(128) NOT NULL,
  `rod_name` varchar(128) NOT NULL,
  `admin_menu` tinyint(1) NOT NULL DEFAULT '0',
  `sort` smallint(6) DEFAULT '9999',
  `rule_code` varchar(255) DEFAULT NULL,
  PRIMARY KEY (`id`)
) ENGINE=InnoDB  DEFAULT CHARSET=utf8 AUTO_INCREMENT=20 ;

--
-- Дамп данных таблицы `model_names`
--

INSERT INTO `model_names` (`id`, `code`, `name`, `vin_name`, `rod_name`, `admin_menu`, `sort`, `rule_code`) VALUES
(1, 'goodType', 'Типы товаров', 'Тип товара', 'Типа товара', 1, 100, 'managerActions'),
(2, 'attribute', 'Атрибуты', 'Атрибут', 'Атрибута', 1, 200, 'managerActions'),
(3, 'import', 'Импорт', 'Импорт', 'Импорта', 1, 400, 'managerActions'),
(4, 'interpreter', 'Интерпретаторы', 'Интерпретатор', 'Интерпретатора', 1, 300, 'managerActions'),
(5, 'export', 'Экспорт', 'Экспорт', 'Экспорта', 1, 500, 'managerActions'),
(6, 'data', 'Справочники', 'Элемент', 'Элемента', 1, 450, 'managerActions'),
(7, 'user', 'Пользователи', 'Пользователя', 'Пользователя', 1, 600, 'rootActions'),
(8, 'link', 'Фотографии', 'Фотографии', 'Фотографий', 0, 460, 'managerActions'),
(9, 'auction', 'Аукцион', 'Аукцион', 'Аукциона', 1, 550, 'rootActions'),
(10, 'settings', 'Настройки', 'Параметр', 'Параметра', 1, 580, 'managerActions'),
(11, 'desktop', 'Рабочий стол', 'Параметр', 'Параметра', 1, 5, 'managerActions'),
(12, 'yahoo', 'Yahoo', 'Yahoo', 'Yahoo', 0, 560, 'rootActions'),
(13, 'compare', 'Сравнение строк', 'Сравнение строк', 'Сравнение строк', 0, 650, 'managerActions'),
(14, 'place', 'Площадки', 'Площадку', 'Площадки', 1, 700, 'rootActions'),
(15, 'queue', 'Очередь выкладки', 'Очередь', 'Очередь', 1, 750, 'managerActions'),
(16, 'advert', 'Объявления', 'Объявления', 'Объявления', 1, 800, 'managerActions'),
(17, 'dromUserParse', 'Парсинг партнеров', 'Парсинг партнеров', 'Парсинг партнеров', 0, 850, 'managerActions'),
(18, 'dromUser', 'Пользователи дрома', 'Пользователя', 'Пользователя', 0, 900, 'rootActions'),
(19, 'task', 'Задачи', 'Задачу', 'Задачи', 0, 1, 'managerActions');

-- --------------------------------------------------------

--
-- Структура таблицы `photodoska`
--

CREATE TABLE IF NOT EXISTS `photodoska` (
  `id` int(10) unsigned NOT NULL AUTO_INCREMENT,
  `good_type_id` int(10) unsigned NOT NULL,
  `title` varchar(255) NOT NULL,
  `text` text NOT NULL,
  `price` varchar(10) NOT NULL,
  `image` varchar(255) NOT NULL,
  `start_time` timestamp NOT NULL DEFAULT CURRENT_TIMESTAMP ON UPDATE CURRENT_TIMESTAMP,
  PRIMARY KEY (`id`)
) ENGINE=InnoDB DEFAULT CHARSET=utf8 AUTO_INCREMENT=1 ;

-- --------------------------------------------------------

--
-- Структура таблицы `place`
--

CREATE TABLE IF NOT EXISTS `place` (
  `id` int(10) unsigned NOT NULL AUTO_INCREMENT,
  `category_id` int(10) unsigned NOT NULL,
  `good_type_id` int(10) unsigned NOT NULL,
  PRIMARY KEY (`id`)
) ENGINE=InnoDB DEFAULT CHARSET=utf8 AUTO_INCREMENT=1 ;

-- --------------------------------------------------------

--
-- Структура таблицы `place_chat`
--

CREATE TABLE IF NOT EXISTS `place_chat` (
  `id` varchar(255) NOT NULL,
  `place_id` tinyint(3) unsigned NOT NULL,
  `user` varchar(255) NOT NULL,
  `item_id` int(10) unsigned NOT NULL,
  PRIMARY KEY (`id`)
) ENGINE=MyISAM DEFAULT CHARSET=utf8;

-- --------------------------------------------------------

--
-- Структура таблицы `place_interpreter`
--

CREATE TABLE IF NOT EXISTS `place_interpreter` (
  `place_id` int(10) unsigned NOT NULL,
  `interpreter_id` int(10) unsigned NOT NULL,
  `code` varchar(255) NOT NULL,
  PRIMARY KEY (`place_id`,`interpreter_id`)
) ENGINE=InnoDB DEFAULT CHARSET=utf8;

-- --------------------------------------------------------

--
-- Структура таблицы `place_message`
--

CREATE TABLE IF NOT EXISTS `place_message` (
  `date` varchar(25) NOT NULL,
  `mine` tinyint(1) DEFAULT '0',
  `value` varchar(2000) NOT NULL,
  `read` tinyint(1) DEFAULT '0'
) ENGINE=MyISAM DEFAULT CHARSET=utf8;

-- --------------------------------------------------------

--
-- Структура таблицы `queue`
--

CREATE TABLE IF NOT EXISTS `queue` (
  `id` int(10) unsigned NOT NULL AUTO_INCREMENT,
  `advert_id` int(10) unsigned NOT NULL,
  `action_id` int(10) unsigned NOT NULL,
  `state_id` tinyint(3) unsigned NOT NULL DEFAULT '1',
  `start` timestamp NULL DEFAULT NULL,
  PRIMARY KEY (`id`)
) ENGINE=InnoDB DEFAULT CHARSET=utf8 AUTO_INCREMENT=1 ;

-- --------------------------------------------------------

--
-- Структура таблицы `queue_state`
--

CREATE TABLE IF NOT EXISTS `queue_state` (
  `id` tinyint(3) unsigned NOT NULL AUTO_INCREMENT,
  `name` varchar(50) NOT NULL,
  `code` varchar(50) NOT NULL,
  PRIMARY KEY (`id`)
) ENGINE=InnoDB  DEFAULT CHARSET=utf8 AUTO_INCREMENT=11 ;

--
-- Дамп данных таблицы `queue_state`
--

INSERT INTO `queue_state` (`id`, `name`, `code`) VALUES
(1, 'В очереди', 'waiting'),
(2, 'Выполняется', 'processing'),
(3, 'Ошибка выполнения', 'error'),
(4, 'Отложено', 'freeze'),
(5, 'Не уникальный заголовок', 'titleNotUnique'),
(6, 'Не уникальный текст', 'textNotUnique'),
(7, 'Нет доступного партнерского товара', 'partner'),
(8, 'Отсутствуют изображения', 'noImages'),
(9, 'Превышен лимит', 'limit'),
(10, 'Не указан прокси', 'notProxy');

-- --------------------------------------------------------

--
-- Структура таблицы `role`
--

CREATE TABLE IF NOT EXISTS `role` (
  `id` int(10) unsigned NOT NULL AUTO_INCREMENT,
  `code` varchar(20) NOT NULL,
  `name` varchar(50) NOT NULL,
  PRIMARY KEY (`id`)
) ENGINE=InnoDB DEFAULT CHARSET=utf8 AUTO_INCREMENT=1 ;

-- --------------------------------------------------------

--
-- Структура таблицы `rule`
--

CREATE TABLE IF NOT EXISTS `rule` (
  `name` varchar(255) NOT NULL,
  `code` varchar(255) NOT NULL,
  PRIMARY KEY (`code`)
) ENGINE=InnoDB DEFAULT CHARSET=utf8;

-- --------------------------------------------------------

--
-- Структура таблицы `sale`
--

CREATE TABLE IF NOT EXISTS `sale` (
  `good_id` int(11) unsigned NOT NULL,
  `summ` int(6) NOT NULL,
  `extra` int(6) NOT NULL DEFAULT '0',
  `date` timestamp NULL DEFAULT NULL,
  `channel_id` int(11) DEFAULT NULL,
  `city` varchar(50) DEFAULT NULL,
  `order_number` varchar(25) DEFAULT NULL,
  `tk_id` int(10) unsigned DEFAULT NULL,
  `comment` text,
  `photo` varchar(255) DEFAULT NULL,
  `customer_id` int(10) unsigned DEFAULT NULL,
  PRIMARY KEY (`good_id`)
) ENGINE=InnoDB DEFAULT CHARSET=utf8;

-- --------------------------------------------------------

--
-- Структура таблицы `search`
--

CREATE TABLE IF NOT EXISTS `search` (
  `good_id` int(10) unsigned NOT NULL,
  `value` varchar(200) NOT NULL,
  `public` tinyint(1) NOT NULL DEFAULT '0',
  PRIMARY KEY (`good_id`)
) ENGINE=MyISAM DEFAULT CHARSET=utf8;

-- --------------------------------------------------------

--
-- Структура таблицы `settings`
--

CREATE TABLE IF NOT EXISTS `settings` (
  `id` int(10) unsigned NOT NULL AUTO_INCREMENT,
  `category_id` int(10) unsigned NOT NULL,
  `name` varchar(255) NOT NULL,
  `value` text NOT NULL,
  `code` varchar(255) NOT NULL,
  `sort` int(11) NOT NULL,
  `rule_code` varchar(20) NOT NULL,
  `parent_id` int(10) unsigned NOT NULL DEFAULT '0',
  PRIMARY KEY (`id`)
) ENGINE=InnoDB DEFAULT CHARSET=utf8 AUTO_INCREMENT=1 ;

-- --------------------------------------------------------

--
-- Структура таблицы `task`
--

CREATE TABLE IF NOT EXISTS `task` (
  `id` int(10) unsigned NOT NULL AUTO_INCREMENT,
  `good_id` int(10) unsigned NOT NULL,
  `data` varchar(10000) DEFAULT NULL,
  `action_id` tinyint(4) unsigned NOT NULL,
  `user_id` int(10) unsigned NOT NULL,
  PRIMARY KEY (`id`)
) ENGINE=MyISAM DEFAULT CHARSET=utf8 AUTO_INCREMENT=1 ;

-- --------------------------------------------------------

--
-- Структура таблицы `task_action`
--

CREATE TABLE IF NOT EXISTS `task_action` (
  `id` tinyint(3) unsigned NOT NULL AUTO_INCREMENT,
  `name` varchar(255) DEFAULT NULL,
  PRIMARY KEY (`id`)
) ENGINE=InnoDB  DEFAULT CHARSET=utf8 AUTO_INCREMENT=6 ;

--
-- Дамп данных таблицы `task_action`
--

INSERT INTO `task_action` (`id`, `name`) VALUES
(1, 'Добавить фотографии'),
(2, 'Заполнить первичные атрибуты'),
(3, 'Заполнить ценовые атрибуты'),
(4, 'Заполнить основные параметры'),
(5, 'Добавить дополнительные фотографии');

-- --------------------------------------------------------

--
-- Структура таблицы `unique`
--

CREATE TABLE IF NOT EXISTS `unique` (
  `advert_id` int(10) unsigned NOT NULL,
  `interpreter_id` int(10) unsigned NOT NULL,
  `value` varchar(5000) NOT NULL,
  PRIMARY KEY (`advert_id`,`interpreter_id`)
) ENGINE=MyISAM DEFAULT CHARSET=utf8;

-- --------------------------------------------------------

--
-- Структура таблицы `user`
--

CREATE TABLE IF NOT EXISTS `user` (
  `usr_id` int(11) NOT NULL AUTO_INCREMENT,
  `usr_login` varchar(128) NOT NULL,
  `usr_password` varchar(128) NOT NULL,
  `usr_name` varchar(255) NOT NULL,
  `usr_email` varchar(128) NOT NULL,
  `usr_rol_id` int(10) unsigned NOT NULL,
  `usr_state` int(11) NOT NULL DEFAULT '1',
  `usr_models` varchar(255) DEFAULT '',
  `usr_token` varchar(100) DEFAULT NULL,
  PRIMARY KEY (`usr_id`)
) ENGINE=InnoDB  DEFAULT CHARSET=utf8 AUTO_INCREMENT=13 ;

--
-- Дамп данных таблицы `user`
--

INSERT INTO `user` (`usr_id`, `usr_login`, `usr_password`, `usr_name`, `usr_email`, `usr_rol_id`, `usr_state`, `usr_models`, `usr_token`) VALUES
(1, 'root', '7ac87eca4a12d1004e31059d87ae20a8', 'Китаев М.А.', 'beatbox787@gmail.com', 1, 1, '', '102d49cfcf146941b9cc71c89d2414f8'),
(7, 'vitalo', '5142e9696202a6b60769432067cf9f84', 'Жалнин В. Е.', 'vitaliy.zhalnin@gmail.com', 3, 1, '', ''),
(9, 'svc', '4e23668d8887aee1654ea3356e1ed848', 'Разумов А. А.', 'razum@gmail.com', 1, 1, '', '2cca0f1970a99a15bdafe2e54fd555d6'),
(10, 'kosinov', '14104e4e8ee157e54e00d555cec6814d', 'Косинов С.', 'beatbox787@gmail.com', 3, 1, 'desktop,link,goodType,good,attribute,data,export,task,compare', ''),
(11, 'chumadan', '48b66459f540f7ec4d616faf9e23bf1b', 'Владимир', 'beatbox787@gmail.com', 3, 1, 'desktop,goodType,attribute,interpreter,import,data,export,compare,queue,advert,dromUserParse,good,export', NULL),
(12, 'marrow15', 'e792d89f328109cd35b852af34001c7f', 'Козлов Д. Д.', 'beatbox787@yandex.ru', 3, 1, 'task,desktop,goodType,good,interpreter,data,attribute,advert', NULL);

-- --------------------------------------------------------

--
-- Структура таблицы `user_notification`
--

CREATE TABLE IF NOT EXISTS `user_notification` (
  `user_id` int(10) unsigned NOT NULL,
  `notification_id` int(10) unsigned NOT NULL,
  PRIMARY KEY (`user_id`,`notification_id`)
) ENGINE=MyISAM DEFAULT CHARSET=utf8;

-- --------------------------------------------------------

--
-- Структура таблицы `user_settings`
--

CREATE TABLE IF NOT EXISTS `user_settings` (
  `user_id` int(10) unsigned NOT NULL,
  `code` varchar(20) NOT NULL,
  `value` varchar(1000) NOT NULL,
  PRIMARY KEY (`user_id`,`code`)
) ENGINE=MyISAM DEFAULT CHARSET=utf8;

-- --------------------------------------------------------

--
-- Структура таблицы `variant`
--

CREATE TABLE IF NOT EXISTS `variant` (
  `id` int(10) unsigned NOT NULL AUTO_INCREMENT,
  `value` varchar(255) DEFAULT NULL,
  `sort` int(11) NOT NULL,
  PRIMARY KEY (`id`)
) ENGINE=InnoDB  DEFAULT CHARSET=utf8 AUTO_INCREMENT=3986 ;

--
-- Дамп данных таблицы `variant`
--

INSERT INTO `variant` (`id`, `value`, `sort`) VALUES
(113, '30', 10),
(114, '35', 20),
(115, '40', 30),
(116, '45', 40),
(117, '50', 50),
(118, '55', 60),
(119, '60', 70),
(120, '65', 80),
(121, '70', 90),
(122, '75', 100),
(123, '80', 110),
(124, '85', 120),
(138, '1997', 3),
(139, '1998', 4),
(140, '1999', 5),
(141, '2000', 6),
(142, '2001', 7),
(143, '2002', 8),
(144, '2003', 9),
(145, '2004', 10),
(146, '2005', 11),
(147, '2006', 12),
(148, '2007', 13),
(149, '2008', 14),
(150, '2009', 15),
(151, '2010', 16),
(152, '2011', 17),
(153, '2012', 18),
(154, '2013', 19),
(155, '2014', 20),
(156, '2015', 21),
(158, 'Barum', 8),
(159, 'Bridgestone', 15),
(161, 'Continental', 128),
(162, 'Dunlop', 151),
(164, 'Falken', 236),
(165, 'Firestone', 256),
(166, 'Fullrun', 262),
(168, 'Goodyear', 271),
(169, 'Hankook', 310),
(171, 'Kumho', 334),
(173, 'Maxgrade', 354),
(174, 'Maxtrek', 358),
(175, 'Michelin', 367),
(177, 'Nankang', 391),
(178, 'Nexen', 397),
(179, 'Nokian', 407),
(181, 'Roadstone', 445),
(182, 'Sport', 452),
(183, 'Toyo', 458),
(184, 'Triangle', 501),
(185, 'Yokohama', 514),
(186, '280', 2),
(187, '8 SUV', 8),
(188, 'Advan', 10),
(189, 'Advan A10', 12),
(190, 'Advan A-460', 11),
(191, 'ATR Sport', 21),
(192, 'ATR Sport 2', 22),
(193, 'Azenis', 24),
(195, 'Blizzak Revo1', 37),
(196, 'Blizzak Spike-01', 39),
(197, 'BluEarth', 41),
(198, 'BluEarth A', 42),
(199, 'Bravuris2', 44),
(200, 'BStyle', 45),
(202, 'ContiSportContact', 54),
(204, 'db E70', 66),
(205, 'DM-V1', 71),
(206, 'DMZ-3', 74),
(207, 'DNA', 75),
(208, 'DNA DB', 76),
(209, 'DNA Ecos ES300', 79),
(210, 'DNA Grandmap', 81),
(211, 'Dragon', 85),
(212, 'DRB', 86),
(213, 'DSX', 89),
(215, 'Dueler 684 II', 91),
(216, 'Dueler H/L', 93),
(217, 'Dueler H/P Sport', 97),
(218, 'Dueler H/T 684', 100),
(219, 'Dueler H/T 684 II', 101),
(221, 'Eagle LS EXE', 108),
(222, 'Eagle LS2000 Hybrid', 111),
(223, 'Eagle NCT5', 113),
(224, 'Eagle RVS', 116),
(225, 'Ecopia EX10', 118),
(226, 'Ecopia PZ-X', 120),
(227, 'Ecsta X3', 124),
(228, 'Enasave', 125),
(229, 'Espia EPZ', 134),
(230, 'F107', 139),
(231, 'F690', 140),
(232, 'Firehawk', 141),
(233, 'Formula', 144),
(234, 'FR10', 145),
(235, 'G5', 147),
(236, 'Geolander', 161),
(237, 'Geolander I/T-S', 162),
(238, 'Geolendar H/T-S', 163),
(239, 'Grabber', 164),
(241, 'Grandtrek AT3', 170),
(242, 'Graspic DS2', 181),
(243, 'Guardex', 186),
(244, 'H/P', 189),
(245, 'H/P Sport', 190),
(246, 'Hakka 7 SUV', 191),
(247, 'Hakka R2 SUV', 194),
(248, 'Hakka Sport Utility', 195),
(249, 'Hakka SUV 5', 196),
(252, 'HU901', 210),
(253, 'IC7000', 212),
(254, 'Ice Zero', 229),
(255, 'IceControl', 230),
(256, 'IceCruiser5000', 231),
(259, 'IG20', 235),
(260, 'IG30', 236),
(261, 'iMap', 237),
(262, 'IXT', 238),
(263, 'Kumho', 239),
(264, 'Landair SL112', 242),
(265, 'Latitude Cross', 243),
(266, 'Latitude Sport', 246),
(267, 'Latitude Sport3', 247),
(268, 'Latitude Tour', 248),
(272, 'LS 2000 Hybrid', 257),
(273, 'N6000', 264),
(274, 'N7000', 265),
(275, 'N8000', 266),
(276, 'Nextry', 268),
(277, 'Nre', 277),
(278, 'NS-20', 281),
(279, 'NSII', 282),
(280, 'Optimo K415', 291),
(281, 'P7', 293),
(282, 'Pilot', 296),
(283, 'Pilot Sport2', 300),
(284, 'Pilot Sport3', 301),
(285, 'Playz', 302),
(286, 'Playz-PZ1', 309),
(287, 'Playz-PZX', 310),
(288, 'Playz-RPV', 311),
(289, 'Playz-RV', 312),
(290, 'Potenza', 315),
(291, 'Potenza RE01', 318),
(292, 'Potenza RE050', 321),
(293, 'Potenza RE050A', 322),
(294, 'Primacy HP', 328),
(295, 'Primacy LC', 329),
(296, 'Proxes', 330),
(297, 'Proxes CT01', 331),
(298, 'Proxes R34', 332),
(299, 'Proxes T1', 335),
(300, 'Proxes T1R', 337),
(301, 'PS91', 338),
(302, 'RE-01R', 341),
(303, 'Regno GR8000', 344),
(304, 'Regno GR9000', 345),
(305, 'Regno GR-XT', 343),
(306, 'Revo GZ', 347),
(307, 'RevSpec RS02', 350),
(308, 'Runsafa SH-1', 352),
(309, 'S001', 357),
(310, 'SDrive', 363),
(311, 'Sierra S6', 364),
(312, 'SIII', 365),
(313, 'SJ6', 367),
(314, 'SK10', 368),
(315, 'Sneaker', 370),
(316, 'Solus KH17', 374),
(317, 'SP Sport 270', 381),
(318, 'Sport', 389),
(319, 'Sport ATR', 390),
(320, 'SportContact2', 393),
(321, 'SS595', 394),
(322, 'ST10', 395),
(323, 'TR967', 406),
(324, 'Tranpath LU', 410),
(325, 'Tranpath MP4', 411),
(326, 'Tranpath R30', 413),
(328, 'Turanza', 418),
(329, 'Ventus HR2', 430),
(330, 'Ventus ST', 432),
(331, 'Ventus V4 ES', 434),
(332, 'VentusV8RS', 436),
(333, 'Wide Oval', 442),
(334, 'X-Ice North', 461),
(335, 'Ziex ZE329', 466),
(336, 'Ziex ZE912', 467),
(337, 'K', 2),
(338, 'L', 3),
(339, 'M', 4),
(340, 'N', 5),
(341, 'O', 6),
(342, 'P', 7),
(343, 'Q', 9),
(344, 'R', 10),
(345, 'S', 11),
(346, 'T', 12),
(347, 'H', 1),
(348, 'V', 13),
(349, 'W', 15),
(350, 'Y', 18),
(351, 'VR', 14),
(352, 'ZR', 19),
(399, 'Б/п РФ', 20),
(400, 'Б/у', 30),
(406, '5', 10),
(407, '10', 20),
(408, '20', 30),
(409, '30', 40),
(410, '40', 50),
(411, '50', 60),
(412, '60', 70),
(413, '70', 80),
(414, '80', 90),
(415, '90', 100),
(416, '100', 110),
(418, '78', 26),
(419, '79', 25),
(420, '80', 24),
(421, '81', 23),
(422, '82', 22),
(423, '83', 21),
(424, '84', 20),
(425, '85', 19),
(426, '86', 18),
(427, '87', 17),
(428, '88', 16),
(429, '89', 15),
(430, '90', 14),
(431, '91', 13),
(432, '92', 12),
(433, '93', 11),
(434, '94', 10),
(435, '95', 9),
(436, '96', 7),
(437, '97', 6),
(438, '98', 5),
(439, '99', 3),
(440, '100', 50),
(441, '101', 49),
(442, '102', 48),
(443, '103', 47),
(444, '104', 46),
(445, '105', 45),
(446, '106', 44),
(447, '107', 43),
(448, '108', 41),
(449, '109', 40),
(450, '110', 39),
(451, '111', 38),
(452, '112', 37),
(453, '113', 36),
(454, '114', 35),
(455, '115', 34),
(456, '116', 33),
(457, '117', 32),
(458, '118', 31),
(459, '119', 30),
(460, '120', 29),
(461, 'ZR', 1),
(463, 'Летние', 10),
(465, 'Нешипованные', 20),
(705, 'Firehawk TZ-100', 142),
(706, 'Playz PZ-1', 304),
(707, 'Sneaker SNK2', 371),
(708, 'Blizzak MZ-01', 32),
(709, 'Revo2', 349),
(711, 'Revo1', 348),
(713, 'PremiumContact', 326),
(716, 'Dueler H/T 689', 103),
(717, 'Geolandar A/T+2', 152),
(718, 'Playz PZ-X', 305),
(719, 'Energy', 129),
(720, 'Maxgrade II', 259),
(722, 'Sport tourer MY-01', 392),
(723, 'Energy Saver', 130),
(724, 'Ecsta', 121),
(726, 'dB decibel E70', 65),
(727, 'DSX-2', 90),
(728, 'Blizzak MZ-02', 33),
(729, 'Playz RV', 307),
(731, 'DM-Z3', 72),
(732, 'B390', 26),
(733, 'Bstyle RV', 46),
(734, 'Geolandar H/T', 154),
(735, 'Geolandar I/T-S', 159),
(736, 'DMV-1', 73),
(738, 'WinterDueler DMZ2', 454),
(739, 'Grandtrek', 166),
(741, 'Proxes T1 Sport', 336),
(745, 'AS-1', 18),
(746, 'Pirelli', 420),
(747, 'DNA ES300', 80),
(749, 'XL', 17),
(750, 'Advan DB decibel', 13),
(752, 'Primacy 3', 327),
(753, 'Pilot Sport 3', 299),
(754, 'Guardex K2 F721', 188),
(755, 'TR968', 407),
(756, 'Ventus HR II', 429),
(757, 'Regno GRV', 346),
(759, 'TR918', 405),
(760, 'Playz RV PRV-1', 308),
(761, 'Playz PRV-1', 303),
(762, 'Шипованные', 30),
(763, '4x4 Contact', 3),
(765, 'Eagle RS-A', 115),
(766, 'Nordman 5 SUV', 275),
(767, 'SP Winter Ice 01', 386),
(768, 'Latitude Tour HP', 249),
(769, 'Dueler H/T 840', 104),
(770, 'Latitude Cross Terrain', 244),
(771, 'Dueler A/T', 92),
(772, 'Grandtrek AT-20', 167),
(773, 'Grandtrek AT-22', 168),
(775, 'Cooper', 139),
(776, 'Discoverer  M+S', 70),
(777, 'N1000', 262),
(778, 'Ultra sport NS II', 424),
(780, 'Headway', 321),
(781, 'ContiSportContact 3', 55),
(782, 'Azenis ST115', 25),
(784, 'Eagle LS2000 Hybrid II', 112),
(785, 'Playz PZ1', 306),
(786, 'Potenza S001', 325),
(787, 'TS-02', 417),
(788, 'ContiPremiumContact 2', 53),
(789, 'Potenza RE031', 319),
(790, 'IceGuard', 233),
(791, 'Dueler H/L 400', 95),
(792, 'Grandtrek PT2', 171),
(793, 'Т', 21),
(794, 'Dueler H/T Sport', 106),
(796, 'Grandtrek AT-23', 169),
(797, '166', 28),
(798, 'Hakka', 309),
(801, 'Grandtrek SJ6', 173),
(802, 'LS 2000 Hybrid II', 258),
(803, 'Zero Rosso', 463),
(804, 'Blizzak DM-V1', 30),
(805, 'Advan S.T.', 15),
(806, 'General', 264),
(807, 'Grabber UHP', 165),
(808, 'Ziex S/TZ 04', 465),
(809, 'Coper', 144),
(810, 'Discoverer  H/T', 69),
(811, 'Open Country', 290),
(812, '4x4 Diamaris', 4),
(813, 'Proxes ST II', 334),
(814, '1', 1),
(815, '2', 2),
(816, '3', 3),
(817, '4', 4),
(818, 'Новые', 10),
(819, 'Japan', 15),
(820, 'Korea', 16),
(821, 'Germany', 10),
(822, 'Italy', 14),
(823, 'China', 5),
(824, 'Taiwan', 25),
(825, 'Indonesia', 13),
(826, 'South Africa', 22),
(827, 'Thailand', 26),
(828, 'Turkey', 27),
(829, 'France', 9),
(830, 'USA', 29),
(832, 'Russia', 21),
(833, 'Poland', 18),
(834, 'Spain', 23),
(835, 'Romania', 20),
(836, 'Philippines', 17),
(837, 'Europa', 7),
(838, 'Portugal', 19),
(839, 'Hungary', 12),
(840, 'Finland', 8),
(841, 'Britain', 3),
(842, 'Brazil', 2),
(844, 'Grandtrek Touring A/S', 177),
(845, 'observe Garit 2', 285),
(847, 'Hakka Green', 193),
(848, 'Hakka Blue', 192),
(850, 'Federal', 251),
(851, 'Super Steel 595', 399),
(853, 'Landair SL Traction', 241),
(856, '6', 27),
(858, 'KingStar', 332),
(859, 'WinterRadial RW07', 455),
(861, 'Dueler H/T 687', 102),
(868, 'Аукцион (фиксированная цена)', 1),
(869, 'Бесплатное объявление', 3),
(880, '73', 51),
(884, '64', 27),
(888, '56.6', 12),
(890, '73.1', 54),
(893, '63.4', 26),
(896, '110', 86),
(901, '73.1', 52),
(905, '106.2', 79),
(909, '118', 93),
(911, '59', 18),
(914, '63', 25),
(915, '65', 30),
(917, '69', 38),
(919, '54', 6),
(924, '53', 5),
(931, '57', 13),
(934, '102', 74),
(936, '67', 35),
(958, '56', 10),
(961, '75', 58),
(962, '55', 8),
(965, '60', 21),
(966, '66', 32),
(972, '70', 41),
(977, '72', 48),
(978, '71', 45),
(1032, 'Барнаул', 8),
(1033, 'Белгород', 9),
(1034, 'Владивосток', 19),
(1035, 'Волгоград', 21),
(1036, 'Воронеж', 24),
(1037, 'Екатеринбург', 26),
(1038, 'Иркутск', 30),
(1039, 'Казань', 32),
(1040, 'Кемерово', 36),
(1041, 'Краснодар', 39),
(1042, 'Красноярск', 40),
(1043, 'Курск', 43),
(1044, 'Москва', 48),
(1045, 'Нижний Новгород', 56),
(1046, 'Новосибирск', 60),
(1047, 'Омск', 63),
(1048, 'Ростов-на-дону', 74),
(1049, 'Санкт-Петербург', 79),
(1050, 'Ставрополь', 87),
(1051, 'Сургут', 90),
(1052, 'Тюмень', 100),
(1053, 'Улан-удэ', 101),
(1054, 'Челябинск', 106),
(1055, 'Чита', 108),
(1056, 'Томск', 97),
(1057, 'Барнаул', 8),
(1058, 'Белгород', 9),
(1059, 'Владивосток', 18),
(1060, 'Волгоград', 20),
(1061, 'Воронеж', 23),
(1062, 'Екатеринбург', 25),
(1063, 'Иркутск', 29),
(1064, 'Казань', 31),
(1065, 'Кемерово', 35),
(1066, 'Краснодар', 38),
(1067, 'Красноярск', 39),
(1068, 'Курск', 42),
(1069, 'Москва', 47),
(1070, 'Нижний Новгород', 55),
(1071, 'Новосибирск', 59),
(1072, 'Омск', 62),
(1073, 'Ростов-на-дону', 73),
(1074, 'Санкт-Петербург', 78),
(1075, 'Ставрополь', 86),
(1076, 'Сургут', 89),
(1077, 'Тюмень', 99),
(1078, 'Улан-удэ', 100),
(1079, 'Челябинск', 105),
(1080, 'Чита', 107),
(1081, 'Томск', 96),
(1177, '2', 3),
(1179, '1', 2),
(1181, '3', 4),
(1184, '0', 1),
(1208, 'Turanza ER300', 419),
(1209, 'Crosscontact', 62),
(1211, 'Eagle LS2', 109),
(1243, 'Turanza ER33', 420),
(1247, 'Sport NS-1', 391),
(1249, 'Eagle Revspec RS-02', 114),
(1250, 'Regno GP-XT', 342),
(1251, 'Linglong', 348),
(1252, 'CrossWind', 63),
(1253, 'Potenza G3', 316),
(1254, 'TS-01', 416),
(1255, 'ATR', 7),
(1257, '73.1', 53),
(1262, '4*100', 2),
(1263, '4*108', 3),
(1264, '4*114.3', 5),
(1265, '5*100', 7),
(1266, '5*108', 8),
(1267, '5*112', 10),
(1269, '5*114.3', 12),
(1270, '5*120', 13),
(1271, '5*150', 17),
(1272, '6*139.7', 20),
(1273, '8*165.1', 22),
(1274, '10', 41),
(1275, '12', 44),
(1276, '15', 47),
(1277, '18', 51),
(1278, '23', 57),
(1279, '24', 59),
(1280, '25', 60),
(1281, '29', 65),
(1282, '30', 66),
(1283, '32', 69),
(1284, '33', 70),
(1285, '34', 71),
(1286, '35', 73),
(1287, '36', 74),
(1288, '37', 76),
(1289, '38', 78),
(1290, '39', 79),
(1291, '40', 81),
(1292, '41', 84),
(1293, '42', 87),
(1294, '43', 88),
(1295, '44', 91),
(1296, '45', 92),
(1297, '47', 96),
(1298, '48', 98),
(1299, '49', 99),
(1300, '50', 101),
(1301, '51', 104),
(1302, '52', 105),
(1303, '52.5', 107),
(1304, '53', 108),
(1305, '55', 110),
(1306, '60', 115),
(1307, '5', 3),
(1308, '5.5', 4),
(1309, '6', 5),
(1310, '6.5', 6),
(1311, '7', 7),
(1312, '7.5', 8),
(1313, '8', 9),
(1314, '8.5', 11),
(1315, '9', 12),
(1316, '9.5', 13),
(1317, '13', 20),
(1318, '14', 30),
(1319, '15', 40),
(1320, '16', 50),
(1321, '17', 60),
(1322, '18', 70),
(1323, '19', 80),
(1324, '20', 90),
(1325, '21', 100),
(1326, '22', 110),
(1327, '165', 4),
(1328, '175', 5),
(1329, '185', 6),
(1330, '195', 7),
(1331, '205', 8),
(1332, '215', 9),
(1333, '225', 10),
(1334, '235', 11),
(1335, '245', 12),
(1336, '255', 13),
(1337, '265', 14),
(1338, '275', 15),
(1339, '285', 16),
(1340, '1', 10),
(1341, '2', 20),
(1342, '3', 30),
(1343, '4', 40),
(1344, '595 RS-R', 6),
(1345, 'Pilot Sport', 298),
(1348, 'Rosava', 447),
(1349, 'BC-11', 28),
(1350, 'Ukraine', 28),
(1351, '46', 95),
(1352, '20', 53),
(1353, 'Winguard 231', 443),
(1354, 'Sonny', 451),
(1355, 'Wot18', 457),
(1356, 'ASPEC', 19),
(1357, 'GT3', 185),
(1358, 'DNA dB Decibel', 77),
(1359, 'Tranpath mpZ', 412),
(1360, 'Sincera SN-828', 366),
(1361, 'Enasave EC202', 127),
(1362, 'AVID S306', 23),
(1363, '21', 55),
(1364, '100', 72),
(1365, '-13', 22),
(1366, '5*112.5', 11),
(1367, '4*110', 4),
(1368, '5*139.7', 16),
(1369, '12', 10),
(1370, '4', 1),
(1371, '57', 112),
(1372, '5*127', 14),
(1373, '28', 63),
(1374, '90', 67),
(1375, '50', 3),
(1376, '4.5', 2),
(1377, '54', 109),
(1378, 'Belgium', 1),
(1379, '27', 62),
(1380, '105', 76),
(1381, '31', 67),
(1382, '6*205', 21),
(1383, '160', 100),
(1384, '5*110', 9),
(1385, 'Самара', 77),
(1386, 'Самара', 78),
(1388, 'DNA Map-i', 83),
(1391, 'Le Mans LM602', 252),
(1392, '1996', 2),
(1393, 'Advid S306', 17),
(1395, 'Ovation', 416),
(1396, 'VI-388', 440),
(1398, 'T''S-02', 403),
(1399, 'T''S-01', 402),
(1400, 'Canada', 4),
(1401, '16', 49),
(1402, '64.5', 29),
(1403, 'Пенза', 67),
(1404, 'Пенза', 66),
(1405, 'Тольятти', 95),
(1406, 'Тольятти', 96),
(1407, 'Dueler H/P', 96),
(1409, 'Ижевск', 28),
(1410, 'Кызыл', 43),
(1411, 'Ижевск', 29),
(1412, 'Кызыл', 44),
(1413, 'Cordiant', 145),
(1414, 'Polar', 313),
(1416, 'B500Si', 27),
(1417, 'Белово', 10),
(1418, '0', 1),
(1419, '1', 2),
(1420, 'ContiWinterViking 2', 59),
(1422, 'Great Britain', 11),
(1424, 'ES300', 131),
(1425, 'ICE Cruiser 7000', 213),
(1426, 'ICE Guard STUD', 221),
(1428, '74', 56),
(1429, '13', 1),
(1430, '62', 24),
(1432, '10', 14),
(1433, 'Potenza GIII', 317),
(1434, 'Potenza RE050A II', 323),
(1435, 'Proxes R35', 333),
(1436, 'Interstate', 325),
(1437, 'Eco Tour Plus', 117),
(1438, 'Ecopia PRV', 119),
(1439, 'Pilot Preceda', 297),
(1440, 'Le Mans LM703', 253),
(1441, 'Veuro VE 303', 439),
(1442, 'ContiSportContact 3E', 56),
(1443, 'Le Mans LM704', 254),
(1444, 'Ulta sport NS-2', 421),
(1446, 'Eagle LS2000', 110),
(1447, 'PZERO NERO', 339),
(1448, 'SP Sport 01', 377),
(1449, 'SP Sport', 376),
(1450, 'Firehawk Wide Oval', 143),
(1451, 'SP Sport 9000', 382),
(1452, 'Ulta Sport NS-II', 422),
(1453, 'Rotalla', 448),
(1454, 'Radial F107', 340),
(1455, 'HP199', 209),
(1456, 'Pinso Tyres', 419),
(1457, 'Durun', 228),
(1458, 'A-ONE', 9),
(1459, 'W XL', 16),
(1460, 'Ecsta SPT', 123),
(1461, 'Graspic DS-3', 178),
(1462, 'Cinturato P-1', 50),
(1463, 'Classe premiere CP662', 51),
(1466, 'SP Sport 01 DSST', 378),
(1468, 'Achiles', 1),
(1470, 'Nordman', 411),
(1471, 'Nordman +', 274),
(1473, '5*130', 15),
(1476, 'Polar2', 314),
(1478, '95/97', 8),
(1479, 'Latitude X-ice North', 251),
(1480, 'Geolandar G91', 153),
(1481, 'Н', 20),
(1482, 'Dayton', 147),
(1483, 'D320', 64),
(1484, 'Conti 4x4 IceContact', 52),
(1485, 'IceGrip SUG103', 232),
(1486, '135', 1),
(1487, 'SY01', 400),
(1488, '145', 2),
(1489, 'Ice Navi NH', 225),
(1490, 'Northtrek', 412),
(1491, 'Blizzak W965', 40),
(1492, 'Observe Garit SV', 287),
(1493, 'SY900', 401),
(1494, '155', 3),
(1495, 'Ice Navi Zea II', 227),
(1496, 'Blizzak Revo', 35),
(1497, 'Ice Guard IG10', 216),
(1498, 'DSV-01', 88),
(1499, 'Ice Navi Zea', 226),
(1500, 'Blizzak Revo2', 38),
(1501, 'Ice Navi', 223),
(1502, 'Espia EP-03', 133),
(1504, 'Winter Maxx WM01', 449),
(1505, 'Garit G4', 149),
(1506, 'Ice Guard IG30', 218),
(1507, 'Blizzak Revo GZ', 36),
(1508, 'Ice Guard IG20', 217),
(1509, 'Observe Garit G30', 286),
(1510, 'Ice Guard', 214),
(1511, 'ST30', 397),
(1512, 'Garit G5', 150),
(1513, 'X-Ice', 460),
(1514, 'Blizzak', 29),
(1515, 'Garit G30', 148),
(1516, 'Ice Guard IG50', 219),
(1517, 'Landair SL S-112', 240),
(1518, 'Guardex F720', 187),
(1519, 'Graspic HS-3', 182),
(1520, 'Observe Garit2', 288),
(1521, 'Winter Maxx', 448),
(1522, 'ST20', 396),
(1523, 'Ice Navi Hybrid Zea', 224),
(1524, 'Espia', 132),
(1525, 'Latitude X-Ice', 250),
(1526, 'Ice Guard Black IG20', 215),
(1527, 'Graspic DS1', 180),
(1528, 'Drice', 87),
(1529, 'Zetro', 588),
(1530, 'ICESTORM', 323),
(1531, 'Vinter', 441),
(1532, 'Winter', 444),
(1533, 'Marshal', 351),
(1534, 'Winter Tranpath', 450),
(1535, 'UltraGrip Ice Navi Neo', 427),
(1536, 'SP LT', 375),
(1537, 'Wrangler IP/N', 459),
(1538, 'Snow Viva SV-1', 373),
(1539, 'Blizzak MZ-03', 34),
(1540, 'Winter Ice Control', 447),
(1541, 'Observe Garit', 284),
(1542, 'Winter Dueler DM-Z2', 446),
(1543, 'Geolandar', 151),
(1544, 'Geolandar I/T G072', 157),
(1545, 'Graspic DS-V', 179),
(1546, 'Scorpion Ice&Snow', 360),
(1547, 'Winter Tranpath MK4', 451),
(1548, 'Geolandar I/T+', 158),
(1549, 'Himalaya SUV', 206),
(1550, 'Winter Tranpath SU-4', 452),
(1551, 'Capitol', 124),
(1552, 'Grandtrek SJ7', 174),
(1553, '4x4 UG Ice Navi', 5),
(1554, 'Geolandar I/T-S G073', 160),
(1556, 'Potenza GIII', 440),
(1557, '4*98', 1),
(1558, '58', 15),
(1560, '3', 30),
(1561, '0', 10),
(1562, '1', 20),
(1563, 'Gislaved', 265),
(1564, 'Nord Frost II', 272),
(1565, 'Sweden', 24),
(1566, 'Runsafa SN-1', 353),
(1567, 'Red Wheel', 351),
(1568, 'G-Square', 174),
(1569, 'DT1', 10),
(1570, 'DT2', 20),
(1571, 'DF1', 30),
(1572, 'DF2', 40),
(1573, 'DR1', 50),
(1574, 'DR2', 60),
(1575, 'AT', 70),
(1576, 'AF', 80),
(1577, 'AR', 90),
(1586, 'NTS', 10),
(1587, 'NTF', 20),
(1588, 'NTP', 30),
(1589, 'PTS', 40),
(1590, 'PTI', 50),
(1591, 'JAP', 60),
(1592, 'A1 Параметры (табличные значения)', 10),
(1593, 'A2 Фото', 20),
(1594, 'A3 Хедер', 30),
(1595, 'A4 Футер', 40),
(1596, 'A5 Гарантия', 50),
(1597, 'A6 Доставка', 60),
(1598, 'A7 Цена', 70),
(1599, 'A8 Описание', 80),
(1600, '1', 10),
(1601, '2', 20),
(1602, 'A9 Заголовок', 90),
(1603, '2', 3),
(1604, '3', 4),
(1605, '4', 5),
(1606, '5', 6),
(1607, '6', 7),
(1608, '7', 8),
(1609, 'Bridgestone', 93),
(1610, 'Nissan', 274),
(1611, 'A-Tech Schneider', 14),
(1612, 'Manaray Euro Speed', 249),
(1613, 'Toyota', 425),
(1614, 'Borbet', 88),
(1615, '17', 50),
(1616, 'Dufact DF-5', 131),
(1617, 'Infinity', 200),
(1618, 'BMW', 84),
(1619, 'Weds', 460),
(1620, 'Euro-Mode', 156),
(1621, 'Topy Sibilla', 423),
(1622, 'Violento', 447),
(1623, 'Bridgestone BEO', 95),
(1624, '11', 42),
(1625, 'Manaray', 247),
(1626, 'RAYS', 311),
(1627, 'Enkei', 135),
(1628, '6*114.3', 19),
(1629, 'Work', 478),
(1630, '10.5', 15),
(1631, 'Zephyr', 519),
(1632, 'X speed', 510),
(1633, '23', 120),
(1634, 'Yokohama Laycea', 513),
(1635, 'Dunlop Dufact DF5', 132),
(1636, 'Reverline', 352),
(1637, 'Alcoa', 27),
(1638, '8.25', 10),
(1639, '165', 173),
(1640, 'Nissan Nismo', 275),
(1641, 'Proget Roxcy', 295),
(1642, 'Mak Rave', 245),
(1643, 'Advanti', 23),
(1644, 'Grass', 181),
(1645, 'Mercedes', 256),
(1646, 'S&S', 363),
(1647, 'Weds Joker', 468),
(1648, 'Lugtec', 240),
(1649, 'OZ', 279),
(1651, '-10', 24),
(1652, 'Audi', 50),
(1653, 'ATS', 48),
(1654, 'Euro Stiling', 155),
(1655, 'AGA', 25),
(1656, 'PRD', 290),
(1657, 'Algernon', 29),
(1658, 'Lexus', 224),
(1659, 'Toyota Harrier', 429),
(1660, 'Zack', 515),
(1661, 'Subaru', 400),
(1662, 'Mak', 244),
(1663, 'AQUA', 42),
(1664, 'Honda', 188),
(1665, 'Nexta', 273),
(1667, 'Cross Speed', 120),
(1668, 'Mini', 261),
(1669, 'VAGGIO', 435),
(1670, 'Grave', 183),
(1671, '19', 52),
(1672, '11', 16),
(1673, 'Toyota Land Cruiser', 430),
(1674, 'TRD', 431),
(1675, 'Advan', 17),
(1676, 'Work Emotion CR-KAI', 484),
(1677, 'ProDrive', 292),
(1678, 'AME Shallen', 36),
(1679, '5*98', 6),
(1680, 'Work Emotion D9R', 488),
(1681, 'Black Racing', 79),
(1682, 'TWS', 432),
(1683, 'Work Emotion', 481),
(1684, 'Rozest', 360),
(1685, 'SSR', 382),
(1686, 'Work Emotion CR Kiwami', 482),
(1688, 'RAYS VOLK RACING', 342),
(1690, 'Bolzanos', 87),
(1691, 'Weds Sport SA-55M', 476),
(1693, '14', 46),
(1694, 'Impul', 197),
(1695, 'Lehrmeister', 222),
(1696, 'Makina ISOTTA', 246),
(1697, 'Racing Hart', 303),
(1698, 'AVS Model T7', 59),
(1699, '22', 56),
(1700, 'AVS Model T5', 58),
(1701, '5ZIGEN', 4),
(1702, 'RAYS Sebring', 331),
(1704, 'Work Emotion CR-KAI WAE', 485),
(1705, 'Work Schwert SW4', 502),
(1706, '-5', 28),
(1707, '5ZIGEN  FN-0A', 6),
(1708, 'Waren', 457),
(1709, 'Exceeder', 162),
(1710, 'Japan', 203),
(1711, 'Crisis', 119),
(1712, 'GEWALT', 178),
(1713, 'Strada', 396),
(1714, 'Zeit SS', 518),
(1715, 'B.I.M. DHS05', 65),
(1716, 'Mercedes benz', 258),
(1717, 'PIAA', 286),
(1718, 'A-Tech Final Speed', 13),
(1719, 'Fledermaus', 169),
(1720, 'Work Euroline', 492),
(1721, 'RAYS VOLK RACING  C-V PRO rev', 344),
(1722, 'OZ Racing', 280),
(1723, 'CLUB Linea', 114),
(1724, 'BWA', 104),
(1725, 'Volvo', 452),
(1726, 'axis', 62),
(1727, 'Leasing', 219),
(1728, 'BADX', 67),
(1730, 'RAYS G-Games 77s', 320),
(1731, 'Rays spada-wide', 333),
(1732, 'BBS', 69),
(1733, 'Buddy Club P', 102),
(1734, 'Work Emotion XT7', 491),
(1735, 'Suzuki', 407),
(1736, 'Vaster', 439),
(1737, 'Quant', 299),
(1738, 'Super star', 406),
(1739, 'RAYS Gram Lights 57C', 324),
(1740, 'Advan TC', 21),
(1741, 'Япония', 534),
(1742, 'Wrest', 508),
(1743, 'Hokuto racing', 187),
(1744, 'Carving head', 106),
(1746, 'Rays Spada', 332),
(1747, 'Land Rover', 215),
(1749, 'Kosei', 210),
(1751, 'Carlsson', 105),
(1752, 'Weds Leonis', 472),
(1754, 'Work  LS207', 479),
(1755, 'Fabulous Profound', 166),
(1756, 'Lodio Drive', 235),
(1757, '-12', 23),
(1758, 'Crimson', 116),
(1759, 'No', 276),
(1760, 'STS', 398),
(1762, 'Bridgestone BEO S03', 96),
(1763, 'Bridgestone Sicurezza SS5', 100),
(1764, 'RAYS United Arrows  WR', 336),
(1766, 'FED', 168),
(1769, '13', 45),
(1770, 'RAYS Gram Lights', 323),
(1771, 'Azect', 63),
(1772, 'BLEST', 81),
(1774, 'AVS Model 6', 56),
(1775, 'WORK LS207', 496),
(1776, 'Mazda', 254),
(1777, 'Work Emotion XD9', 490),
(1778, '5*197', 18),
(1779, 'Technocast', 413),
(1780, 'Open Contry', 289),
(1781, 'Ultra Sport NS-II', 425),
(1782, 'Nord Frost 5', 271),
(1783, '5', 5),
(1784, 'Volkswagen', 450),
(1785, 'TLC 100', 416),
(1786, 'Linea', 228),
(1787, 'Stich Precious', 395),
(1788, 'Weds Farmas', 466),
(1789, 'BBS RS', 70),
(1790, 'XXR', 512),
(1791, 'AME', 34),
(1792, 'Rota', 359),
(1793, 'Radius', 306),
(1794, 'Coventry', 115),
(1795, 'Brabus', 90),
(1796, '56', 111),
(1797, 'Zeit', 517),
(1798, 'BOYDS', 89),
(1799, 'Watanabe', 459),
(1800, 'Enkei AME', 138),
(1801, 'Breyton', 92),
(1802, 'MAE', 243),
(1803, 'LORINSER', 237),
(1804, 'Mercedes AMG', 257),
(1805, 'SVT', 408),
(1806, 'RS Wheels', 361),
(1807, 'Alfa Romeo', 28),
(1808, 'Porsche', 287),
(1809, '59', 114),
(1810, 'Beo', 71),
(1811, 'Nascar', 271),
(1812, 'Crimson Myrtle Kruz', 117),
(1813, 'Штамповки', 533),
(1814, '67.1', 36),
(1816, 'RX 350', 362),
(1817, '61', 23),
(1818, 'TLC 200', 417),
(1819, 'Prado', 288),
(1820, 'Lexus LX 570', 226),
(1822, '66.1', 33),
(1824, 'SP Sport Maxx GT', 385),
(1825, 'Hakkapeliitta Sport Utility', 204),
(1826, 'Hakkapeliitta Sport Utility 5', 205),
(1827, 'DNA SDrive', 84),
(1828, 'Nordman', 273),
(1829, 'SP Sport 01v', 379),
(1830, 'NS-1', 279),
(1831, 'Dueler H/T', 99),
(1832, 'Tranpath S1', 414),
(1833, 'SN-1', 369),
(1834, 'N1', 261),
(1835, 'Parada Spec-X', 295),
(1836, 'Ice Guard IG721', 220),
(1837, '315', 19),
(1838, 'LT', 2),
(1839, 'Snow', 372),
(1840, 'Observe G3-Ice', 283),
(1841, 'Latitude Diamaris', 245),
(1842, 'SP Sport LM703', 383),
(1843, 'Group', 184),
(1844, 'SU830', 398),
(1845, 'Dueler H/T D684', 105),
(1846, 'Veuro VE 302', 438),
(1847, 'Ventus', 428),
(1848, 'Ventus V8 RS H 424', 435),
(1849, 'Enasave 050', 126),
(1850, 'Eagle', 107),
(1851, 'Dueler H/P Sport AS', 98),
(1852, 'Veuro VE 301', 437),
(1853, 'Ultra Grip Ice Navi Zea', 423),
(1854, 'Ice King KW21', 222),
(1855, '8', 9),
(1856, '9', 10),
(1857, '10', 11),
(1858, '11', 12),
(1859, '12', 13),
(1860, '13', 14),
(1861, '14', 15),
(1862, '15', 16),
(1863, '16', 17),
(1864, '17', 18),
(1865, '18', 19),
(1866, '19', 20),
(1867, '20', 21),
(1872, 'Dueler H/L 33', 94),
(1873, 'N2', 263),
(1874, 'Ice Partner', 228),
(1875, 'winter Dueler', 445),
(1876, 'Ziex', 464),
(1878, 'Wrangler', 458),
(1879, 'Mayrun', 364),
(1880, 'corsafa', 60),
(1881, 'NS-2', 280),
(1882, 'Hakkapeliitta', 197),
(1883, 'P7000', 294),
(1884, 'Scorpion', 358),
(1885, 'WOT 18', 456),
(1886, 'Tranpath', 409),
(1887, 'DNA Earth-1 EP400', 78),
(1888, 'Geolandar I/T', 156),
(1890, '0', 1000),
(1891, 'Hakkapeliitta 5', 200),
(1892, 'фывфыв', 0),
(1893, 'фывфывфыв', 0),
(1895, 'Indoradial', 324),
(1896, '6688', 7),
(1897, '81 Motorsport', 9),
(1898, 'Advan Racing', 19),
(1899, 'AME Wheels', 38),
(1900, 'American Racing', 39),
(1901, 'Amistad', 41),
(1902, 'Arthur Exchange', 46),
(1903, 'A-Tech', 11),
(1904, 'Auto Couture', 52),
(1905, 'AVS Model 7', 57),
(1907, 'AW', 60),
(1908, 'BIM', 72),
(1909, 'BIM DHS', 73),
(1910, 'BIM ZEIT', 76),
(1911, 'Blonks', 83),
(1912, 'Bradley', 91),
(1913, 'Bridgestone Sicurezza', 99),
(1914, 'Circlar', 112),
(1916, 'CV982', 121),
(1917, 'DAD Garson Zuenglein', 124),
(1918, 'Desmond Koenig', 126),
(1919, 'DIP', 127),
(1920, 'Duemila', 130),
(1921, 'Elegant Black Witch', 133),
(1922, 'Enkei Acura', 136),
(1923, 'Enkei Rivazza', 140),
(1924, 'Enkei RS', 144),
(1925, 'Enkei Sporsh', 147),
(1926, 'Erglanz', 152),
(1927, 'EURO DESIGN', 154),
(1928, 'Eurodesign', 157),
(1929, 'Eurohart', 158),
(1930, 'Evo Racing', 160),
(1931, 'EVY', 161),
(1932, 'Exchange', 163),
(1933, 'Ford', 171),
(1934, 'Fortible', 173),
(1935, 'Garson Black Mafia', 175),
(1936, 'Gestalt Virouge', 176),
(1937, 'Gewall', 177),
(1938, 'Giro', 179),
(1939, 'Gloria', 180),
(1940, 'Hummer H3', 194),
(1941, 'Impul Bronx', 198),
(1942, 'Jeep', 204),
(1943, 'JMB Skyscraper', 205),
(1944, 'K&K C.T.G.', 206),
(1945, 'Kaiser', 208),
(1946, 'Kyoho', 212),
(1947, 'La Strada', 214),
(1949, 'LC100', 217),
(1950, 'LC200', 218),
(1951, 'Leasing Legendary', 220),
(1952, 'Legzas', 221),
(1953, 'Lexus GX460', 225),
(1954, 'Lexus RX350', 227),
(1955, 'Linea Sport', 229),
(1956, 'Linz', 230),
(1957, 'Liso', 231),
(1958, 'Lizea', 233),
(1959, 'Longs', 236),
(1960, 'Lowenhart', 238),
(1961, 'Loxarny Tempest Turbine', 239),
(1962, 'LX 570', 241),
(1963, 'Manaray VR5', 253),
(1964, 'Mazdaspeed', 255),
(1965, 'Mitsubishi', 262),
(1966, 'MSW', 269),
(1967, 'MZ Speed', 270),
(1968, 'Neo road', 272),
(1969, 'Passage', 281),
(1970, 'Prado 150', 289),
(1971, 'Progressive', 297),
(1972, 'Racing Dynamics', 302),
(1973, 'Racing Hart Type-C', 304),
(1974, 'Rally Sparco', 308),
(1975, 'Rapid', 309),
(1976, 'Rays Genome', 321),
(1977, 'Rays TE37', 335),
(1978, 'Rays United Arrows S-05E-Star', 337),
(1979, 'Rays Volk CV-Europe', 341),
(1980, 'Sein', 366),
(1981, 'S-Hold', 364),
(1982, 'Sicurezza', 369),
(1983, 'SKAD', 370),
(1984, 'Speed Star', 374),
(1985, 'Speed Star Golt', 375),
(1986, 'Speedline', 376),
(1987, 'Sport Technic', 379),
(1989, 'SSR Agle Strusse', 383),
(1990, 'SSR Gartmaier', 385),
(1992, 'SSR TYPE-F ', 390),
(1993, 'Stern', 392),
(1994, 'Stich', 393),
(1995, 'Stranger', 397),
(1996, 'TMW', 418),
(1997, 'Top True', 421),
(1998, 'Touren', 424),
(1999, 'United Arrows', 433),
(2000, 'Valbrem', 436),
(2001, 'Various', 438),
(2002, 'Verger', 444),
(2003, 'Verhalt', 445),
(2004, 'Volk Raсing NEW A-V', 449),
(2005, 'Voltec', 451),
(2006, 'VW', 455),
(2007, 'Wald', 456),
(2008, 'Warwic', 458),
(2009, 'Weds Kranze Cerberus II', 471),
(2010, 'Wheelworld', 477),
(2011, 'Work Emotion CRkai', 487),
(2012, 'Work Forged WAE', 494),
(2013, 'Work Lehrmeister', 495),
(2014, 'Work RS-Z', 499),
(2015, 'Work SC2', 500),
(2016, 'Work XS2', 506),
(2017, 'Work XSA 03C', 507),
(2018, 'X Cross Speed', 509),
(2019, 'Zauber', 516),
(2020, 'Zeus Line', 520),
(2021, 'Литые', 528),
(2022, 'Tunga', 509),
(2023, 'ExtremeContact', 137),
(2025, 'ContiSportContact 5', 57),
(2026, 'P Zero Nero', 292),
(2027, 'Grandtrek PT2A', 172),
(2028, 'UltraGrip Extreme', 426),
(2029, 'NRT2', 278),
(2037, 'Шины', 1),
(2038, 'Диски', 2),
(2039, 'Доставка доТК', 3),
(2040, 'Достака ТК', 4),
(2041, 'Наценка', 5),
(2042, '0', 1),
(2043, '1', 2),
(2044, 'Едет', 1),
(2045, 'Лежит', 2),
(2046, 'Хорошо лежит', 3),
(2047, 'Дром', 2),
(2048, 'Авито', 1),
(2049, 'Алматы', 1),
(2050, 'Альметьевск', 2),
(2051, 'Армавир', 3),
(2052, 'Артем', 4),
(2053, 'Архангельск', 5),
(2054, 'Астрахань', 6),
(2055, 'Балаково', 7),
(2056, 'Березники', 10),
(2057, 'Бийск', 11),
(2058, 'Благовещенск', 12),
(2059, 'Борисоглебск', 13),
(2060, 'Братск', 14),
(2061, 'Брянск', 15),
(2062, 'Буденновск', 16),
(2063, 'Великий Новгород', 17),
(2064, 'Владимир', 19),
(2065, 'Волжский', 21),
(2066, 'Вологда', 22),
(2067, 'Дзержинск', 24),
(2068, 'Зеленодольск', 26),
(2069, 'Иваново', 27),
(2070, 'Йошкар-Ола', 30),
(2071, 'Калининград', 32),
(2072, 'Калуга', 33),
(2073, 'Каменск-Уральский', 34),
(2074, 'Киров', 36),
(2075, 'Кострома', 37),
(2076, 'Кузнецк', 40),
(2077, 'Курган', 41),
(2078, 'Липецк', 44),
(2079, 'Магнитогорск', 45),
(2080, 'Миасс', 46),
(2081, 'Мурманск', 48),
(2082, 'Набережные Челны', 49),
(2083, 'Нальчик', 50),
(2084, 'Невинномысск', 51),
(2085, 'Нефтекамск', 52),
(2086, 'Нижневартовск', 53),
(2087, 'Нижнекамск', 54),
(2088, 'Нижний Тагил', 56),
(2089, 'Новокузнецк', 57),
(2090, 'Новороссийск', 58),
(2091, 'Новочебоксарск', 60),
(2092, 'Ноябрьск', 61),
(2093, 'Орел', 63),
(2094, 'Оренбург', 64),
(2095, 'Орск', 65),
(2096, 'Пермь', 67),
(2097, 'Петрозаводск', 68),
(2098, 'Прокопьевск', 69),
(2099, 'Псков', 70),
(2100, 'Пятигорск', 71),
(2101, 'Россошь', 72),
(2102, 'Рыбинск', 74),
(2103, 'Рязань', 75),
(2104, 'Салават', 76),
(2105, 'Саранск', 79),
(2106, 'Саратов', 80),
(2107, 'Севастополь', 81),
(2108, 'Северодвинск', 82),
(2109, 'Симферополь', 83),
(2110, 'Смоленск', 84),
(2111, 'Сочи', 85),
(2112, 'Старый Оскол', 87),
(2113, 'Стерлитамак', 88),
(2114, 'Сызрань', 90),
(2115, 'Сыктывкар', 91),
(2116, 'Таганрог', 92),
(2117, 'Тамбов', 93),
(2118, 'Тверь', 94),
(2119, 'Туапсе', 97),
(2120, 'Тула', 98),
(2121, 'Ульяновск', 101),
(2122, 'Уфа', 102),
(2123, 'Хабаровск', 103),
(2124, 'Чебоксары', 104),
(2125, 'Череповец', 106),
(2126, 'Шахты', 108),
(2127, 'Энгельс', 109),
(2128, 'Ярославль', 110),
(2129, 'Аукцион (торг)', 2),
(2130, 'Не указано', 30),
(2131, 'Scorpion Ice Snow', 359),
(2132, 'Hakkapeliitta 4', 199),
(2133, 'Hakkapeliitta 1 Sport Utility', 198),
(2134, 'Hakkapeliitta 7 SUV', 202),
(2135, 'NordMaster ST310', 276),
(2136, 'IceGuard F-700Z', 234),
(2137, 'Grandtrek TG35', 176),
(2138, 'WinterDueler DMZ-2', 453),
(2139, 'Grandtrek ST30', 175),
(2140, ' Sincera SN-828', 1),
(2141, 'Potenza RE050I', 324),
(2142, 'Grid II', 183),
(2143, 'G-Grid', 146),
(2144, 'Direzza DZ102', 68),
(2145, 'Direzza DZ101', 67),
(2146, 'RV', 354),
(2147, 'Noble Sport NS-20', 270),
(2148, 'S III', 355),
(2149, 'DNA GrandMap ES450', 82),
(2150, 'Ventus ME01', 431),
(2151, 'Ecsta 4X', 122),
(2152, 'Tour Sport 611', 404),
(2153, 'Ventus V4', 433),
(2155, 'Amtel', 3),
(2165, 'MAXTREK ', 359),
(2175, 'Escudo', 153),
(2176, 'Slik', 371),
(2177, 'Work VS', 505),
(2178, 'Fang', 167),
(2179, 'Lexsus RX350', 223),
(2180, 'Euromagic S02', 159),
(2181, 'Arbet', 43),
(2182, 'Rays United Arrows S-07', 338),
(2183, 'Work Meister S1', 498),
(2184, 'Enkei Sporsh B-Spec', 148),
(2185, 'Work Ewing', 493),
(2186, 'Elgrand', 134),
(2187, 'SSR Type C', 388),
(2188, 'Mercedes-Benz', 259),
(2189, 'Modex', 267),
(2190, 'Toms Misterio', 420),
(2191, 'Volk Raсing A-V', 448),
(2192, 'Weds Cerberus', 465),
(2193, 'Kyoho Steiner', 213),
(2194, 'Rays Arthur Exchange', 313),
(2195, 'Weds Kranze Borphes', 470),
(2196, 'Weds Bellona Artisan Spirit', 462),
(2197, 'BIM Kaiser', 75),
(2198, 'Rays VR EVO4', 349),
(2199, 'Rays VR AV3', 348),
(2200, 'Manaray Vertec VR5', 252),
(2201, 'AME Schrift', 35),
(2202, 'Work Schwert', 501),
(2203, 'V-evolution', 434),
(2204, 'Weds Bvllens', 464),
(2205, 'Rays BS-20', 314),
(2206, 'Axell', 61),
(2207, 'SSR Fellini', 384),
(2208, 'BIM Drift Master', 74),
(2210, 'Sprint Hart', 380),
(2211, 'Stuff', 399),
(2212, 'Manaray MJ9', 250),
(2213, 'YST X-16', 514),
(2214, 'Разборные', 530),
(2215, '47.5', 97),
(2216, '60.1', 22),
(2217, '6', 6),
(2218, '305', 18),
(2219, 'Work Elgrand', 480),
(2220, '108', 83),
(2221, 'SP Winter Sport M3', 388),
(2222, 'Aspec A349', 20),
(2223, 'Roadian HT', 351),
(2224, 'F106', 138),
(2225, 'Tracmax', 498),
(2226, 'Czech Republic', 6),
(2227, 'Excellens', 136),
(2228, 'Scorpion Verde', 362),
(2229, 'Я-462', 468),
(2230, '98/96', 4),
(2231, '107/105', 42),
(2232, 'Medved', 365),
(2233, 'Geolandar H/T-S', 155),
(2473, '0', 1),
(2474, '1', 2),
(2475, 'Excellence', 135),
(2476, 'Advan Sport', 16),
(2477, '0', 1),
(2478, '1', 2),
(2479, '2', 3),
(2480, '3', 4),
(2481, '4', 5),
(2482, '5', 6),
(2483, '1', 1),
(2484, '1', 1),
(2485, '1', 1),
(2486, '1', 1),
(2487, '1', 1),
(2488, '1', 1),
(2489, '1', 1),
(2490, '1', 1),
(2598, 'T559', 77),
(2599, 'VS', 86),
(2600, 'Type-C', 81),
(2601, 'S1', 64),
(2602, 'Precious', 53),
(2603, 'Gartmaier', 31),
(2604, 'B-Spec', 8),
(2605, 'Ewing', 28),
(2606, 'Spada', 71),
(2607, 'Circlar', 19),
(2608, 'Leonis', 47),
(2609, 'Zeit', 88),
(2610, 'Elgrand', 24),
(2611, 'XS2', 87),
(2612, 'Type C', 80),
(2613, 'Model 7', 50),
(2614, 'Misterio', 49),
(2615, 'S-05E-Star', 62),
(2616, 'Model6', 51),
(2617, 'VR5', 85),
(2618, 'A-V', 2),
(2619, 'Rivazza', 56),
(2620, 'Forged WAE', 30),
(2621, 'Bronx', 13),
(2622, 'RS-Z', 58),
(2623, 'Sparco', 72),
(2624, 'Koenig', 40),
(2625, 'DHS', 22),
(2626, 'RS', 57),
(2627, 'Cerberus', 16),
(2628, 'Sicurezza', 70),
(2629, 'Daytona-S', 21),
(2630, 'Steiner', 75),
(2631, 'Shallen', 69),
(2632, 'Zuenglein', 89),
(2633, 'Arthur Exchange', 5),
(2634, 'Kranze', 41),
(2635, 'Borphes', 12),
(2636, 'Euroline', 26),
(2637, 'Artisan Spirit', 6),
(2638, 'Kaiser', 39),
(2639, 'Virouge', 84),
(2640, 'Black Witch', 11),
(2641, 'EVO4', 27),
(2642, 'AV3', 7),
(2643, 'Vertec VR5', 83),
(2644, 'Black Mafia', 10),
(2645, 'Schrift', 68),
(2646, 'Bellona', 9),
(2647, 'Cerberus II', 17),
(2648, 'SC3', 66),
(2649, 'Bvllens', 15),
(2650, 'BS-20', 14),
(2651, 'Agle Strusse', 3),
(2652, 'Schneider', 67),
(2653, 'Lehrmeister', 46),
(2654, '03C', 1),
(2655, 'CRkai', 20),
(2656, 'TYPE-F ', 82),
(2657, 'Tempest Turbine', 78),
(2658, 'Fellini', 29),
(2659, 'Drift Master', 23),
(2660, 'Genome', 32),
(2661, 'SC2', 65),
(2662, 'J-Savior', 38),
(2663, 'Golt', 33),
(2664, 'LC 100', 42),
(2665, 'LC 200', 43),
(2666, 'H3', 35),
(2667, 'GX460', 34),
(2668, 'Prado 150', 52),
(2669, 'RX350', 61),
(2670, 'LC100', 44),
(2671, 'LX 570', 48),
(2672, 'LC200', 45),
(2673, 'RX 350', 60),
(2674, 'TLC 200', 79),
(2675, 'S02', 63),
(2676, 'Meister', 7),
(2677, 'EVY', 4),
(2678, 'Sporsh', 11),
(2680, 'United Arrows', 12),
(2681, 'Volk Raсing', 14),
(2682, 'Kranze', 6),
(2683, 'Volk Racing', 13),
(2684, 'Garson', 5),
(2685, 'Bellona', 2),
(2686, 'Schwert', 9),
(2687, 'XSA', 15),
(2688, 'Emotion', 3),
(2689, 'Speed Star Golt', 10),
(2690, 'Acura', 1),
(2691, 'Myrtle Kruz', 8),
(2692, 'AME', 16),
(2693, 'Nascar', 62),
(2694, 'Lowenhart', 54),
(2695, 'Top True', 87),
(2696, 'Work', 102),
(2697, 'Штамповки', 106),
(2698, 'BMW', 17),
(2699, 'Borbet', 18),
(2700, 'Duemila', 26),
(2701, 'Volvo', 96),
(2702, 'Toyota', 89),
(2703, 'Liso', 51),
(2704, 'Speedline', 78),
(2705, 'Arbet', 8),
(2706, 'Beo', 14),
(2707, 'VW', 97),
(2708, 'Advanti', 5),
(2709, 'Eurodesign', 30),
(2710, 'Sport Technik', 79),
(2711, 'Rays', 72),
(2712, 'Advan Racing', 4),
(2713, 'Subaru', 83),
(2714, 'Racing Hart', 70),
(2715, 'A-Tech', 3),
(2716, 'Technocast', 84),
(2717, 'PIAA', 67),
(2718, 'Stich', 82),
(2719, 'SSR', 80),
(2720, 'Nissan', 64),
(2721, 'Valbrem', 91),
(2722, 'Mazda', 57),
(2723, 'Enkei', 28),
(2724, 'BWA', 20),
(2725, 'Lizea', 52),
(2726, 'Mitsubishi', 59),
(2727, 'Rota', 73),
(2728, 'Voltec', 95),
(2729, 'Cross Speed', 23),
(2730, 'Verger', 93),
(2731, 'La Strada', 47),
(2732, 'American Racing', 6),
(2733, 'Zauber', 104),
(2734, 'Evo Racing', 33),
(2735, 'Weds', 100),
(2736, 'TMW', 85),
(2737, 'BIM', 15),
(2738, 'Gloria', 43),
(2739, 'Erglanz', 29),
(2740, 'Mercedes-Benz', 58),
(2741, 'BBS', 13),
(2742, 'Modex', 60),
(2743, 'AVS', 10),
(2744, '5Zigen', 1),
(2745, 'Toms', 86),
(2746, 'Legzas', 49),
(2747, 'Giro', 42),
(2748, 'Sicurezza', 75),
(2749, 'Manaray', 56),
(2750, 'Wrest', 103),
(2751, 'Impul', 44),
(2752, 'Rally', 71),
(2753, 'Fortible', 37),
(2754, 'Desmond', 25),
(2755, 'Eurohart', 31),
(2756, 'Touren', 88),
(2757, 'Progressive', 69),
(2758, 'Bridgestone', 19),
(2759, 'Gewalt', 41),
(2760, 'Kyoho', 46),
(2761, 'DAD', 24),
(2762, 'Longs', 53),
(2763, 'Neo Road', 63),
(2764, 'Stern', 81),
(2765, 'Exchange', 34),
(2766, 'S-Hold', 74),
(2767, 'Warwic', 99),
(2768, 'Wald', 98),
(2769, 'Gestalt', 40),
(2770, 'Passage', 66),
(2771, 'Various', 92),
(2772, 'Elegant', 27),
(2773, 'Carlsson', 21),
(2774, 'Garson', 39),
(2775, 'G-Square', 38),
(2776, 'V-evolution', 90),
(2777, 'Axell', 12),
(2778, 'Kaiser', 45),
(2779, 'AW', 11),
(2780, 'Loxarny', 55),
(2781, 'Verhalt', 94),
(2782, 'MZ Speed', 61),
(2783, '81 Motorsport', 2),
(2784, 'Amistad', 7),
(2785, 'OZ Racing', 65),
(2786, 'Leasing', 48),
(2787, 'Zeus Line', 105),
(2788, 'Blonks', 16),
(2789, 'Auto Couture', 9),
(2790, 'Wheelworld', 101),
(2791, 'Crimson', 22),
(2792, 'Slik', 77),
(2793, 'Ford', 36),
(2794, 'Prado', 68),
(2796, 'Skad', 76),
(2797, 'Fang', 35),
(2798, 'Lexus', 50),
(2799, 'Euromagic', 32),
(2800, 'Hummer', 107),
(2801, '0', 1),
(2802, '1', 2),
(2803, '2', 3),
(2804, '3', 4),
(2805, 'Altstadt', 31),
(2806, 'Enkei Subaru SAA', 150),
(2808, 'Crimson Rally Sparco', 118),
(2809, 'Rally Sparco', 55),
(2810, 'Rally Sparco', 17),
(2811, 'Effiplus', 231),
(2812, 'Himmer I', 207),
(2815, '40', 1),
(2816, '45', 2),
(2817, '215', 1),
(2818, '225', 2),
(2819, 'Алматы', 1),
(2820, 'Альметьевск', 2),
(2821, 'Армавир', 3),
(2822, 'Артем', 4),
(2823, 'Архангельск', 5),
(2824, 'Астрахань', 6),
(2825, 'Балаково', 7),
(2826, 'Березники', 11),
(2827, 'Бийск', 12),
(2828, 'Благовещенск', 13),
(2829, 'Борисоглебск', 14),
(2830, 'Братск', 15),
(2831, 'Брянск', 16),
(2832, 'Буденновск', 17),
(2833, 'Великий Новгород', 18),
(2834, 'Владимир', 20),
(2835, 'Волжский', 22),
(2836, 'Вологда', 23),
(2837, 'Дзержинск', 25),
(2838, 'Зеленодольск', 27),
(2839, 'Иваново', 28),
(2840, 'Йошкар-Ола', 31),
(2841, 'Калининград', 33),
(2842, 'Калуга', 34),
(2843, 'Каменск-Уральский', 35),
(2844, 'Киров', 37),
(2845, 'Кострома', 38),
(2846, 'Кузнецк', 41),
(2847, 'Курган', 42),
(2848, 'Липецк', 45),
(2849, 'Магнитогорск', 46),
(2850, 'Миасс', 47),
(2851, 'Мурманск', 49),
(2852, 'Набережные Челны', 50),
(2853, 'Нальчик', 51),
(2854, 'Невинномысск', 52),
(2855, 'Нефтекамск', 53),
(2856, 'Нижневартовск', 54),
(2857, 'Нижнекамск', 55),
(2858, 'Нижний Тагил', 57),
(2859, 'Новокузнецк', 58),
(2860, 'Новороссийск', 59),
(2861, 'Новочебоксарск', 61),
(2862, 'Ноябрьск', 62),
(2863, 'Орел', 64),
(2864, 'Оренбург', 65),
(2865, 'Орск', 66),
(2866, 'Пермь', 68),
(2867, 'Петрозаводск', 69),
(2868, 'Прокопьевск', 70),
(2869, 'Псков', 71),
(2870, 'Пятигорск', 72),
(2871, 'Россошь', 73),
(2872, 'Рыбинск', 75),
(2873, 'Рязань', 76),
(2874, 'Салават', 77),
(2875, 'Саранск', 80),
(2876, 'Саратов', 81),
(2877, 'Севастополь', 82),
(2878, 'Северодвинск', 83),
(2879, 'Симферополь', 84),
(2880, 'Смоленск', 85),
(2881, 'Сочи', 86),
(2882, 'Старый Оскол', 88),
(2883, 'Стерлитамак', 89),
(2884, 'Сызрань', 91),
(2885, 'Сыктывкар', 92),
(2886, 'Таганрог', 93),
(2887, 'Тамбов', 94),
(2888, 'Тверь', 95),
(2889, 'Туапсе', 98),
(2890, 'Тула', 99),
(2891, 'Ульяновск', 102),
(2892, 'Уфа', 103),
(2893, 'Хабаровск', 104),
(2894, 'Чебоксары', 105),
(2895, 'Череповец', 107),
(2896, 'Шахты', 109),
(2897, 'Энгельс', 110),
(2898, 'Ярославль', 111),
(2899, 'В пути', 112),
(2900, 'Hakkapeliitta 7', 201),
(2901, '1', 2),
(2902, 'HP1000', 208),
(2903, 'Zeetex', 587),
(2904, 'Varent Evolution', 437),
(2905, 'AMG', 40),
(2906, 'Le Mans RV502', 255),
(2907, 'SP Winter Ice01', 387),
(2908, 'P.R', 8),
(2909, 'Scorpion STR', 361),
(2910, 'Mak', 108),
(2911, '76', 59),
(2912, '270426', 27),
(2913, '87130', 29),
(2914, '114532', 31),
(2915, '10998', 22),
(2916, 'Blizzak DM-Z3', 31),
(2917, 'Enasave RV503', 128),
(2918, 'Hakkapeliitta R Sport Utility', 203),
(2919, 'SP Sport Maxx', 384),
(2920, '12', 17),
(2921, '48.1', 2),
(2922, '52.1', 4),
(2923, '54.1', 7),
(2924, '55.1', 9),
(2925, '56.1', 11),
(2926, '57.1', 14),
(2927, '58.1', 16),
(2928, '58.6', 17),
(2929, '59.1', 19),
(2930, '59.6', 20),
(2931, '64.1', 28),
(2932, '65.1', 31),
(2933, '66.6', 34),
(2934, '68.1', 37),
(2935, '69.1', 39),
(2936, '69.5', 40),
(2937, '70.1', 42),
(2938, '70.3', 43),
(2939, '70.6', 44),
(2940, '71.1', 46),
(2941, '71.6', 47),
(2942, '72.1', 49),
(2943, '72.6', 50),
(2944, '73.8', 55),
(2945, '74.1', 57),
(2946, '77.8', 60),
(2947, '78.1', 61),
(2948, '84.1', 62),
(2949, '86.1', 63),
(2950, '86.5', 64),
(2951, '87.1', 65),
(2952, '89.1', 66),
(2953, '92.5', 68),
(2954, '93.1', 69),
(2955, '95.3', 70),
(2956, '98.1', 71),
(2957, '100.1', 73),
(2958, '104.1', 75),
(2959, '105.1', 77),
(2960, '106.1', 78),
(2961, '106.6', 80),
(2962, '107.1', 81),
(2963, '107.6', 82),
(2964, '108.1', 84),
(2965, '108.5', 85),
(2966, '110.1', 87),
(2967, '113.1', 88),
(2968, '114.1', 89),
(2969, '114.6', 90),
(2970, '116.1', 91),
(2971, '117', 92),
(2972, '121', 94),
(2973, '124.1', 95),
(2974, '125', 96),
(2975, '130', 97),
(2976, '138.8', 98),
(2977, '142.1', 99),
(2978, '161', 101),
(2979, 'Weds Bellona', 461),
(2980, 'Weds Kranze', 469),
(2981, '2', 3),
(2982, '3', 4),
(2983, '4', 5),
(2984, '0', 1),
(2985, '1', 2),
(2986, '2', 3),
(2987, '3', 4),
(2988, '4', 5),
(2989, '5', 6),
(2990, '6', 7),
(2991, '7', 8),
(2992, '1757809', 24),
(2993, 'Chevrolet', 18),
(2994, 'RW', 59),
(2995, 'Hyundai', 37),
(2996, 'Hyundai', 109),
(2997, 'Chevrolet', 110),
(2998, 'Chevrolet', 111),
(2999, 'Xtrake', 511),
(3000, '0', 1),
(3001, '1991345', 25),
(3002, '1176112', 26),
(3003, '2212992', 28),
(3004, 'Bridgestone Playz', 79),
(3005, 'Bridgestone Sneaker snk2', 114),
(3006, 'Bridgestone Ecopia  ex20rv', 62),
(3007, 'Northtrek N3', 414),
(3008, 'Dunlop enasave ec 300', 165),
(3009, 'Yokohama BluEarth RV-01', 531),
(3010, 'Pirelli Cinturato P7', 424),
(3011, 'Pirelli Winter Ice Control', 438),
(3012, 'Bridgestone Blizzak Revo1', 34),
(3013, 'Bridgestone Regno GR-XT', 110),
(3014, 'Bridgestone Blizzak Revo GZ', 33),
(3015, 'Michelin Pilot Preceda', 381),
(3016, 'Yokohama BluEarth-A', 532),
(3017, 'Falken Espia EPZ', 241),
(3018, 'Nankang AS-1', 392),
(3019, 'Yokohama DNA Grand map ES450', 540),
(3020, 'Bridgestone Potenza RE050A', 93),
(3021, 'Bridgestone Potenza S001', 100),
(3022, 'Bridgestone Sneaker', 113),
(3023, 'Yokohama advan  dB decibel', 520),
(3024, 'Pirelli P Zero Rosso', 427),
(3025, 'Goodyear GT-Eco Stage', 294),
(3026, 'Triangle Group TR958', 506),
(3027, 'Aotel', 6),
(3028, 'Yokohama DNA map ES340', 541),
(3029, 'Goodyear EfficientGrip', 289),
(3030, 'Bridgestone Blizzak Revo2', 35),
(3031, 'Yokohama Ice Guard IG20', 561),
(3032, 'Dunlop DSV-01', 156),
(3033, 'Yokohama Aspec', 526),
(3034, 'Firestone Firehawk Wide Oval', 260),
(3035, 'Dunlop DSX', 157),
(3036, 'Yokohama DNA Ecos ES300', 539),
(3037, 'Bridgestone Nextry Ecopia', 78),
(3038, 'Bridgestone Potenza RE050', 92),
(3039, 'Bridgestone Ecopia PRV', 69),
(3040, 'Dunlop Enasave 31', 164),
(3041, 'Yokohama S70D', 576),
(3042, 'Michelin X-Ice', 387),
(3043, 'Yokohama Guardex F720', 557),
(3044, 'Pirelli Winter Ice Storm', 439),
(3045, 'Bridgestone Blizzak MZ-03', 30),
(3046, 'Bridgestone Playz PZ1', 81),
(3047, 'Yokohama Ice Guard IG30', 562),
(3048, 'zetro ice edge neo', 589),
(3049, 'Dunlop Winter Maxx', 225),
(3050, 'Bridgestone Ice Partner', 73),
(3051, 'Michelin saver', 386),
(3052, 'Dunlop Grandtrek SJ6', 182),
(3053, 'Dunlop DSX-2', 158),
(3054, 'Yokohama Ice Guard', 558),
(3055, 'Goodyear Ice Navi Zea II', 300),
(3056, 'BFGoodrich All-Terrain T/A', 12),
(3057, 'Dunlop Enasave RV503', 169),
(3058, 'Bridgestone Playz RV  PRV-1', 83),
(3059, 'Yokohama Geolandar M/T G001', 555),
(3060, 'Yokohama Advan Sport', 523),
(3061, 'Bridgestone Blizzak DM-Z3', 27),
(3062, 'Bridgestone Blizzak DM-V1', 24),
(3063, 'Dunlop Grandtrek SJ7', 183),
(3064, 'Pirelli Scorpion Verde', 436),
(3065, 'BFGoodrich Mud-Terrain T/A KM2', 13),
(3066, 'Kumho Ecsta ASX', 337),
(3067, 'Michelin Pilot Sport 3', 383),
(3068, 'Nitto NT555 Extreme ZR', 405),
(3069, 'NO', 406),
(3070, 'Goodyear Eagle RV-S Eco', 288),
(3071, 'Bridgestone Playz RV', 82),
(3072, 'Bridgestone Ecopia EX20', 68),
(3073, 'Marangoni Mythos', 350),
(3074, 'Kumho Solus KH17', 347),
(3075, 'Bridgestone Ecopia PZ-X', 70),
(3076, 'Bridgestone Playz PZ-X', 80),
(3077, 'Bridgestone Potenza RE750', 97),
(3078, 'Falken Ziex ZE-912', 250),
(3079, 'Bridgestone Turanza ER33', 121),
(3080, 'Pirelli Dragon', 425),
(3081, 'Hankook XQ Optimo H 422', 320),
(3082, 'Goodyear Eagle Revspec RS-02', 285),
(3083, 'Goodyear Ice Navi Hybrid Zea', 297),
(3084, 'Kumho Ice Power KW21', 343),
(3085, 'Yokohama F700', 543),
(3086, 'Yokohama Avs dB decibel E70', 527),
(3087, 'Yokohama S.drive', 573),
(3088, 'Toyo Tranpath MP4', 486),
(3089, 'Michelin Energy Saver', 372),
(3090, 'Bridgestone Potenza RE010', 90),
(3091, 'Dunlop Le Mans LM703', 196),
(3092, 'Dunlop Direzza Sport Z1', 154),
(3093, 'Bridgestone B250', 21),
(3094, 'Dunlop Veuro VE 302', 223),
(3095, 'Bridgestone TS-02', 120),
(3096, 'Interstate Eco Tour Plus', 326),
(3097, 'Continental ContiSportContact 3', 138),
(3098, 'Doublestar DS 810', 150),
(3099, 'Continental ContiSportContact 2', 137),
(3100, 'Goodyear Eagle LS2000 Hybrid2', 283),
(3101, 'Bridgestone Grid II', 71),
(3102, 'Bridgestone Potenza RE-11', 89),
(3103, 'Rotalla F105', 449),
(3104, 'Dunlop SP Sport 01A', 209),
(3105, 'Bridgestone Regno GR-8000', 108),
(3106, 'Dunlop Le Mans RV502', 198),
(3107, 'Goodyear Wrangler IP/N', 306),
(3108, 'Goodyear Eagle LS Premium', 281),
(3109, 'Bridgestone Regno GR-9000', 109),
(3110, 'Bridgestone  VL1', 16),
(3111, 'Yokohama Geolandar H/T', 548),
(3112, 'Pirelli P4 Four Seasons', 428),
(3113, 'Continental ContiEcoContactCP', 132),
(3114, 'Continental ContiSportContact', 136),
(3115, 'Bridgestone B-style EX', 19),
(3116, 'Pinso PS-91', 418),
(3117, 'Hankook Optimo', 313),
(3118, 'Pirelli P Zero Asimmetrico', 426),
(3119, 'Nexen N7000', 401),
(3120, 'Alutec', 32),
(3121, 'RAYS volk racing  AV3', 343),
(3122, 'rinspeed', 355),
(3123, 'Toyota Caldina', 427),
(3124, 'Artec', 45),
(3125, 'Claire', 113),
(3126, 'Arrius', 44),
(3127, 'Drive', 129),
(3128, 'Hot Stuff Cross Speed', 190),
(3129, 'Peugeot', 285),
(3130, 'SSR Type-C', 389),
(3131, 'Buddy Club P1', 103),
(3132, 'Штамповка', 532),
(3133, 'D5', 123),
(3134, 'GYRAFT', 184),
(3135, 'SUBARU Enkei', 403),
(3136, 'B.I.M. DHS051', 66),
(3137, 'Kaisrer', 209),
(3138, '5ZIGEN  FN-01A', 5),
(3139, 'Weds buillens', 463),
(3140, 'AVS  model 7', 54),
(3141, 'RAYS VOLK RACING  EVO3', 345),
(3142, 'Zina', 521),
(3143, 'Nankang NS-2', 394),
(3144, 'Kumho Ecsta V710', 341),
(3145, 'Yokohama DNA S.drive ES03', 542),
(3146, 'Formula', 172),
(3147, '1628833', 30),
(3148, 'Fabulous', 165),
(3149, 'AVS Model 5', 55),
(3150, 'Weds RS-5', 473),
(3151, 'Enkei Rivazza Tuner', 141),
(3152, 'Advan XI', 22),
(3153, 'Venerdi', 440),
(3154, 'Weds Sport SA-15R', 475),
(3155, 'Dunlop Grandtrek ST20', 184),
(3156, 'Dunlop SP Sport Maxx TT', 219),
(3157, 'Yokohama sy797', 583),
(3158, 'Triangle Group TR968', 507),
(3159, 'Triangle Group TR257', 503),
(3160, 'Bridgestone Potenza re97as', 98),
(3161, 'Amtel Planet T-301', 5),
(3162, 'Dunlop Grandtrek AT3', 176),
(3163, 'Bridgestone Dueler A/T 697', 45),
(3164, 'Bridgestone Ecopia EP850', 66),
(3165, 'Amtel Planet DC', 4),
(3166, 'Nokian Nordman SX', 409),
(3167, 'Dunlop SP Sport LM704', 214),
(3168, 'Dunlop SP Touring T1', 220),
(3169, 'Dunlop Winter Maxx SJ8', 226),
(3170, 'Goodyear Ice Navi', 296),
(3171, 'Continental ContiPremiumContact 2', 133),
(3172, 'Bridgestone m810', 75),
(3173, 'Bridgestone Duravis R250', 59),
(3174, 'Yokohama ry103', 569),
(3175, 'Yokohama ry108', 570),
(3176, 'Bridgestone R202', 101),
(3177, 'Bridgestone Dueler H/T 684II', 56),
(3178, 'Goodyear Wrangler RT/S', 307),
(3179, 'Yokohama ry108a', 571),
(3180, 'Pirelli PZero Rosso', 433),
(3181, 'Bridgestone M779', 74),
(3182, 'Yokohama ry237', 572),
(3183, 'Bridgestone Potenza RE040', 91),
(3184, 'Yokohama Delivery Star 919', 534),
(3185, 'Dunlop SP Sport 270', 211),
(3186, 'Yokohama Geolandar H/T-S', 549),
(3187, 'Bridgestone Blizzak DM-V2', 25),
(3188, 'Bridgestone Dueler H/P Sport', 51),
(3189, 'Bridgestone Dueler H/P Sport AS', 52),
(3190, 'Yokohama Geolandar I/T-S G073', 554),
(3191, 'Dunlop SP Sport Maxx GT', 218),
(3192, 'Kinforest KF550', 331),
(3193, 'Triangle Group TR918', 504),
(3194, 'Bridgestone Blizzak VRX', 36),
(3195, 'Toyo Proxes ST II', 481),
(3196, 'Toyo Open Country A/T', 476),
(3197, 'Toyo NanoEnergy 3', 469),
(3198, 'Starfire RS-R 1.0', 456),
(3199, 'Dunlop Grandtrek ST30', 185),
(3200, 'Dunlop Grandtrek AT23', 175),
(3201, 'Yokohama BluEarth e75', 530),
(3202, 'Dunlop Grandtrek AT20', 173),
(3203, 'Nitto Invo', 404),
(3204, 'Toyo Proxes', 478),
(3205, 'Dunlop Grandtrek SJ5', 181),
(3206, 'Dunlop Grandtrek PT2', 179),
(3207, 'Yokohama sy 797', 580),
(3208, 'Cooper CS4 Touring', 141),
(3209, 'Continental ContiCrossContact LX', 130),
(3210, 'Goodride SU 318', 270),
(3211, 'Bridgestone Sports Tourer MY-01', 116),
(3212, 'Toyo Observe GSi-5', 474),
(3213, 'Dunlop SP Sport 5000', 212),
(3214, 'Goodyear EfficientGrip SUV', 290),
(3215, 'Yokohama AC02 C.Drive 2', 518),
(3216, 'Radar Dimax R8', 443),
(3217, 'Toyo hyparadial m130', 466),
(3218, 'Durun M626', 230),
(3219, 'Comforser CF3000', 127),
(3220, 'Continental ContiProContact', 135),
(3221, 'Toyo Proxes R36', 480),
(3222, 'Bridgestone Dueler H/P 680', 50),
(3223, 'Triangle Group TR928', 505),
(3224, 'Triangle Group TR978', 508),
(3225, 'Goodyear Assurance', 273),
(3226, 'Dunlop Graspic DS3', 190),
(3227, 'Cooper Discoverer H/T', 143),
(3228, 'Chengshan CSR72', 125),
(3229, 'Starfire RS-C 2.0', 455),
(3230, 'Mastercraft Courser HTR', 353),
(3231, 'Bridgestone Dueler H/L Alenza', 48),
(3232, 'Yokohama Geolandar G91A', 547),
(3233, 'Michelin Latitude Tour HP', 374),
(3234, 'Yokohama my247', 567),
(3235, '1', 2),
(3236, 'Spirits', 377),
(3237, 'MKW', 264),
(3238, 'Sparco', 372),
(3239, 'Manaray Euro Design', 248),
(3240, 'Bridgestone Dueler A/T', 44),
(3241, 'Falken Espia', 238),
(3242, 'Dunlop Graspic DS2', 189),
(3243, 'Yokohama Guardex', 556),
(3244, 'Goodyear Ice Navi NH', 298),
(3245, 'Michelin Maxi Ice', 376),
(3246, 'Bridgestone Blizzak', 23),
(3247, 'Yokohama SY01', 581),
(3248, 'Durun A-One', 229),
(3249, 'Toyo Proxes T1 Sport', 482),
(3250, 'Toyo Tranpath R30', 489),
(3251, 'Rotalla F107', 450),
(3252, 'Yokohama SY900', 584),
(3253, 'Bridgestone Blizzak W965', 37),
(3254, 'Toyo Observe Garit G30', 472),
(3255, 'Tracmax F106', 499),
(3256, 'Yokohama Geolandar I/T G072', 551),
(3257, 'Toyo Garit G4', 463),
(3258, 'Dunlop SP Sport', 207),
(3259, 'Falken Espia EP-03', 240),
(3260, 'Toyo Tranpath S/U', 490),
(3261, 'Dunlop Graspic DS1', 188),
(3262, 'Toyo Garit G5', 464),
(3263, 'Dunlop SP', 201),
(3264, 'Falken Sincera WG-713', 248),
(3265, 'Bridgestone B-style RV', 20),
(3266, 'Yokohama Delivery Star 808', 533),
(3267, 'Pirelli Cinturato P3000', 421),
(3268, 'Federal Formoza FD2', 253),
(3269, 'Dunlop Enasave', 162),
(3270, 'Dunlop SP Sport 230', 210),
(3271, 'Dunlop Graspic HS-3', 191),
(3272, 'Dunlop Graspic', 186),
(3273, 'Michelin Drice', 369),
(3274, 'Falken Sincera SN-828', 247),
(3275, 'Rockstone F105', 446);
INSERT INTO `variant` (`id`, `value`, `sort`) VALUES
(3276, 'Bridgestone Duravis R670', 60),
(3277, 'Bridgestone Blizzak Extra PM-30', 28),
(3278, 'Yokohama S207', 574),
(3279, 'Bridgestone Blizzak Revo', 31),
(3280, 'Bridgestone Blizzak Revo 969', 32),
(3281, 'Toyo Observe', 470),
(3282, 'Toyo Observe Garit SV', 473),
(3283, 'Achilles ATR Sport', 2),
(3284, 'Goodyear Wrangler HP', 305),
(3285, 'Hankook Winter i*cept', 319),
(3286, 'Luccini Buono Sport', 349),
(3287, 'Dunlop Veuro VE 303', 224),
(3288, 'Nexen N3000', 399),
(3289, 'Kumho Ecsta STX KL12', 340),
(3290, 'Maxgrade S2', 355),
(3291, 'Maxgrade S3', 356),
(3292, 'Hankook DynaPro HP RA23', 311),
(3293, 'Goodyear G47 FlexSteel', 291),
(3294, 'Dunlop Enasave LRR', 168),
(3295, 'Falken Sincera', 245),
(3296, 'Kumho Solus KH16', 346),
(3297, 'BFGoodrich', 11),
(3298, 'Bridgestone Playz RV Ecopia PRV-1', 84),
(3299, 'Dunlop Le Mans', 192),
(3300, 'Yokohama DNA', 535),
(3301, 'Hankook Ventus', 316),
(3302, 'Yokohama - Earth-1', 516),
(3303, 'Bridgestone Ecopia EP25', 65),
(3304, 'Maxxis MA-656', 362),
(3305, 'Yokohama BluEarth', 529),
(3306, 'Toyo Nano Energy 3', 468),
(3307, 'Bridgestone Dueler H/T 687', 57),
(3308, 'Yokohama Dna db', 536),
(3309, 'Dunlop Eco EC 201', 161),
(3310, 'Michelin Pilot HX', 378),
(3311, 'Bridgestone Potenza GIII', 86),
(3312, 'Bridgestone R600', 102),
(3313, 'Dunlop Enasave EC202', 166),
(3314, 'Maxxis MA-V1', 363),
(3315, 'Dunlop DV-01', 160),
(3316, 'Dunlop SP 175', 202),
(3317, 'Toyo Tranpath', 484),
(3318, 'Nexen N5000', 400),
(3319, 'Barum Brillantis', 9),
(3320, 'Bridgestone Regno', 107),
(3321, 'Pirelli Cinturato P4', 422),
(3322, 'Bridgestone B-style', 18),
(3323, 'Toyo Eco Walker', 462),
(3324, 'Dunlop Le Mans LM702', 195),
(3325, 'Goodyear Eagle', 276),
(3326, 'Kenda Komet SPT-1 KR10', 330),
(3327, 'Goodride SP 06', 269),
(3328, 'Yokohama A200', 517),
(3329, 'Joyroad Sport RX6', 328),
(3330, 'Haida HD921', 308),
(3331, 'Dunlop SP Sport Maxx', 215),
(3332, 'Bridgestone B390', 22),
(3333, 'Michelin Pilot HX MXM', 379),
(3334, 'Toyo V-02', 492),
(3335, 'Michelin Energy MXV4', 371),
(3336, 'Yokohama ProForce RY01', 568),
(3337, 'Hankook Radial RA08', 315),
(3338, 'Maxtrek SU-800', 361),
(3339, 'Firestone FR 480', 261),
(3340, 'Duran', 227),
(3341, 'Goodyear Cargo Pro', 274),
(3342, 'Membat', 366),
(3343, 'Kumho Road Venture', 344),
(3344, 'Dunlop SP LT 5', 206),
(3345, 'Bridgestone Potenza', 85),
(3346, 'Mobisys', 390),
(3347, 'Exnova sv', 235),
(3348, 'Pirelli P400 Aquamile', 429),
(3349, 'Toyo VA-1', 493),
(3350, 'Toyo Teo Plus', 483),
(3351, 'Bridgestone Dueler H/P', 49),
(3352, 'Yokohama DNA Earth-1 EP400', 538),
(3353, 'Kumho Ecsta SPT', 339),
(3354, 'Bridgestone Dueler H/T', 53),
(3355, 'Toyo Winter Tranpath MK3', 496),
(3356, 'Dunlop Le Mans LM704', 197),
(3357, 'Dunlop Veuro VE', 222),
(3358, 'Dunlop Graspic DS-V', 187),
(3359, 'Goodyear Ice Navi Zea', 299),
(3360, 'Toyo Tranpath mpF', 487),
(3361, 'Nankang SN-1', 395),
(3362, 'Bridgestone ST30', 118),
(3363, 'Toyo Winter Tranpath MK4', 497),
(3364, 'Jinyu YW52', 327),
(3365, 'Marshal Ice King KW21', 352),
(3366, 'Bridgestone ST20', 117),
(3367, 'Yokohama Geolandar I/T+ G071', 553),
(3368, 'Falken Landair SL S-112', 243),
(3369, 'Goodyear Ducaro', 275),
(3370, 'Nexen Radial N3000', 402),
(3371, 'Nexen CP672', 398),
(3372, 'Nomadic', 410),
(3373, 'Michelin Primacy LC', 385),
(3374, 'Dunlop Performa', 200),
(3375, 'Yokohama SY107', 582),
(3376, 'Milestar', 389),
(3377, 'Michelin Energy MXV3A', 370),
(3378, 'Toyo Tranpath S1', 491),
(3379, 'Toyo Observe Garit', 471),
(3380, 'Goodyear Eagle NCT 5', 284),
(3381, 'Toyo Winter Tranpath', 494),
(3382, 'Continental ContiPremiumContact 3', 134),
(3383, 'Yokohama Advan', 519),
(3384, 'Bridgestone Blizzak MZ-02', 29),
(3385, 'Pirelli Scorpion Ice&Snow', 435),
(3386, 'Michelin Latitude X-Ice', 375),
(3387, 'Federal Himalaya SUV', 254),
(3388, 'Toyo Tranpath mpZ', 488),
(3389, 'Yokohama Advan dB v551', 522),
(3390, 'Goodyear Eagle LS', 277),
(3391, 'Falken Landair CT02', 242),
(3392, 'Bridgestone Blizzak W969', 38),
(3393, 'Goodyear IceGrip SUG103', 301),
(3394, 'Toyo Winter Tranpath M2', 495),
(3395, 'Dunlop SP Sport 01', 208),
(3396, 'Yokohama Geolandar A/T-S G012', 546),
(3397, 'Goodyear GT-080', 293),
(3398, 'Yokohama Geolandar', 545),
(3399, 'Triangle Group', 502),
(3400, 'Bridgestone TS-01', 119),
(3401, 'Trampio', 500),
(3402, 'Pirelli Cinturato P5', 423),
(3403, 'Nitto', 403),
(3404, 'Wanli S-1097', 513),
(3405, 'Bridgestone RD613 Steel', 106),
(3406, 'Sunew', 457),
(3407, 'Deruibo', 149),
(3408, 'Firestone Firehawk', 258),
(3409, 'Bridgestone Ecopia EX10', 67),
(3410, 'Yokohama G95', 544),
(3411, 'Eldorado Crusader 2', 232),
(3412, 'Ventus', 511),
(3413, 'Bridgestone Dueler H/L', 46),
(3414, 'Yokohama DNA Earth-1', 537),
(3415, 'Cooper Cobra', 140),
(3416, 'Continental ContiEcoContact', 131),
(3417, 'Falken Ziex', 249),
(3418, 'Michelin XZA', 388),
(3419, 'Bridgestone Ecopia EP100', 63),
(3420, 'Dunlop Grandtrek AT2', 172),
(3421, 'Kenda Komet Plus KR23', 329),
(3422, 'Bridgestone Ecopia', 61),
(3423, 'Yokohama Ice Guard IG10', 560),
(3424, 'Yokohama Geolandar I/T', 550),
(3425, 'Bridgestone Potenza S-07', 99),
(3426, 'Yokohama Ice Guard Black IG20', 559),
(3427, 'Bridgestone B-RV AQ', 17),
(3428, 'Maxrun', 357),
(3429, 'Nankang XR-611', 396),
(3430, 'Barum Brillantis 2', 10),
(3431, 'Hifly', 322),
(3432, 'Dunlop Grandtrek SJ3', 180),
(3433, 'Toyo Proxes C1S', 479),
(3434, 'Toyo - M917 Hyparadial', 459),
(3435, 'Maxtrek Ingens A1', 360),
(3436, 'Kumho Solus', 345),
(3437, 'Ovation VI-702', 417),
(3438, 'Federal Formoza FD1', 252),
(3439, 'Goodyear GT-Hybrid', 295),
(3440, 'Michelin MXT', 377),
(3441, 'Yokohama Job RY52', 566),
(3442, 'Michelin Pilot HX MXV3-A', 380),
(3443, 'Firestone - FR 10', 257),
(3444, 'Goodyear GT 080', 292),
(3445, 'Goodyear Eagle LS 2000', 278),
(3446, 'Pirelli P6000', 431),
(3447, 'Falken Espia EP-01', 239),
(3448, 'Kumho I''Zen KW15', 342),
(3449, 'Firestone Firehawk 690', 259),
(3450, 'Bridgestone V-steel mix M810', 123),
(3451, 'Michelin Energy XM1', 373),
(3452, 'Yokohama  Earth-1', 515),
(3453, 'Bridgestone V-steel', 122),
(3454, 'Cooper Discoverer ATR', 142),
(3455, 'Pirelli P7', 432),
(3456, 'Goodyear RS-02', 303),
(3457, 'Yokohama Geolandar I/T+', 552),
(3458, 'Radar RPX800', 444),
(3459, 'Dunlop SP LT', 203),
(3460, 'BFGoodrich Touring T/A', 14),
(3461, 'Goodyear Ultra Grip Ice', 304),
(3462, 'Dunlop DR2', 155),
(3463, 'Ohtsu Snow Echo', 415),
(3464, 'Yokohama Avs S/T type-1 V801', 528),
(3465, 'Dunlop SP LT 33', 205),
(3466, 'Bridgestone Holonic WT-07', 72),
(3467, 'Yokohama Super Snow 733', 578),
(3468, 'Falken - ZIEX ZE502', 237),
(3469, 'Bridgestone RD-650 Steel', 105),
(3470, 'Dunlop Liner Express MK-II', 199),
(3471, 'Dunlop SP LT 01', 204),
(3472, 'Gislaved Speed', 267),
(3473, 'Hankook DynaPro i*cept RW08', 312),
(3474, 'Kumho Ecsta KH11', 338),
(3475, 'Bridgestone Duravis', 58),
(3476, 'Evergreen EW66', 234),
(3477, 'Yokohama Super Steel RY 237', 579),
(3478, 'Sportiva Z 45', 454),
(3479, 'Goodyear  Custom Hi-Miler', 272),
(3480, 'Yokohama SnowSafety', 577),
(3481, 'Toyo - Trampio Guwn', 460),
(3482, 'Bridgestone Snow Grip Spike', 115),
(3483, 'Yokohama Y-776', 585),
(3484, 'Dunlop SP068', 221),
(3485, 'Bridgestone Potenza Re711', 96),
(3486, 'Toyo Observe X-9', 475),
(3487, 'Falken Sincera SN-807', 246),
(3488, 'Toyo M140', 467),
(3489, 'Yokohama ZEN701ZE', 586),
(3490, 'Bridgestone Mighty Rib', 76),
(3491, 'Bridgestone RD-108 Steel', 104),
(3492, 'Nokian Hakkapeliitta 7', 408),
(3493, 'Bridgestone Dueler H/T 684', 54),
(3494, 'Fullrun HP199', 263),
(3495, 'Bridgestone Potenza RE050A II', 94),
(3496, 'Hot Stuff Passage', 191),
(3497, 'BADX S-Hold', 68),
(3498, 'Exchange Meister', 164),
(3499, 'AC Schnitzer', 15),
(3500, 'Speed', 373),
(3501, 'литой', 527),
(3502, 'Hot Stuff Waren', 192),
(3503, 'Litio', 232),
(3504, 'Комплект литых дисков', 523),
(3505, 'Штампованные диски', 531),
(3506, 'Комплект разношироких разборных дисков 18', 526),
(3507, 'Комплект литых дисков 17"', 525),
(3508, 'Hyperion', 195),
(3509, 'Black', 78),
(3510, 'AutoCouture', 53),
(3511, '-', 1),
(3512, 'Verde', 443),
(3513, 'B.I.M', 64),
(3514, 'LAVA', 216),
(3515, 'Airberg', 26),
(3516, 'Seval', 368),
(3517, 'Bridgestone Alpha', 94),
(3518, 'Bridgestone FEID', 98),
(3519, 'Cyber', 122),
(3520, 'Toprun', 422),
(3521, 'Комплект литых дисков 15"', 524),
(3522, 'ASC', 47),
(3523, 'Work Varianza', 503),
(3524, 'K&K Атлас', 207),
(3525, 'Банан', 522),
(3526, 'Bridgestone Revo1', 112),
(3527, 'Bridgestone DMZ-3', 42),
(3528, 'Bridgestone DM-V1', 40),
(3529, 'Bridgestone Revo GZ', 111),
(3530, 'Dayton D320', 148),
(3531, 'Goodyear IceNavyZeaII', 302),
(3532, 'Yokohama IG20', 564),
(3533, 'Pirelli Scortion ICE &Snow', 437),
(3534, 'Dunlop DSX2', 159),
(3535, 'Yokohama IG30', 565),
(3536, 'Gislaved Nord Frost 5', 266),
(3537, 'Dunlop Direzza', 152),
(3538, 'Bridgestone DMV-1', 41),
(3539, 'Northtrek N2', 413),
(3540, 'Michelin 4x4 Synchrone', 368),
(3541, 'Goodyear Eagle LS2000', 282),
(3542, 'Michelin Primacy HP', 384),
(3543, 'Hankook Optimo K415', 314),
(3544, 'Pirelli Scorpion', 434),
(3545, 'Cordiant Sport', 146),
(3546, 'Bridgestone Dueler H/T 684 II', 55),
(3547, 'Bridgestone BStyle', 39),
(3548, 'Hankook Ventus ME01 K114', 317),
(3549, 'Riverside', 356),
(3550, 'Progress', 296),
(3551, 'Manaray Vertec', 251),
(3552, 'Monza Warwick', 268),
(3553, 'CELSIOR', 107),
(3554, '8457', 10),
(3555, '7406', 7),
(3556, '7411', 8),
(3557, 'RAYS G-Games', 319),
(3558, 'Ronal', 358),
(3559, 'Technocast Corsia', 414),
(3560, 'TOMS', 419),
(3561, '3SDM', 3),
(3562, 'Yokohama Ice Guard IG50', 563),
(3563, 'Wan Li', 512),
(3564, 'Good Year', 268),
(3565, 'Hasemi', 186),
(3566, 'SSR Integral GT-1', 386),
(3567, 'Work Emotion CR-Kiwami', 486),
(3568, 'Drag', 128),
(3569, 'Enkei STI', 149),
(3570, 'Subaru Auto Accessories', 401),
(3571, 'Rays Gram Lights 57G', 325),
(3572, 'Rays Engineering Versus SS-7', 317),
(3573, 'Rays Volk Racing G2', 347),
(3574, 'Taneisha', 409),
(3575, 'Rays Volk Racing Daytona', 346),
(3576, 'Taneisha Techni Craft T6', 411),
(3577, 'Sprint Hart CP-F Tune', 381),
(3578, 'Rays Forged MAG JGTC', 318),
(3579, 'Subaru C51', 402),
(3580, 'Black Racing Pro N1', 80),
(3581, 'Rays Carving', 315),
(3582, 'PDW Vossen', 283),
(3583, 'PDW Rays TE-37', 282),
(3584, 'Altia N-1', 30),
(3585, 'Rays TE-37', 334),
(3586, 'Vossen', 453),
(3587, 'AME Tracer TSSC', 37),
(3588, 'Interceptor', 201),
(3589, 'Work Emotion CR WAE', 483),
(3590, 'Enkei S2000', 145),
(3591, 'Impul NS-GT', 199),
(3592, 'SSR Tommy kaira Pro-R', 387),
(3593, 'ATS DTC', 49),
(3594, 'Prodrive GC06D', 294),
(3595, 'Taneisha Racing Gear Stark', 410),
(3596, 'VST Super Monoblock', 454),
(3597, 'ProDrive GC-05F', 293),
(3598, 'BIM Zeit RS', 77),
(3599, 'Vex Sport', 446),
(3600, 'Onsoku Model 7', 277),
(3601, 'Radius R12', 307),
(3602, 'PDW Work Equip', 284),
(3603, 'Veni GT', 442),
(3604, 'Honda Mugen', 189),
(3605, 'Advan RC', 20),
(3606, 'Rays Gram Lights Optimise', 326),
(3607, 'Rial', 353),
(3608, 'Enkei RP-F1', 143),
(3609, 'Rays Engineering Sesto Competizione', 316),
(3610, 'Taneisha TWS Tycoon', 412),
(3611, 'Bridgestone DHS AE034', 97),
(3612, 'Enkei GTC01', 139),
(3613, 'Rays Genome G-Roots', 322),
(3614, 'Rays Zelda Try Force', 350),
(3615, 'A-Tech Eraser', 12),
(3616, 'Enkei RP-01', 142),
(3617, 'Opel', 278),
(3618, 'Rial Daytona', 354),
(3619, 'Fondmetal', 170),
(3620, 'Subaru STI', 404),
(3621, 'KUNTZ', 211),
(3623, 'Mitsubishi  canter', 263),
(3624, 'CENTER  -  LINE CONVO PRO', 108),
(3625, 'Desmond', 125),
(3626, 'Mickey Thompson', 260),
(3627, 'M''z SPEED', 242),
(3628, 'prodriue', 291),
(3629, 'CENTER  LINE', 109),
(3630, 'LODIO  DRIVE', 234),
(3631, 'MMC CANTER', 265),
(3632, 'TOYOTA DYNA 2003 XZU302', 428),
(3633, 'RACING  SPARCO', 300),
(3634, 'MMC CANTER=-guts', 266),
(3635, 'ADVAN    RC //', 18),
(3636, 'RAYS Versus SS7', 340),
(3637, 'RACING SPARCO', 305),
(3638, 'AEZ', 24),
(3639, 'Yokohama Advan A048', 521),
(3640, 'Toyo Tranpath Lu', 485),
(3641, 'Federal SS595', 255),
(3642, 'Bridgestone Potenza RE-01', 87),
(3643, 'Dunlop Le Mans LM 704', 193),
(3644, 'Toyo DRB', 461),
(3645, 'Bridgestone Dueler', 43),
(3646, 'Bridgestone Blizzak DM-Z2', 26),
(3647, 'Dunlop Le Mans LM602', 194),
(3648, '-98', 1),
(3649, '-88', 2),
(3650, '-65', 3),
(3651, '-50', 4),
(3652, '-46', 5),
(3653, '-44', 6),
(3654, '-40', 7),
(3655, '-38', 8),
(3656, '-36', 9),
(3657, '-35', 10),
(3658, '-34', 11),
(3659, '-32', 12),
(3660, '-30', 13),
(3661, '-28', 14),
(3662, '-25', 15),
(3663, '-24', 16),
(3664, '-22', 17),
(3665, '-20', 18),
(3666, '-16', 19),
(3667, '-15', 20),
(3668, '-14', 21),
(3669, '-8', 25),
(3670, '-7', 26),
(3671, '-6', 27),
(3672, '-2', 29),
(3673, '-1', 30),
(3674, '0', 31),
(3675, '1', 32),
(3676, '2', 33),
(3677, '3', 34),
(3678, '4', 35),
(3679, '5', 36),
(3680, '6', 37),
(3681, '7', 38),
(3682, '8', 39),
(3683, '9', 40),
(3684, '11.5', 43),
(3685, '15.35', 48),
(3686, '20.5', 54),
(3687, '23.5', 58),
(3688, '26', 61),
(3689, '28.5', 64),
(3690, '31.5', 68),
(3691, '34.5', 72),
(3692, '36.5', 75),
(3693, '37.5', 77),
(3694, '39.5', 80),
(3695, '40.5', 82),
(3696, '40.75', 83),
(3697, '41.3', 85),
(3698, '41.5', 86),
(3699, '43.5', 89),
(3700, '43.8', 90),
(3701, '45.5', 93),
(3702, '45.7', 94),
(3703, '49.5', 100),
(3704, '50.5', 102),
(3705, '50.8', 103),
(3706, '52.2', 106),
(3707, '58', 113),
(3708, '61', 116),
(3709, '62', 117),
(3710, '63', 118),
(3711, '63.3', 119),
(3712, '63.4', 120),
(3713, '65', 121),
(3714, '66', 122),
(3715, '67', 123),
(3716, '68', 124),
(3717, '70', 125),
(3718, '71', 126),
(3719, '75', 127),
(3720, '79', 128),
(3721, '80.8', 129),
(3722, '83', 130),
(3723, '100', 131),
(3724, '102', 132),
(3725, '105', 133),
(3726, '105.5', 134),
(3727, '106', 135),
(3728, '107', 136),
(3729, '108', 137),
(3730, '110', 138),
(3731, '111', 139),
(3732, '115', 140),
(3733, '116', 141),
(3734, '118', 142),
(3735, '120', 143),
(3736, '121', 144),
(3737, '123', 145),
(3738, '124', 146),
(3739, '125', 147),
(3740, '126', 148),
(3741, '127', 149),
(3742, '128', 150),
(3743, '129', 151),
(3744, '130', 152),
(3745, '132', 153),
(3746, '133', 154),
(3747, '134', 155),
(3748, '135', 156),
(3749, '136', 157),
(3750, '138', 158),
(3751, '139', 159),
(3752, '140', 160),
(3753, '141', 161),
(3754, '142', 162),
(3755, '143', 163),
(3756, '144', 164),
(3757, '145', 165),
(3758, '147', 166),
(3759, '148', 167),
(3760, '152', 168),
(3761, '156', 169),
(3762, '157', 170),
(3763, '161', 171),
(3764, '163', 172),
(3765, '167', 174),
(3766, '168', 175),
(3767, '172', 176),
(3768, '175', 177),
(3769, '185', 178),
(3770, '2959808', 32),
(3771, 'Kumho Ecsta', 336),
(3772, 'Unigrip Sportage', 510),
(3773, 'Venerdi Hereborrani', 441),
(3774, 'Grass SR', 182),
(3775, 'THM', 415),
(3776, 'Sport Tourer MY-01', 453),
(3777, 'Kleber', 333),
(3778, 'Hydraxer', 211),
(3779, 'Potenza RE040', 320),
(3780, 'Contivikingcontact 3', 58),
(3781, '1995', 1),
(3782, 'Prestivo PV8000', 442),
(3783, 'Work Emotion XD-9', 489),
(3784, 'Weds Sport SA-10R', 474),
(3785, 'RAYS Versus', 339),
(3786, 'Evergreen EU72', 233),
(3787, 'Bridgestone Potenza RE-01R', 88),
(3788, 'Kumho  solius hs51', 335),
(3789, 'Goodyear Eagle LS 2000 Hybrid II', 279),
(3790, 'Dunlop Enasave 050', 163),
(3791, 'Pirelli P5000 Drago', 430),
(3792, 'Yokohama Advan Sport ZPS', 525),
(3793, 'Bridgestone Potenza RE070', 95),
(3794, 'Michelin Pilot Sport', 382),
(3795, 'Weds FMV', 467),
(3796, 'Work Meister', 497),
(3797, 'Schmidt', 365),
(3798, 'BMW M', 85),
(3799, 'Rays Mazdaspeed', 330),
(3800, 'Work Varianza T1S', 504),
(3801, 'Rays Homura', 327),
(3802, 'Presa PS55', 441),
(3803, 'Toyo Open Country M/T', 477),
(3804, 'Goodyear Eagle RS-A', 286),
(3805, 'Continental ContiACDContact 4х4', 129),
(3806, 'Bridgestone Dueler H/L 400', 47),
(3807, 'Semvaes', 367),
(3808, 'Isuzu', 202),
(3809, 'Blitz', 82),
(3810, 'Roadster', 357),
(3811, 'BMW Racing Dynamics', 86),
(3812, 'Hankook Ventus V12 evo K110', 318),
(3813, 'Nankang NS-1', 393),
(3814, 'Yokohama Advan Sport V105', 524),
(3815, 'AC Schnitzer Type 4', 16),
(3816, 'Rays ITC ecort', 329),
(3817, 'Rays ITC', 328),
(3818, 'Dunlop SP Sport 9000', 213),
(3819, 'Dunlop Grandtrek MT2', 178),
(3820, 'Dunlop Grandtrek', 171),
(3821, 'AUTECH', 51),
(3822, 'Toyota altezza', 426),
(3823, 'Dunlop SP Sport Maxx 050', 216),
(3824, 'Dunlop Direzza DZ101', 153),
(3825, 'Goodyear Eagle RV-S', 287),
(3826, 'Bridgestone TecMag type 206r', 101),
(3827, 'Enkei Slater', 146),
(3828, 'CGrande', 110),
(3829, 'Epilson', 151),
(3830, 'MUD-Terrain A/T', 260),
(3831, 'Starform', 74),
(3832, '111495', 23),
(3833, 'Dunlop Enasave EC203', 167),
(3834, 'Falken Landair WG-S', 244),
(3835, 'Bridgestone R600.', 103),
(3836, 'Bridgestone Ecopia EP150', 64),
(3837, 'Bridgestone Nextry', 77),
(3838, 'Sporsh Varent i7', 378),
(3839, 'Dunlop SP Sport Maxx A1', 217),
(3840, 'Goodyear Eagle LS Hybrid', 280),
(3841, 'Dunlop Grandtrek MT1', 177),
(3842, 'Dunlop Grandtrek AT22', 174),
(3843, 'If Sport', 196),
(3844, 'Ravrion', 310),
(3845, 'Yokohama S70', 575),
(3846, 'Toyo H10.', 465),
(3847, 'Dunlop Enasave VAN01', 170),
(3848, 'Rays Aqua', 312),
(3849, 'proud connection', 54),
(3850, 'Enkei AEGIS', 25),
(3851, 'SUPER ASPIRE', 76),
(3852, 'Hart Bersaglio', 36),
(3853, 'AMD', 4),
(3854, 'Srich hot', 73),
(3855, 'НН', 90),
(3856, 'AMD', 33),
(3857, 'Enkei AEGIS', 137),
(3858, 'Hart Bersaglio', 185),
(3859, 'Proud Connection', 298),
(3860, 'Stich Hot', 394),
(3861, 'SUPER ASPIRE', 405),
(3862, 'НН', 529),
(3863, 'Racing ART', 301),
(3864, 'Buono Sport', 47),
(3865, 'CP672', 61),
(3866, 'Lemans 702', 256),
(3867, 'NERASU4', 267),
(3868, 'trampio', 408),
(3869, 'ZERAGda', 462),
(3870, 'China', 49),
(3871, 'China', 126),
(3872, 'Hummer H2', 193),
(3873, 'STARFORM', 391),
(3874, 'Transforce HT', 415),
(3875, 'Вконтакте', 3),
(3876, 'Pirelli P Zero', 999999),
(3877, 'Dunlop Enasave RV504', 999999),
(3878, 'GT Radial Champiro', 999999),
(3879, 'Rays Engineering Au Cerumo', 999999),
(3880, 'Weds Sport SA-90', 999999),
(3881, 'Hankook Dynapro HT RH12', 999999),
(3882, 'Federal 595RS-R', 999999),
(3883, 'Bridgestone Potenza RE-11S', 999999),
(3884, 'Achilles 123S', 999999),
(3885, 'Да', 1),
(3888, 'Toms NA-R', 999999),
(3889, 'Rays Volk Racing SE37', 999999),
(3890, '295', 17),
(3891, 'Toyo Open Country H/T', 999999),
(3892, 'Michelin Primacy MXM4', 999999),
(3893, 'Zenkai 66S', 999999),
(3894, 'Bridgestone Turanza ER300', 999999),
(3895, 'ADVAN Neova AD07', 14),
(3896, 'Nfera SU4', 269),
(3897, 'S-1097', 356),
(3898, 'Weds Sport', 999999),
(3899, 'Yokohama  dB decibel.', 999999),
(3900, 'Yokohama Avid TRZ S316', 999999),
(3901, 'Dunlop SP Sport Maxx A1-A A/S', 999999),
(3902, 'Kosei Direzza RSC', 999999),
(3903, 'Continental ProContact TX', 999999),
(3904, 'Yokohama Geolandar SUV .', 999999),
(3905, 'Weds Sport TC-05', 999999),
(3906, 'Advan Kreuzer Series X', 999999),
(3907, 'Prodrive GC07C', 999999),
(3908, 'Enkei TecnoMotorWorks', 999999),
(3909, 'Work XSA', 999999),
(3910, 'Toyo Proxes S/T', 999999),
(3911, 'Toyo H08', 999999),
(3912, 'Goodyear Wrangler SR/A', 999999),
(3913, 'Rays Nismo LM-GT4', 999999),
(3914, 'Constancy LY566', 999999),
(3915, 'LingLong CrossWind', 999999),
(3916, 'Nokian Hakka SUV', 999999),
(3917, 'Tigar', 999999),
(3918, 'Bridgestone Winter Dueler DM-Z2', 999999),
(3919, 'Zeetex ZT 1000', 999999),
(3920, 'Neuton NT5000', 999999),
(3921, 'G-Corporation Estatus', 999999),
(3922, 'Pasati', 999999),
(3923, 'Blows', 999999),
(3924, 'Yokohama DNA Ecos ES31', 999999),
(3925, 'Maxrun Everroad', 999999),
(3926, 'Yokohama Geolandar SUV G055', 999999),
(3927, 'Yokohama Geolandar G033', 999999),
(3928, 'Yokohama Advan ST V802', 999999),
(3929, 'Yokohama Parada Spec-X', 999999),
(3930, 'Goodyear New Suburbanite', 999999),
(3931, 'Goodyear GT080', 999999),
(3932, 'Shark', 999999),
(3933, 'Anhelo', 999999),
(3934, 'Axia Stern', 999999),
(3935, 'BADX Loxarny', 999999),
(3936, 'RAYS Black Fleet', 999999),
(3937, 'RW Premium', 999999),
(3938, 'SP Sport 2050M', 380),
(3939, 'C.Drive', 48),
(3940, 'Rays Engineering Versus Campionato', 999999),
(3941, 'Nissan 350Z', 999999),
(3942, 'Toyo Winter Tranpath SU-4', 999999),
(3943, 'УАЗ', 999999),
(3944, 'Toyo Winter Tranpath S1', 999999),
(3945, 'Nexen Winguard', 999999),
(3946, 'Redios', 999999),
(3947, 'Bravuris 4x4', 43),
(3948, 'Rays Gram Lights 57S', 999999),
(3949, 'Rays Engineering Volk Racing', 999999),
(3950, 'Hayashi Racing', 999999),
(3951, 'Hanbai DT-05R', 999999),
(3952, 'Kumho Ecsta ecsta ASX', 999999),
(3953, 'Bridgestone re050a', 999999),
(3954, 'Michelin Pilot Primacy', 999999),
(3955, 'Leben', 999999),
(3956, 'G-Corporation Luftbahn', 999999),
(3957, 'dizign cooper', 999999),
(3958, 'USA', 999999),
(3959, 'Pirelli Cinturato P1', 999999),
(3960, 'Nexen N1000', 999999),
(3961, 'RAYS revolver', 999999),
(3962, 'Jinyu', 999999),
(3963, 'Dunlop SP Sport 2030', 999999),
(3964, 'Falken Azenis ST-115', 999999),
(3965, 'Goodyear Excellence', 999999),
(3966, 'Bridgestone ecocrs101', 999999),
(3967, 'ERST VS5', 999999),
(3968, 'Federal Couragia XUV', 999999),
(3969, 'Sakura Wheels', 999999),
(3970, 'Rial Giro', 999999),
(3971, 'Yokohama map ES340', 999999),
(3972, 'Yokohama Advan Neova AD07', 999999),
(3973, 'Hankook Ventus V4 ES H105', 999999),
(3974, 'Michelin Energy', 999999),
(3975, 'Yokohama s-221', 999999),
(3976, 'Rays Volk racing CE28N', 999999),
(3977, 'Rays Engineering', 999999),
(3978, 'Перед', 1),
(3979, 'Зад', 2),
(3980, 'Право', 1),
(3981, 'Лево', 2),
(3982, 'Верх', 1),
(3983, 'Низ', 2),
(3984, 'Контрактная', 1),
(3985, 'Новая', 2);

-- --------------------------------------------------------

--
-- Структура таблицы `word`
--

CREATE TABLE IF NOT EXISTS `word` (
  `id` int(10) unsigned NOT NULL AUTO_INCREMENT,
  `value` varchar(50) NOT NULL,
  PRIMARY KEY (`id`)
) ENGINE=InnoDB DEFAULT CHARSET=utf8 AUTO_INCREMENT=1 ;

-- --------------------------------------------------------

--
-- Структура таблицы `yahoo_category`
--

CREATE TABLE IF NOT EXISTS `yahoo_category` (
  `id` int(10) unsigned NOT NULL AUTO_INCREMENT,
  `code` varchar(11) NOT NULL,
  `name` varchar(255) NOT NULL,
  `max_price` int(11) NOT NULL,
  PRIMARY KEY (`id`)
) ENGINE=InnoDB DEFAULT CHARSET=utf8 AUTO_INCREMENT=1 ;

-- --------------------------------------------------------

--
-- Структура таблицы `yahoo_lot`
--

CREATE TABLE IF NOT EXISTS `yahoo_lot` (
  `sort` int(11) NOT NULL AUTO_INCREMENT,
  `id` varchar(11) NOT NULL,
  `title` varchar(255) NOT NULL,
  `update_time` datetime NOT NULL,
  `image` varchar(1000) NOT NULL DEFAULT '',
  `cur_price` int(11) NOT NULL,
  `bid_price` int(11) NOT NULL DEFAULT '0',
  `bids` int(11) NOT NULL DEFAULT '0',
  `end_time` datetime NOT NULL,
  `category_id` int(11) NOT NULL,
  `seller_id` int(11) NOT NULL,
  `state` tinyint(4) NOT NULL DEFAULT '0',
  PRIMARY KEY (`id`),
  UNIQUE KEY `sort` (`sort`)
) ENGINE=InnoDB DEFAULT CHARSET=utf8 AUTO_INCREMENT=1 ;

-- --------------------------------------------------------

--
-- Структура таблицы `yahoo_seller`
--

CREATE TABLE IF NOT EXISTS `yahoo_seller` (
  `id` int(10) unsigned NOT NULL AUTO_INCREMENT,
  `name` varchar(100) NOT NULL,
  PRIMARY KEY (`id`),
  UNIQUE KEY `name` (`name`)
) ENGINE=InnoDB DEFAULT CHARSET=utf8 AUTO_INCREMENT=1 ;

/*!40101 SET CHARACTER_SET_CLIENT=@OLD_CHARACTER_SET_CLIENT */;
/*!40101 SET CHARACTER_SET_RESULTS=@OLD_CHARACTER_SET_RESULTS */;
/*!40101 SET COLLATION_CONNECTION=@OLD_COLLATION_CONNECTION */;
