-- phpMyAdmin SQL Dump
-- version 4.4.15.4
-- http://www.phpmyadmin.net
--
-- Хост: localhost
-- Время создания: Мар 15 2016 г., 12:26
-- Версия сервера: 5.5.48
-- Версия PHP: 5.5.32

SET SQL_MODE = "NO_AUTO_VALUE_ON_ZERO";
SET time_zone = "+00:00";


/*!40101 SET @OLD_CHARACTER_SET_CLIENT=@@CHARACTER_SET_CLIENT */;
/*!40101 SET @OLD_CHARACTER_SET_RESULTS=@@CHARACTER_SET_RESULTS */;
/*!40101 SET @OLD_COLLATION_CONNECTION=@@COLLATION_CONNECTION */;
/*!40101 SET NAMES utf8mb4 */;

--
-- База данных: `koleso`
--

-- --------------------------------------------------------

--
-- Структура таблицы `desktop`
--

CREATE TABLE IF NOT EXISTS `desktop` (
  `id` int(10) unsigned NOT NULL,
  `name` varchar(255) NOT NULL,
  `parent_id` int(10) unsigned DEFAULT '1'
) ENGINE=InnoDB AUTO_INCREMENT=51 DEFAULT CHARSET=utf8;

--
-- Дамп данных таблицы `desktop`
--

INSERT INTO `desktop` (`id`, `name`, `parent_id`) VALUES
(1, 'Рабочий стол', 0),
(46, 'Новая папка', 1),
(47, 'Служебное', 1),
(48, 'Редактирование переменных', 1),
(49, 'Текст объявлений дром', 48),
(50, 'лиды', 47);

-- --------------------------------------------------------

--
-- Структура таблицы `desktop_table`
--

CREATE TABLE IF NOT EXISTS `desktop_table` (
  `id` int(10) unsigned NOT NULL,
  `name` varchar(100) NOT NULL,
  `folder_id` int(10) unsigned NOT NULL
) ENGINE=InnoDB AUTO_INCREMENT=36 DEFAULT CHARSET=utf8;

--
-- Дамп данных таблицы `desktop_table`
--

INSERT INTO `desktop_table` (`id`, `name`, `folder_id`) VALUES
(8, 'Атрибуты для добавления', 1),
(9, 'Лиды', 1),
(10, 'Партнеры', 1),
(11, 'Представители', 1),
(12, 'Логины дром', 47),
(13, 'Логины авито', 47),
(14, 'Настройки расписаний', 47),
(15, 'Отчет движения по складу', 1),
(16, 'Страницы сайта', 47),
(18, 'Текст для дисков', 49),
(19, 'ТК', 50),
(21, 'Рефералы', 50),
(22, 'Статусы лида', 50),
(23, 'Каналы продаж', 50),
(24, 'Шаблоны ответов', 1),
(25, 'Реализация контакты владельцев', 1),
(27, 'Текст объявлений Авито', 48),
(28, 'Заголовок и Текст для шин', 49),
(29, 'Описание и расшифровка атрибутов диски', 48),
(30, 'Синтаксис для создания интерпретаторов', 47),
(31, 'Заголовок для дисков', 49),
(32, 'Заголовок и текст для колес', 49),
(33, 'Гарантии сделки', 49),
(34, 'Оплата и дорставка', 49),
(35, 'Телефоны', 47);

-- --------------------------------------------------------

--
-- Структура таблицы `desktop_table_cell`
--

CREATE TABLE IF NOT EXISTS `desktop_table_cell` (
  `row_id` int(11) NOT NULL,
  `col_id` int(11) NOT NULL,
  `int_value` int(11) DEFAULT NULL,
  `varchar_value` varchar(255) DEFAULT NULL,
  `text_value` text,
  `time_value` timestamp NULL DEFAULT NULL ON UPDATE CURRENT_TIMESTAMP,
  `variant_id` int(10) unsigned DEFAULT NULL
) ENGINE=InnoDB DEFAULT CHARSET=utf8;

--
-- Дамп данных таблицы `desktop_table_cell`
--

INSERT INTO `desktop_table_cell` (`row_id`, `col_id`, `int_value`, `varchar_value`, `text_value`, `time_value`, `variant_id`) VALUES
(5, 4, 123, NULL, NULL, NULL, NULL),
(5, 8, NULL, NULL, 'asdasd', NULL, NULL),
(5, 9, NULL, '123', NULL, NULL, NULL),
(6, 4, 123123, NULL, NULL, NULL, NULL),
(6, 8, NULL, NULL, 'фыв в фыв фыв фыв фы в', NULL, NULL),
(6, 9, NULL, '123', NULL, NULL, NULL),
(7, 4, 1111, NULL, NULL, NULL, NULL),
(7, 8, NULL, NULL, '11111', NULL, NULL),
(7, 9, NULL, '11111', NULL, NULL, NULL),
(8, 4, 123, NULL, NULL, NULL, NULL),
(8, 8, NULL, NULL, 'Новая запись', NULL, NULL),
(8, 9, NULL, 'фывфыв', NULL, NULL, NULL),
(9, 10, NULL, 'asd', NULL, NULL, NULL),
(9, 11, NULL, '+7 (123) 123-12-31', NULL, NULL, NULL),
(11, 10, NULL, 'фывфыв', NULL, NULL, NULL),
(12, 16, NULL, 'Износ (уже добавлен)', NULL, NULL, NULL),
(12, 17, NULL, 'значение остатка для объявлений', NULL, NULL, NULL),
(12, 18, NULL, '0-100 с шагом 5', NULL, NULL, NULL),
(13, 16, NULL, 'Расчет Износа', NULL, NULL, NULL),
(13, 17, NULL, 'Определяет ручной ввод остатка или рассчитываемый из остатков', NULL, NULL, NULL),
(13, 18, NULL, '0 - автоматич. 1 - ручной ввод "на глаз"', NULL, NULL, NULL),
(14, 16, NULL, 'Наличие', NULL, NULL, NULL),
(14, 17, NULL, 'определение ГЛТ', NULL, NULL, NULL),
(14, 18, NULL, 'Хорошо лежат, лежат, едут', NULL, NULL, NULL),
(15, 16, NULL, 'Принадлежность', NULL, NULL, NULL),
(15, 17, NULL, 'определение ГЛТ', NULL, NULL, NULL),
(15, 18, NULL, '1 - наши, 0 - не наши', NULL, NULL, NULL),
(24, 19, NULL, 'Купил диски, я предложил резину 3869 за 13000, думает', NULL, NULL, NULL),
(24, 20, NULL, NULL, NULL, '2010-11-20 09:00:00', NULL),
(24, 21, NULL, '+7 (908) 885-26-25', NULL, NULL, NULL),
(24, 25, NULL, NULL, 'Диски 7984, и нужна резина 215/50_55/17', NULL, NULL),
(24, 26, NULL, 'Старый клиент', NULL, NULL, NULL),
(24, 27, NULL, NULL, 'Томск', NULL, NULL),
(25, 33, NULL, 'Shikon', NULL, NULL, NULL),
(25, 34, NULL, 'Discs|Tires', NULL, NULL, NULL),
(25, 35, 0, NULL, NULL, NULL, NULL),
(25, 37, NULL, 'ПЭК, РАТЭК', NULL, NULL, NULL),
(25, 38, 1, NULL, NULL, NULL, NULL),
(26, 33, NULL, 'egorvag', NULL, NULL, NULL),
(26, 34, NULL, 'Discs|', NULL, NULL, NULL),
(26, 35, 500, NULL, NULL, NULL, NULL),
(26, 37, NULL, 'ПЭК, Деловые', NULL, NULL, NULL),
(26, 38, 2, NULL, NULL, NULL, NULL),
(33, 39, NULL, NULL, 'larinkent (Ростов-на-Дону)', NULL, NULL),
(33, 40, NULL, '+7 (918) 553-40-66', NULL, NULL, NULL),
(33, 41, NULL, 'kolya.161@mail.ru', NULL, NULL, NULL),
(33, 44, NULL, NULL, 'Район города, Ворошиловский, адрес улица Выездная дом 13. Расстояние до тк Пек и Деловые примерно равно.\r\nОриентир магазин Солнечный Круг по улице Ленина. Довольно известное место в городе и большинство жителей города сразу поймут. \r\nМастерская имя имеет но в интернет кругах, cult-of-wheels это так же является адресом группы в ВК. Точный адрес шиномонтажка напишу после его уточнения.\r\nГруппа http://vk.com/cult_of_wheels\r\nЧеревко Николай Петрович номер-серия паспорта 6008 228711 номер телефона +7 918 553-40-06 город Ростов на Дону', NULL, NULL),
(34, 39, NULL, NULL, 'Евгений (Омск)', NULL, NULL),
(34, 40, NULL, '+7 (913) 676-48-88', NULL, NULL, NULL),
(34, 41, NULL, 'itrspec@gmail.com', NULL, NULL, NULL),
(34, 44, NULL, NULL, 'Шиномонтаж "на волгоградской ". Адрес Г. Омск, ул. ВОЛГОГРАДСКАЯ 5А\r\n\r\nЛевый берег, между бауцентром и омскладой', NULL, NULL),
(35, 46, NULL, 'wheels22', NULL, NULL, NULL),
(35, 47, NULL, 'vsekrasno', NULL, NULL, NULL),
(35, 48, NULL, '+79609465197', NULL, NULL, NULL),
(36, 46, NULL, 'kolesotomskru', NULL, NULL, NULL),
(36, 47, NULL, '225400a', NULL, NULL, NULL),
(36, 48, NULL, '+79138275756', NULL, NULL, NULL),
(37, 46, NULL, 'wheels70', NULL, NULL, NULL),
(37, 47, NULL, 'u8atas5c', NULL, NULL, NULL),
(37, 48, NULL, '+79234577327', NULL, NULL, NULL),
(38, 46, NULL, 'kolesoonline', NULL, NULL, NULL),
(38, 47, NULL, 'kitaev2', NULL, NULL, NULL),
(38, 48, NULL, '+79039555400', NULL, NULL, NULL),
(39, 46, NULL, 'wheels31', NULL, NULL, NULL),
(39, 47, NULL, 'vsekrasno', NULL, NULL, NULL),
(39, 48, NULL, '+79058797226', NULL, NULL, NULL),
(40, 46, NULL, 'JapanWheels25', NULL, NULL, NULL),
(40, 47, NULL, 'vsekrasno', NULL, NULL, NULL),
(40, 48, NULL, '+79046229493', NULL, NULL, NULL),
(41, 46, NULL, 'wheels34', NULL, NULL, NULL),
(41, 47, NULL, 'vsekrasno', NULL, NULL, NULL),
(41, 48, NULL, '+79053997951', NULL, NULL, NULL),
(42, 46, NULL, 'wheels36', NULL, NULL, NULL),
(42, 47, NULL, 'vsekrasno', NULL, NULL, NULL),
(42, 48, NULL, '+79601343844', NULL, NULL, NULL),
(43, 46, NULL, 'UralWheels', NULL, NULL, NULL),
(43, 47, NULL, 'vsekrasno', NULL, NULL, NULL),
(43, 48, NULL, '+79090129674', NULL, NULL, NULL),
(44, 46, NULL, 'wheels38', NULL, NULL, NULL),
(44, 47, NULL, 'vsekrasno', NULL, NULL, NULL),
(44, 48, NULL, '+79642169506', NULL, NULL, NULL),
(45, 46, NULL, 'wheels16', NULL, NULL, NULL),
(45, 47, NULL, 'vsekrasno', NULL, NULL, NULL),
(45, 48, NULL, '+79625794277', NULL, NULL, NULL),
(46, 46, NULL, 'wheel42', NULL, NULL, NULL),
(46, 47, NULL, 'vsekrasno', NULL, NULL, NULL),
(46, 48, NULL, '+79609154667', NULL, NULL, NULL),
(47, 46, NULL, 'wheels23', NULL, NULL, NULL),
(47, 47, NULL, 'vsekrasno', NULL, NULL, NULL),
(47, 48, NULL, '+79649081861', NULL, NULL, NULL),
(48, 46, NULL, 'godzilla24', NULL, NULL, NULL),
(48, 47, NULL, 'vsekrasno', NULL, NULL, NULL),
(48, 48, NULL, '+79676038935', NULL, NULL, NULL),
(49, 46, NULL, 'wheels46', NULL, NULL, NULL),
(49, 47, NULL, 'vsekrasno', NULL, NULL, NULL),
(49, 48, NULL, '+79606746939', NULL, NULL, NULL),
(50, 46, NULL, 'wheels77', NULL, NULL, NULL),
(50, 47, NULL, 'vsekrasno', NULL, NULL, NULL),
(50, 48, NULL, '+79031019097', NULL, NULL, NULL),
(51, 46, NULL, 'wheels52', NULL, NULL, NULL),
(51, 47, NULL, 'vsekrasno', NULL, NULL, NULL),
(51, 48, NULL, '+79092997419', NULL, NULL, NULL),
(52, 46, NULL, 'wheel54', NULL, NULL, NULL),
(52, 47, NULL, 'vsekrasno', NULL, NULL, NULL),
(52, 48, NULL, '+79059570838', NULL, NULL, NULL),
(53, 46, NULL, 'wheel55', NULL, NULL, NULL),
(53, 47, NULL, 'vsekrasno', NULL, NULL, NULL),
(53, 48, NULL, '+79059227174', NULL, NULL, NULL),
(54, 46, NULL, 'wheels61', NULL, NULL, NULL),
(54, 47, NULL, 'vsekrasno', NULL, NULL, NULL),
(54, 48, NULL, '+79034315342', NULL, NULL, NULL),
(55, 46, NULL, 'wheels79', NULL, NULL, NULL),
(55, 47, NULL, 'vsekrasno', NULL, NULL, NULL),
(55, 48, NULL, '+79618057984', NULL, NULL, NULL),
(56, 46, NULL, 'wheels26', NULL, NULL, NULL),
(56, 47, NULL, 'vsekrasno', NULL, NULL, NULL),
(56, 48, NULL, '+79097673372', NULL, NULL, NULL),
(57, 46, NULL, 'wheesl86', NULL, NULL, NULL),
(57, 47, NULL, 'vsekrasno', NULL, NULL, NULL),
(57, 48, NULL, '+79090390569', NULL, NULL, NULL),
(58, 46, NULL, 'wheel72', NULL, NULL, NULL),
(58, 47, NULL, 'vsekrasno', NULL, NULL, NULL),
(58, 48, NULL, '+79612120725', NULL, NULL, NULL),
(59, 46, NULL, 'wheels3', NULL, NULL, NULL),
(59, 47, NULL, 'vsekrasno', NULL, NULL, NULL),
(59, 48, NULL, '+79644035958', NULL, NULL, NULL),
(60, 46, NULL, 'wheels174', NULL, NULL, NULL),
(60, 47, NULL, 'vsekrasno', NULL, NULL, NULL),
(60, 48, NULL, '+79617871877', NULL, NULL, NULL),
(61, 46, NULL, 'wheels75', NULL, NULL, NULL),
(61, 47, NULL, 'vsekrasno', NULL, NULL, NULL),
(61, 48, NULL, '+79644709128', NULL, NULL, NULL),
(62, 46, NULL, 'wheels63', NULL, NULL, NULL),
(62, 47, NULL, 'vsekrasno', NULL, NULL, NULL),
(62, 48, NULL, '+79608161524', NULL, NULL, NULL),
(63, 46, NULL, 'wheels58', NULL, NULL, NULL),
(63, 47, NULL, 'vsekrasno', NULL, NULL, NULL),
(63, 48, NULL, '+79603182153', NULL, NULL, NULL),
(64, 46, NULL, 'wheel63', NULL, NULL, NULL),
(64, 47, NULL, 'vsekrasno', NULL, NULL, NULL),
(64, 48, NULL, '+79626103815', NULL, NULL, NULL),
(65, 46, NULL, 'wheels18', NULL, NULL, NULL),
(65, 47, NULL, 'vsekrasno', NULL, NULL, NULL),
(65, 48, NULL, '+79658513562', NULL, NULL, NULL),
(66, 46, NULL, 'wheels17', NULL, NULL, NULL),
(66, 47, NULL, 'vsekrasno', NULL, NULL, NULL),
(66, 48, NULL, '+79610922964', NULL, NULL, NULL),
(67, 49, NULL, 'kemerovoman@inbox.ru', NULL, NULL, NULL),
(67, 50, NULL, 'specopa45', NULL, NULL, NULL),
(67, 51, NULL, '+79617207863', NULL, NULL, NULL),
(67, 52, NULL, 'КемШина', NULL, NULL, NULL),
(67, 53, NULL, 'admin:4815162342@185.63.191.103:1212', NULL, NULL, NULL),
(67, 56, 1065, NULL, NULL, NULL, NULL),
(67, 85, NULL, 'Кемерово', NULL, NULL, NULL),
(67, 107, NULL, '00:00', NULL, NULL, NULL),
(67, 108, NULL, '23:40', NULL, NULL, NULL),
(67, 109, 1, NULL, NULL, NULL, NULL),
(68, 49, NULL, 'ekb_1981@mail.ru', NULL, NULL, NULL),
(68, 50, NULL, 'lennon55', NULL, NULL, NULL),
(68, 51, NULL, '+79090071345', NULL, NULL, NULL),
(68, 52, NULL, 'Right-Cars', NULL, NULL, NULL),
(68, 53, NULL, 'admin:4815162342@193.107.239.39:1212', NULL, NULL, NULL),
(68, 56, 1062, NULL, NULL, NULL, NULL),
(68, 85, NULL, 'Екатеринбург', NULL, NULL, NULL),
(68, 107, NULL, '00:00', NULL, NULL, NULL),
(68, 108, NULL, '23:50', NULL, NULL, NULL),
(68, 109, 1, NULL, NULL, NULL, NULL),
(69, 49, NULL, 'kolesotomskru@mail.ru', NULL, NULL, NULL),
(69, 50, NULL, 'vdjieFRA34', NULL, NULL, NULL),
(69, 51, NULL, '+79095430402', NULL, NULL, NULL),
(69, 52, NULL, 'Андрей', NULL, NULL, NULL),
(69, 56, 1081, NULL, NULL, NULL, NULL),
(69, 85, NULL, 'Томск', NULL, NULL, NULL),
(69, 107, NULL, '00:00', NULL, NULL, NULL),
(69, 108, NULL, '23:50', NULL, NULL, NULL),
(69, 109, 3, NULL, NULL, NULL, NULL),
(78, 49, NULL, 'kolesa.nsk@mail.ru', NULL, NULL, NULL),
(78, 50, NULL, 'soEflTR459f', NULL, NULL, NULL),
(78, 51, NULL, '+79618777671', NULL, NULL, NULL),
(78, 52, NULL, 'КолесаНск', NULL, NULL, NULL),
(78, 53, NULL, 'admin:4815162342@62.109.4.240:1212', NULL, NULL, NULL),
(78, 56, 1071, NULL, NULL, NULL, NULL),
(78, 85, NULL, 'Новосибирск', NULL, NULL, NULL),
(78, 107, NULL, '00:00', NULL, NULL, NULL),
(78, 108, NULL, '23:40', NULL, NULL, NULL),
(78, 109, 1, NULL, NULL, NULL, NULL),
(79, 49, NULL, 'rostire@mail.ru', NULL, NULL, NULL),
(79, 50, NULL, 'gwpDwda458', NULL, NULL, NULL),
(79, 51, NULL, '+79054573748', NULL, NULL, NULL),
(79, 52, NULL, 'РостовКолеса', NULL, NULL, NULL),
(79, 53, NULL, 'admin:4815162342@82.146.43.92:1212', NULL, NULL, NULL),
(79, 56, 1073, NULL, NULL, NULL, NULL),
(79, 85, NULL, 'Ростов', NULL, NULL, NULL),
(79, 107, NULL, '00:00', NULL, NULL, NULL),
(79, 108, NULL, '23:50', NULL, NULL, NULL),
(79, 109, 1, NULL, NULL, NULL, NULL),
(81, 19, NULL, 'см. описание', NULL, NULL, NULL),
(81, 20, NULL, NULL, NULL, '2015-11-26 18:00:00', NULL),
(81, 21, NULL, '+7 (906) 807-99-90', NULL, NULL, NULL),
(81, 25, NULL, NULL, '8450д если берете на перепродажу есть еде один момент. позвоните мне 9.2.3.4.5.7.7.3.2.7\r\nRacingPapa (5) 21 ноября, 20:58	\r\nПочта y.a.r.o.v.o.y476.собкамайл.ру, без точек соответственно. Тел. 9.0.6.8.0.7 тридевяткиноль\r\nВы 26 ноября, 06:36	\r\nполучил письмо?\r\nRacingPapa (5) 26 ноября, 09:45	\r\nДа, получил. Был в Барнауле, сегодня только приехал. Буду смотреть сегодня', NULL, NULL),
(81, 26, NULL, 'Дром вилс70', NULL, NULL, NULL),
(81, 27, NULL, NULL, 'Екатеринбург', NULL, NULL),
(83, 33, NULL, 'Ribka', NULL, NULL, NULL),
(83, 37, NULL, 'Newlife82@mail.ru', NULL, NULL, NULL),
(83, 38, 14, NULL, NULL, NULL, NULL),
(86, 33, NULL, 'Sergovii', NULL, NULL, NULL),
(86, 38, 15, NULL, NULL, NULL, NULL),
(89, 19, NULL, 'прислал предоплату', NULL, NULL, NULL),
(89, 25, NULL, NULL, '7860 предоплата.  у егора', NULL, NULL),
(93, 55, NULL, 'Ростов-на-дону', NULL, NULL, NULL),
(93, 56, 1073, NULL, NULL, NULL, NULL),
(93, 57, 36, NULL, NULL, NULL, NULL),
(94, 55, NULL, 'Новосибирск', NULL, NULL, NULL),
(94, 56, 1071, NULL, NULL, NULL, NULL),
(94, 57, 55, NULL, NULL, NULL, NULL),
(95, 58, NULL, NULL, NULL, '2015-12-09 18:00:00', NULL),
(95, 65, NULL, '9999', NULL, NULL, NULL),
(95, 66, NULL, 'продано, москва, № накладной', NULL, NULL, NULL),
(95, 67, NULL, '1111', NULL, NULL, NULL),
(95, 68, NULL, 'принято на реализацию от частника', NULL, NULL, NULL),
(100, 49, NULL, 'rimsmsk@mail.ru', NULL, NULL, NULL),
(100, 50, NULL, 'op43FDSsel7', NULL, NULL, NULL),
(100, 51, NULL, '+79067644320', NULL, NULL, NULL),
(100, 52, NULL, 'BestRims', NULL, NULL, NULL),
(100, 53, NULL, 'admin:4815162342@62.109.21.73:1212', NULL, NULL, NULL),
(100, 56, 1069, NULL, NULL, NULL, NULL),
(100, 85, NULL, 'Москва', NULL, NULL, NULL),
(100, 107, NULL, '00:00', NULL, NULL, NULL),
(100, 108, NULL, '23:40', NULL, NULL, NULL),
(100, 109, 1, NULL, NULL, NULL, NULL),
(102, 69, NULL, 'Контакты', NULL, NULL, NULL),
(102, 70, NULL, 'Наши контактные данные', NULL, NULL, NULL),
(102, 71, NULL, 'купить колеса телефон, купить колеса, купить диски телефон, купить диски, купить шины телефон, купить шины', NULL, NULL, NULL),
(102, 72, NULL, NULL, '<h2>По всем вопросам обращаться:</h2>\r\n<p>тел.: <span>+7 (909) 543-04-02</span><br>\r\nтел.: <span>977-327</span><br>\r\nтел.: <span>57-57-56</span><br>\r\ne-mail: <a target="_blank" href="mailto:kolesotomskru@mail.ru">kolesotomskru@mail.ru</a></p>\r\n<br>\r\n<h2>Наш адрес:</h2>\r\n<p>г. Томск, улица Мокрушина, 9 ст. 42</p>\r\n<br>\r\n<h2>Мы в соцсетях:</h2>\r\n<p><a target="_blank" href=''http://vk.com/godzillarealized''>http://vk.com/godzillarealized</a> <span>- приём ваших шин и дисков на реализацию</span><br>\r\n<a target="_blank" href=''http://vk.com/godzillawheel''>http://vk.com/godzillawheel</a> <span>- шины и диски с аукционов Японии б/у</span><br>\r\ninstagram: <a target="_blank" href=''http://instagram.com/godzilla_wheels''>godzilla_wheels</a></p>', NULL, NULL),
(102, 73, NULL, 'contacts', NULL, NULL, NULL),
(104, 69, NULL, 'Доставка', NULL, NULL, NULL),
(104, 70, NULL, 'Колесо Онлайн - условия доставки', NULL, NULL, NULL),
(104, 71, NULL, 'колесо онлайн, доставка колес, доставка шин, доставка дисков, условия доставки колес, доставка колесо онлайн', NULL, NULL, NULL),
(104, 72, NULL, NULL, '<p>Доставка осуществляется транспортными компаниями ПЭК, РАТЭК, КИТ и др. в зависимости от города нахождения товара и города доставки.<br>\r\nПримерные сроки доставки до Вашего города Транспортной Компанией ПЭК, Вы можете видеть в карточке товара.</p>\r\n<p>Стоимость упаковки, доставки до ТК, оформления документов, и услуги самой ТК, также, указаны в карточке товара.</p>\r\n<p>Если в Вашем городе нет филиала ТК "ПЭК", позвоните Нам, сообщив артикул товара, указанный в характеристиках, и название транспортной компании, услугами которой Вы хотели бы воспользоваться для доставки товара - мы постараемся найти удобный способ доставки требуемого товара.</p>\r\n<p>Для самостоятельного расчета стоимости услуг ТК через онлайн калькуляторы других ТК можно взять следующие данные:<br>\r\nПриблизительные параметры комплекта резины: 0,35м2 - 45кг.<br>\r\nПриблизительные параметры комплекта дисков: 0,22м2 - 45кг.<br>\r\nПриблизительные параметры комплекта колес: 0,4м2 - 85кг.<br>\r\nГород нахождения также указан в описании выбранного Вами товара.</p>\r\n<p>Стоимость упаковки, доставки до ТК, оформления документов - зависит от города нахождения товара (обычно не превышает 500руб. за комплект колес/дисков/шин).</p>', NULL, NULL),
(104, 73, NULL, 'dostavka', NULL, NULL, NULL),
(105, 69, NULL, 'Гарантия', NULL, NULL, NULL),
(105, 70, NULL, 'Колесо Онлайн - гарантии и отзывы', NULL, NULL, NULL),
(105, 71, NULL, 'гарантии колесо онлайн, колесо онлайн отзывы, качество гарантировано', NULL, NULL, NULL),
(105, 72, NULL, NULL, '<p>Для того, что бы сэкономить Ваше и наше время, мы стараемся максимально подробно описать (в том числе с помощью фото) состояние товара.<br>\r\nПожалуйста, внимательно ознакомьтесь с фото и описанием перед покупкой или звонком.</p>\r\n<p>Гарантии:<br>\r\nГарантия отсутствия грыж и сквозных порезов на шинах (если в описании не указано иное).<br>\r\nГарантия отсутствия погнутостей, трещин, следов ремонта (если в описании не указано иное).<br>\r\nВы получаете именно тот товар, что изображен на фото.</p>\r\n<p>За что мы не несем ответственность и соответственно не даем гарантий:<br>\r\nТовар - б/у (бывший в употреблении), гарантий на эксплуатацию нет.<br>\r\nВозврата по причине неправильного выбора размера - нет.<br>\r\nМы не несем ответственность за работу Транспортных Компаний.</p>', NULL, NULL),
(105, 73, NULL, 'garantiya', NULL, NULL, NULL),
(106, 69, NULL, 'Оплата', NULL, NULL, NULL),
(106, 70, NULL, 'Колесо Онлайн - правила оплаты', NULL, NULL, NULL),
(106, 71, NULL, 'правила оплаты колес, колесо онлайн оплата', NULL, NULL, NULL),
(106, 72, NULL, NULL, '<p>Мы работаем над тем, что бы сделать оплату товара максимально удобной.</p>\r\n<p>На данный момент доступны следующие способы оплаты:<br>\r\nОплата на карту Сбербанк<br>\r\nОплата на карту АльфаБанк<br>\r\nНаличными (доступность этого способа оплаты в Вашем городе уточняйте по телефону)</p>', NULL, NULL),
(106, 73, NULL, 'oplata', NULL, NULL, NULL),
(114, 49, NULL, 'wheelsamara@mail.ru', NULL, NULL, NULL),
(114, 50, NULL, 'gDle348sd', NULL, NULL, NULL),
(114, 51, NULL, '+79677635822', NULL, NULL, NULL),
(114, 52, NULL, 'lsam', NULL, NULL, NULL),
(114, 53, NULL, 'admin:4815162342@78.24.217.227:1212', NULL, NULL, NULL),
(114, 56, 2122, NULL, NULL, NULL, NULL),
(114, 85, NULL, 'Уфа', NULL, NULL, NULL),
(114, 107, NULL, '00:00', NULL, NULL, NULL),
(114, 108, NULL, '23:50', NULL, NULL, NULL),
(114, 109, 1, NULL, NULL, NULL, NULL),
(116, 49, NULL, 'spbandisc@mail.ru', NULL, NULL, NULL),
(116, 50, NULL, 'sepfkFW3wf', NULL, NULL, NULL),
(116, 51, NULL, '+79650314584', NULL, NULL, NULL),
(116, 52, NULL, 'spbandisc', NULL, NULL, NULL),
(116, 53, NULL, 'admin:4815162342@91.142.94.186:1212', NULL, NULL, NULL),
(116, 56, 1074, NULL, NULL, NULL, NULL),
(116, 85, NULL, 'Санкт-петербург', NULL, NULL, NULL),
(116, 107, NULL, '00:00', NULL, NULL, NULL),
(116, 108, NULL, '23:50', NULL, NULL, NULL),
(116, 109, 1, NULL, NULL, NULL, NULL),
(117, 55, NULL, 'Омск', NULL, NULL, NULL),
(117, 56, 1072, NULL, NULL, NULL, NULL),
(117, 57, 39, NULL, NULL, NULL, NULL),
(119, 55, NULL, 'Санкт-Петербур', NULL, NULL, NULL),
(119, 56, 1074, NULL, NULL, NULL, NULL),
(119, 57, 48, NULL, NULL, NULL, NULL),
(120, 55, NULL, 'Москва', NULL, NULL, NULL),
(120, 56, 47, NULL, NULL, NULL, NULL),
(120, 57, 32, NULL, NULL, NULL, NULL),
(121, 49, NULL, 'sergkoncov@mail.ru', NULL, NULL, NULL),
(121, 50, NULL, 'goe33rafWEFA', NULL, NULL, NULL),
(121, 51, NULL, '+79631894238', NULL, NULL, NULL),
(121, 52, NULL, 'крас24', NULL, NULL, NULL),
(121, 53, NULL, 'admin:4815162342@37.46.128.227:1212', NULL, NULL, NULL),
(121, 56, 1067, NULL, NULL, NULL, NULL),
(121, 85, NULL, 'Красноярск', NULL, NULL, NULL),
(121, 107, NULL, '00:00', NULL, NULL, NULL),
(121, 108, NULL, '23:50', NULL, NULL, NULL),
(121, 109, 1, NULL, NULL, NULL, NULL),
(122, 49, NULL, 'tyukoles@mail.ru', NULL, NULL, NULL),
(122, 50, NULL, 'fdofWFw3fsg54', NULL, NULL, NULL),
(122, 51, NULL, '+79612121382', NULL, NULL, NULL),
(122, 52, NULL, 'vsediski', NULL, NULL, NULL),
(122, 53, NULL, 'admin:4815162342@82.146.58.207:1212', NULL, NULL, NULL),
(122, 56, 1077, NULL, NULL, NULL, NULL),
(122, 85, NULL, 'Тюмень', NULL, NULL, NULL),
(122, 107, NULL, '00:00', NULL, NULL, NULL),
(122, 108, NULL, '23:50', NULL, NULL, NULL),
(122, 109, 1, NULL, NULL, NULL, NULL),
(123, 49, NULL, 'irkutdisk@mail.ru', NULL, NULL, NULL),
(123, 50, NULL, 'ods49fsEfo5', NULL, NULL, NULL),
(123, 51, NULL, '+79641000825', NULL, NULL, NULL),
(123, 52, NULL, 'JapanDisc', NULL, NULL, NULL),
(123, 53, NULL, 'admin:4815162342@78.24.222.56:1212', NULL, NULL, NULL),
(123, 56, 1063, NULL, NULL, NULL, NULL),
(123, 85, NULL, 'Иркутск', NULL, NULL, NULL),
(123, 107, NULL, '00:00', NULL, NULL, NULL),
(123, 108, NULL, '23:50', NULL, NULL, NULL),
(123, 109, 1, NULL, NULL, NULL, NULL),
(124, 55, NULL, 'Иркутск', NULL, NULL, NULL),
(124, 56, 29, NULL, NULL, NULL, NULL),
(124, 57, 40, NULL, NULL, NULL, NULL),
(125, 55, NULL, 'Тюмень', NULL, NULL, NULL),
(125, 56, 99, NULL, NULL, NULL, NULL),
(125, 57, 33, NULL, NULL, NULL, NULL),
(126, 55, NULL, 'Красноярск', NULL, NULL, NULL),
(126, 56, 39, NULL, NULL, NULL, NULL),
(126, 57, 44, NULL, NULL, NULL, NULL),
(127, 58, NULL, NULL, NULL, '2015-12-20 18:00:00', NULL),
(127, 65, NULL, '8895', NULL, NULL, NULL),
(127, 66, NULL, 'Диски, отправлены в Ростов на Дону РДТКЗИН-4/2112', NULL, NULL, NULL),
(128, 58, NULL, NULL, NULL, '2015-12-20 18:00:00', NULL),
(128, 67, NULL, 'Комплект шин от Макаревича №3201', NULL, NULL, NULL),
(128, 68, NULL, '№3201', NULL, NULL, NULL),
(129, 58, NULL, NULL, NULL, '2015-12-20 18:00:00', NULL),
(129, 67, NULL, 'Комплект шин на Реализацию от Кирилла', NULL, NULL, NULL),
(129, 68, NULL, '№1124', NULL, NULL, NULL),
(136, 55, NULL, 'Томск', NULL, NULL, NULL),
(136, 56, 96, NULL, NULL, NULL, NULL),
(136, 57, 30, NULL, NULL, NULL, NULL),
(141, 58, NULL, NULL, NULL, '2015-12-27 18:00:00', NULL),
(141, 65, NULL, '1104-1', NULL, NULL, NULL),
(141, 66, NULL, 'Уехали на отправку', NULL, NULL, NULL),
(142, 58, NULL, NULL, NULL, '2015-12-28 18:00:00', NULL),
(142, 65, NULL, '6617д', NULL, NULL, NULL),
(142, 66, NULL, 'Уехали на отправку', NULL, NULL, NULL),
(143, 58, NULL, NULL, NULL, '2015-12-20 18:00:00', NULL),
(143, 65, NULL, '1097', NULL, NULL, NULL),
(143, 66, NULL, 'Забрал владелец шин', NULL, NULL, NULL),
(144, 58, NULL, NULL, NULL, '2015-12-25 18:00:00', NULL),
(144, 67, NULL, '3202', NULL, NULL, NULL),
(144, 68, NULL, 'принял комплект дисков от Макаревича', NULL, NULL, NULL),
(145, 58, NULL, NULL, NULL, '2015-12-28 18:00:00', NULL),
(145, 67, NULL, '3203', NULL, NULL, NULL),
(145, 68, NULL, 'Принял комплект шин от Макаревича', NULL, NULL, NULL),
(146, 58, NULL, NULL, NULL, '2015-12-28 18:00:00', NULL),
(146, 65, NULL, '1106', NULL, NULL, NULL),
(146, 66, NULL, 'забрал владелец шин', NULL, NULL, NULL),
(148, 55, NULL, 'Воронеж', NULL, NULL, NULL),
(148, 56, 23, NULL, NULL, NULL, NULL),
(148, 57, 58, NULL, NULL, NULL, NULL),
(149, 49, NULL, 'voron.auto@mail.ru', NULL, NULL, NULL),
(149, 50, NULL, 'doEhv5G4fw', NULL, NULL, NULL),
(149, 51, NULL, '+79036526505', NULL, NULL, NULL),
(149, 52, NULL, 'voronauto', NULL, NULL, NULL),
(149, 53, NULL, 'admin:4815162342@83.220.169.189:1212', NULL, NULL, NULL),
(149, 56, 1061, NULL, NULL, NULL, NULL),
(149, 85, NULL, 'Воронеж', NULL, NULL, NULL),
(149, 107, NULL, '00:00', NULL, NULL, NULL),
(149, 108, NULL, '23:40', NULL, NULL, NULL),
(149, 109, 1, NULL, NULL, NULL, NULL),
(153, 55, NULL, 'Екатеринбург', NULL, NULL, NULL),
(153, 56, 25, NULL, NULL, NULL, NULL),
(153, 57, 57, NULL, NULL, NULL, NULL),
(154, 55, NULL, 'Кемерово', NULL, NULL, NULL),
(154, 56, 35, NULL, NULL, NULL, NULL),
(154, 57, 53, NULL, NULL, NULL, NULL),
(155, 80, NULL, 'ПЭК', NULL, NULL, NULL),
(159, 82, NULL, 'Дром', NULL, NULL, NULL),
(160, 82, NULL, 'Авито', NULL, NULL, NULL),
(161, 82, NULL, 'ФД', NULL, NULL, NULL),
(162, 82, NULL, 'Аутотом', NULL, NULL, NULL),
(163, 82, NULL, 'Вконтакте', NULL, NULL, NULL),
(164, 83, NULL, 'Думает', NULL, NULL, NULL),
(165, 83, NULL, 'Ждем оплаты', NULL, NULL, NULL),
(166, 83, NULL, 'Предоплата', NULL, NULL, NULL),
(167, 83, NULL, 'Оплатил', NULL, NULL, NULL),
(168, 83, NULL, 'Ждет отправки', NULL, NULL, NULL),
(169, 83, NULL, 'Отправлено', NULL, NULL, NULL),
(173, 86, NULL, 'Дром', NULL, NULL, NULL),
(174, 86, NULL, 'Авито', NULL, NULL, NULL),
(175, 80, NULL, 'Деловые линии', NULL, NULL, NULL),
(176, 19, NULL, '8121 егор говорит нашел покупателя снять с продажи, но взять на контроль', NULL, NULL, NULL),
(176, 25, NULL, NULL, '8121 егор говорит нашел покупателя снять с продажи, но взять на контроль', NULL, NULL),
(177, 25, NULL, NULL, '7426д Суровикин Сергей Владимирович\r\nг.Санкт-Петербург\r\n+7 962 727-01-25  \r\n+7 911 847-29-41\r\nотправка за счет отправителя', NULL, NULL),
(178, 87, NULL, 'Вопросы по подбору', NULL, NULL, NULL),
(178, 89, NULL, NULL, 'Все шины и диски в наличии на сайте: koleso.online \r\nВведите требуемые параметры шины/диска чтобы отобрать подходящие варианты.', NULL, NULL),
(179, 87, NULL, 'Как купить для дрома', NULL, NULL, NULL),
(179, 89, NULL, NULL, 'Вы купили лот\r\n\r\nУбедитесь что вы внимательно прочитали текст объявления и условия гарантии и доставки.\r\nГарантия порядочности сделки - наш рейтинг http://baza.drom.ru/user/wheels70/feedbacks?role=buyer\r\n\r\nДальнейший порядок действий:\r\n\r\n1. Полная оплата на карту\r\n	Оплачиваете товар на одну из карт:\r\n	1. Карта сбербанк 4276 6400 1342 7176 Разумов Андрей Андреевич карта действует до 10/18\r\n	внимание! при отправлении перевода просьба не писать к нему комментариев.\r\n\r\n	2. Счет альфабанк 40817810004390042130 Разумов Андрей Андреевич\r\n\r\n2. Сообщаете нам данные для отправки товара транспортной компанией\r\n\r\n	Для отправки ТК ПЭК необходимо:\r\n\r\n	1. ФИО получателя\r\n	2. Город\r\n	3. Телефон\r\n\r\n3. Проверяем упаковываем и отправляем товар и сообщаем Вам номер транспортной накладной.', NULL, NULL),
(180, 87, NULL, 'Гарантии для звонящих', NULL, NULL, NULL),
(180, 89, NULL, NULL, '1. Отзывы на дроме\r\nhttp://baza.drom.ru/user/wheels70/feedbacks\r\nГлавный аккаунт вилс70 на сайте дром.ру, более 3х лет работы и больше 250ти положительных отзывов.\r\n2. Ссылка на нас в 2гис\r\nGodzilla Wheels, магазин б/у шин и дисков из Японии\r\nМокрушина, 9 ст42\r\n3. Возможности доп фото товара в подтверждение\r\n4. Документ лица на которое переводят деньги (например в/у)\r\n5. Возможность оплаты через представителя в городах (например друг покупателя идет в екб к егору)', NULL, NULL),
(181, 87, NULL, 'Реализация', NULL, NULL, NULL),
(181, 89, NULL, NULL, 'Не покупаем, берем на реализацию, деньги только после продажи. Наш процент обычно 10%, минимум 500р., обсуждается индивидуально.\r\nПривозите шины/диски/колеса к нам на склад, даем документ о приеме товара на реализацию. Делаем фото, рекламируем, общение с покупателями берем на себя.', NULL, NULL),
(182, 25, NULL, NULL, '8853 предоплата 15000\r\n\r\nТимощенко Антон Васильевич, Санкт-Петербург, +7 911 914-96-67', NULL, NULL),
(182, 26, NULL, 'Дром аотомскру', NULL, NULL, NULL),
(183, 49, NULL, 'mark_vartanov@mail.ru', NULL, NULL, NULL),
(183, 50, NULL, '2B55bZ', NULL, NULL, NULL),
(183, 51, NULL, '+79628651177', NULL, NULL, NULL),
(183, 52, NULL, 'JapanCar', NULL, NULL, NULL),
(183, 53, NULL, 'admin:4815162342@82.146.58.197:1212', NULL, NULL, NULL),
(183, 56, 1066, NULL, NULL, NULL, NULL),
(183, 85, NULL, 'Краснодар', NULL, NULL, NULL),
(183, 107, NULL, '00:00', NULL, NULL, NULL),
(183, 108, NULL, '23:50', NULL, NULL, NULL),
(183, 109, 3, NULL, NULL, NULL, NULL),
(184, 55, NULL, 'Краснодар', NULL, NULL, NULL),
(184, 56, 38, NULL, NULL, NULL, NULL),
(184, 57, 65, NULL, NULL, NULL, NULL),
(185, 46, NULL, 'egorvag', NULL, NULL, NULL),
(185, 47, NULL, 'egorvag', NULL, NULL, NULL),
(185, 48, NULL, '+79222188333', NULL, NULL, NULL),
(187, 90, NULL, 'https://docs.google.com/spreadsheets/d/18CFeQfGLCK3fcB3r1aYzxHdBkz1zy-WiCW0J6BCEgXA/edit#gid=0', NULL, NULL, NULL),
(189, 19, NULL, 'звонил, ждет сообщ в вотсап', NULL, NULL, NULL),
(189, 20, NULL, NULL, NULL, '2022-01-15 18:00:00', NULL),
(189, 21, NULL, '+7 (952) 156-25-11', NULL, NULL, NULL),
(189, 25, NULL, NULL, '5-108 хочет 18 как в американских фильмах', NULL, NULL),
(189, 26, NULL, 'хз', NULL, NULL, NULL),
(189, 27, NULL, NULL, 'Томск', NULL, NULL),
(190, 25, NULL, NULL, '7260д снять с продажи для детройта но взять под контроль чтобы он не тянул с оплатой создать лид', NULL, NULL),
(192, 95, NULL, 'Заголовок диски', NULL, NULL, NULL),
(192, 96, NULL, 'http://koleso.online/admin/data/dictionaryedit?id=92', NULL, NULL, NULL),
(193, 95, NULL, 'Текст диски', NULL, NULL, NULL),
(193, 96, NULL, 'http://koleso.online/admin/data/dictionaryedit?id=94', NULL, NULL, NULL),
(194, 95, NULL, 'Заголовок шины', NULL, NULL, NULL),
(194, 96, NULL, 'http://koleso.online/admin/data/dictionaryedit?id=93', NULL, NULL, NULL),
(195, 95, NULL, 'Текст шины', NULL, NULL, NULL),
(195, 96, NULL, 'http://koleso.online/admin/data/dictionaryedit?id=95', NULL, NULL, NULL),
(196, 99, NULL, 'Тип наценки', NULL, NULL, NULL),
(196, 101, NULL, NULL, '0 - выкладывать товар только в городе его нахождения(наценка = "0")\r\n1 - в цену включена упаковка доставка до ТК и услуги ТК (наценка = "0") по всей России цена будет одинакова.\r\n2 - В цену включена упаковка и доставка до ТК. (наценка = "цена доставки ТК ПЭК")\r\n3 - в цену не включены никакие транспортные издержки (наценка будет складыватся из цены упаковки доставки до ТК + услуги самой ТК)', NULL, NULL),
(197, 99, NULL, 'Текст объявления', NULL, NULL, NULL),
(197, 101, NULL, NULL, 'В него записывается текст объявления при парсинге партнеров с дрома. Раньше использовался для подачи объявлений на авито с текстом с дрома.', NULL, NULL),
(198, 99, NULL, 'Реализация', NULL, NULL, NULL),
(198, 101, NULL, NULL, 'Принадлежность товара\r\n0 - Наш товар\r\n1 - товар принятый на реализацию от частного лица\r\n10 - товар принятый на реализацию от наших знакомых\r\n13 - Товар принятый на реализацию от макаревича\r\nостальное партнерские товары', NULL, NULL),
(199, 19, NULL, 'хочет внести предоплату в пятницу', NULL, NULL, NULL),
(199, 20, NULL, NULL, NULL, '2025-01-15 18:00:00', NULL),
(199, 21, NULL, '+7 (923) 414-35-45', NULL, NULL, NULL),
(199, 25, NULL, NULL, '8468, договорились в рассрочку на месяц общая 16900 8000 сразу 8900 в конце', NULL, NULL),
(199, 26, NULL, 'Дром', NULL, NULL, NULL),
(199, 27, NULL, NULL, 'Томск', NULL, NULL),
(200, 99, NULL, 'Выкладывать ФД (0 - нет, 1 - да)', NULL, NULL, NULL),
(200, 101, NULL, NULL, 'Для фотодоски, 1 выкладывать, 0 не выкладывать', NULL, NULL),
(201, 19, NULL, 'хочет приехать в среду', NULL, NULL, NULL),
(201, 20, NULL, NULL, NULL, '2025-01-15 18:00:00', NULL),
(201, 21, NULL, '+7 (960) 906-32-00', NULL, NULL, NULL),
(201, 25, NULL, NULL, 'одно колесо за 8500 н3159', NULL, NULL),
(201, 26, NULL, 'хз', NULL, NULL, NULL),
(201, 27, NULL, NULL, 'Из Кемерово приедет в томск сам', NULL, NULL),
(202, 102, NULL, NULL, '[++] - оборачиваются интерпретаторы и справочники.\r\n	[+INTER=1+] - возвращает значение интерпретатора под номером "1"\r\n	[+LIST=1+] возвращает значение списка под номером "1"\r\n	[+VAR=fist+] возвращает значение переменной под названием "first"\r\n	[+TABLE=1+] возвращает значение таблицы под номером "1"\r\n	[+CUBE=1+] возвращает значение тремерного массива под номером "1"\r\n\r\n{}  слова для выбора рандомом\r\n	{1|2|3} - возвращает случайно выбранный элемент из перечисленных\r\n[##] элементы для перестановок	\r\n	[#[+LIST=1+]#] [#[+INTER=1+]#] - возвращает случайную перестановку из элементов [+LIST=1+] и [+INTER=1+]\r\n\r\nИспользование условий:\r\n`("[+INTER=1+]"=="4")?("Верно"):("Ошибка")`\r\nЕсли [+INTER=1+] равен "4" то "Верно" иначе "Ошибка".\r\nУсловие обязательно оборачивать в "Апостроф" на русской раскладке клавиатуры это кнопка с буквой "ё".\r\n\r\n\r\nITEM - используется для выбора элемента из массива типа "a;b;c;" \r\n	[+LIST=1;ITEM=2+] - результат "b"\r\n\r\nLAST - выбирает последний элемент из массива a;b;c;. \r\n	[+LIST=1;ITEM=LAST+] - результат "c"\r\n\r\nRAND - выбирает случайный элемент из массива a;b;c;. \r\n	[+LIST=1;ITEM=RAND+] - результат случайное из "a" "b" или "c", \r\n	на данный момент реализовано более удобным способом {a|b|c}\r\n\r\nSEP - заменяет разделитель множественного атрибута \r\n	[ATTR=5*114/4*114;SEP=-] - результат 5*114-4*114, \r\n\r\nALT - [+ATTR=5;ALT=+]\r\n\r\nREPLACE - [+ATTR=5;REPLACE={*=x};SEP=-+] - 5x114-4x114\r\n\r\n`(count(explode("/","[+ATTR=31+]"))==2)?("([+ATTR=31;SEP=|;ITEM=2+])"):("")` - вывод одного элемента из множественного атрибута\r\n[+LIST=3;ITEM=ITER+] - (для уникальных интерпретаторов) берет первый элемент массива, если не уникальное, то берет второй и т. д.\r\n\r\n[#{9|8|7|6}#] [#[+ATTR=3+]#] [#{asda|asadas|asdasd|asdasd}#]\r\n\r\nPHP функции\r\nround(6.3,0)//  =6 округление\r\nfloor(3.99) // 3 округление в меньшую сторону\r\nceil(3.001)// 4 в большую сторону\r\n\r\n* -учитываются все пробелы', NULL, NULL),
(203, 51, NULL, '+79658502481', NULL, NULL, NULL),
(203, 53, NULL, 'admin:4815162342@85.143.220.244:1212', NULL, NULL, NULL),
(203, 56, 1409, NULL, NULL, NULL, NULL),
(203, 85, NULL, 'Ижевск', NULL, NULL, NULL),
(203, 107, NULL, '11:00', NULL, NULL, NULL),
(203, 108, NULL, '20:00', NULL, NULL, NULL),
(203, 109, 3, NULL, NULL, NULL, NULL),
(204, 55, NULL, 'Ижевск', NULL, NULL, NULL),
(204, 56, 28, NULL, NULL, NULL, NULL),
(204, 57, 70, NULL, NULL, NULL, NULL),
(205, 99, NULL, 'Распродажа', NULL, NULL, NULL),
(205, 100, NULL, '1,2,3,4', NULL, NULL, NULL),
(205, 101, NULL, NULL, '1 - Распродажа, та где цена была с еденицей на конце\r\n2 - Последняя цена! В связи с закрытием склада! Отдаю себе в убыток! Меньше не предлагать - ответ будет грубым.\r\n3 - Суперцена! В связи с закрытием склада! Отдаю по себестоимости! Меньше не предлагать, это бесполезно.\r\n4 - зарезервировано для "с рубля"', NULL, NULL),
(206, 99, NULL, 'Тип диска', NULL, NULL, NULL),
(206, 101, NULL, NULL, '1 - литье\r\n4 - штамповки', NULL, NULL),
(207, 99, NULL, 'Главное фото кол-во для авито', NULL, NULL, NULL),
(207, 101, NULL, NULL, 'Количество главных фото для авито для второй стадии конспирации, пока не используется', NULL, NULL),
(208, 99, NULL, 'Разборность диска', NULL, NULL, NULL),
(208, 101, NULL, NULL, '1 - разборные', NULL, NULL),
(209, 99, NULL, 'Разноширокость дисков', NULL, NULL, NULL),
(209, 101, NULL, NULL, '1 - разноширокие', NULL, NULL),
(210, 99, NULL, 'Полка диска', NULL, NULL, NULL),
(210, 101, NULL, NULL, '1 - с полкой', NULL, NULL),
(211, 99, NULL, 'Хром диска', NULL, NULL, NULL),
(211, 101, NULL, NULL, '1 - хромированные', NULL, NULL),
(212, 99, NULL, 'Легкий диск', NULL, NULL, NULL),
(212, 101, NULL, NULL, '1 - легкие диски', NULL, NULL),
(213, 99, NULL, 'Оригинальный диск', NULL, NULL, NULL),
(213, 101, NULL, NULL, '0 - оригинальные\r\n1 - популярные\r\n2 - известные\r\n3 - редкие\r\n4 - запасной параметр вдруг чего еще\r\n5 - не указано', NULL, NULL),
(214, 99, NULL, 'Спортивные диски', NULL, NULL, NULL),
(214, 101, NULL, NULL, '1 - спортивные', NULL, NULL),
(215, 99, NULL, 'Вип диски', NULL, NULL, NULL),
(215, 101, NULL, NULL, '1 - Вип диски', NULL, NULL),
(216, 99, NULL, 'Разновыносные диски', NULL, NULL, NULL),
(216, 101, NULL, NULL, '1 - Разновыносные диски', NULL, NULL),
(217, 99, NULL, 'Номер авито для МСК', NULL, NULL, NULL),
(217, 101, NULL, NULL, 'рандомный номер для аккаунта авито москва, указывается в начале заголовка, пример: A66465', NULL, NULL),
(218, 99, NULL, 'Не рекламировать', NULL, NULL, NULL),
(218, 101, NULL, NULL, '1 - НЕ выкладывать на авито и дром', NULL, NULL),
(219, 78, NULL, 'Распродажа текст для вилс70 (1)', NULL, NULL, NULL),
(219, 79, NULL, 'http://koleso.online/admin/interpreter/update?id=56', NULL, NULL, NULL),
(220, 78, NULL, 'Распродажа текст для AOtomskru (1)', NULL, NULL, NULL),
(220, 79, NULL, 'http://koleso.online/admin/interpreter/update?id=57', NULL, NULL, NULL),
(221, 78, NULL, 'Распродажа бесплатные (1)', NULL, NULL, NULL),
(221, 79, NULL, 'http://koleso.online/admin/interpreter/update?id=75', NULL, NULL, NULL),
(222, 78, NULL, 'Последняя цена (2)', NULL, NULL, NULL),
(222, 79, NULL, 'http://koleso.online/admin/interpreter/update?id=127', NULL, NULL, NULL),
(223, 78, NULL, 'Суперцена (3)', NULL, NULL, NULL),
(223, 79, NULL, 'http://koleso.online/admin/interpreter/update?id=128', NULL, NULL, NULL),
(224, 78, NULL, 'Стандартный текст', NULL, NULL, NULL),
(224, 79, NULL, 'http://koleso.online/admin/interpreter/update?id=58', NULL, NULL, NULL),
(225, 103, NULL, 'Распродажа (1)', NULL, NULL, NULL),
(225, 104, NULL, 'http://koleso.online/admin/interpreter/update?id=59', NULL, NULL, NULL),
(226, 103, NULL, 'Последняя цена (2)', NULL, NULL, NULL),
(226, 104, NULL, 'http://koleso.online/admin/interpreter/update?id=125', NULL, NULL, NULL),
(227, 103, NULL, 'Суперцена (3)', NULL, NULL, NULL),
(227, 104, NULL, 'http://koleso.online/admin/interpreter/update?id=126', NULL, NULL, NULL),
(228, 103, NULL, 'Стандартный', NULL, NULL, NULL),
(228, 104, NULL, 'http://koleso.online/admin/interpreter/update?id=60', NULL, NULL, NULL),
(229, 97, NULL, 'Заголовок', NULL, NULL, NULL),
(229, 98, NULL, 'http://koleso.online/admin/data/varsupdate?id=dr_tire_title', NULL, NULL, NULL),
(230, 97, NULL, 'Текст', NULL, NULL, NULL),
(230, 98, NULL, 'http://koleso.online/admin/data/varsupdate?id=txtdrtire', NULL, NULL, NULL),
(231, 105, NULL, 'Заголовок', NULL, NULL, NULL),
(231, 106, NULL, 'http://koleso.online/admin/interpreter/update?id=145', NULL, NULL, NULL),
(232, 105, NULL, 'Текст объявления', NULL, NULL, NULL),
(232, 106, NULL, 'http://koleso.online/admin/interpreter/update?id=149', NULL, NULL, NULL),
(233, 46, NULL, 'svc1', NULL, NULL, NULL),
(233, 47, NULL, 'vsekrasno', NULL, NULL, NULL),
(233, 48, NULL, '+79138242659', NULL, NULL, NULL),
(234, 119, NULL, '79625794277', NULL, NULL, NULL),
(234, 120, 16, NULL, NULL, NULL, NULL),
(235, 119, NULL, '79610922964', NULL, NULL, NULL),
(235, 120, 17, NULL, NULL, NULL, NULL),
(236, 119, NULL, '79658513562', NULL, NULL, NULL),
(236, 120, 18, NULL, NULL, NULL, NULL),
(237, 119, NULL, '79609465197', NULL, NULL, NULL),
(237, 120, 22, NULL, NULL, NULL, NULL),
(238, 119, NULL, '79054701462', NULL, NULL, NULL),
(238, 120, 23, NULL, NULL, NULL, NULL),
(239, 119, NULL, '79631894238', NULL, NULL, NULL),
(239, 120, 24, NULL, NULL, NULL, NULL),
(240, 119, NULL, '79046229493', NULL, NULL, NULL),
(240, 120, 25, NULL, NULL, NULL, NULL),
(241, 119, NULL, '79097673372', NULL, NULL, NULL),
(241, 120, 26, NULL, NULL, NULL, NULL),
(242, 119, NULL, '79058797226', NULL, NULL, NULL),
(242, 120, 31, NULL, NULL, NULL, NULL),
(243, 119, NULL, '79053997951', NULL, NULL, NULL),
(243, 120, 34, NULL, NULL, NULL, NULL),
(244, 119, NULL, '79036526505', NULL, NULL, NULL),
(244, 120, 36, NULL, NULL, NULL, NULL),
(245, 119, NULL, '79641000825', NULL, NULL, NULL),
(245, 120, 38, NULL, NULL, NULL, NULL),
(246, 119, NULL, '79617207863', NULL, NULL, NULL),
(246, 120, 42, NULL, NULL, NULL, NULL),
(247, 119, NULL, '79606746939', NULL, NULL, NULL),
(247, 120, 46, NULL, NULL, NULL, NULL),
(248, 119, NULL, '79650314584', NULL, NULL, NULL),
(248, 120, 47, NULL, NULL, NULL, NULL),
(249, 119, NULL, '79092997419', NULL, NULL, NULL),
(249, 120, 52, NULL, NULL, NULL, NULL),
(250, 119, NULL, '79618777671', NULL, NULL, NULL),
(250, 120, 54, NULL, NULL, NULL, NULL),
(251, 119, NULL, '79059227174', NULL, NULL, NULL),
(251, 120, 55, NULL, NULL, NULL, NULL),
(252, 119, NULL, '79603182153', NULL, NULL, NULL),
(252, 120, 58, NULL, NULL, NULL, NULL),
(253, 119, NULL, '79054573748', NULL, NULL, NULL),
(253, 120, 61, NULL, NULL, NULL, NULL),
(254, 119, NULL, '79608161524', NULL, NULL, NULL),
(254, 120, 63, NULL, NULL, NULL, NULL),
(255, 119, NULL, '79090071345', NULL, NULL, NULL),
(255, 120, 66, NULL, NULL, NULL, NULL),
(256, 119, NULL, '79138275756', NULL, NULL, NULL),
(256, 120, 70, NULL, NULL, NULL, NULL),
(257, 119, NULL, '79612121382', NULL, NULL, NULL),
(257, 120, 72, NULL, NULL, NULL, NULL),
(258, 119, NULL, '79617871877', NULL, NULL, NULL),
(258, 120, 74, NULL, NULL, NULL, NULL),
(259, 119, NULL, '79644709128', NULL, NULL, NULL),
(259, 120, 75, NULL, NULL, NULL, NULL),
(260, 119, NULL, '79031019097', NULL, NULL, NULL),
(260, 120, 77, NULL, NULL, NULL, NULL),
(261, 119, NULL, '79618057984', NULL, NULL, NULL),
(261, 120, 79, NULL, NULL, NULL, NULL),
(262, 119, NULL, '79090390569', NULL, NULL, NULL),
(262, 120, 86, NULL, NULL, NULL, NULL),
(263, 119, NULL, '79677635822', NULL, NULL, NULL),
(263, 120, 2, NULL, NULL, NULL, NULL),
(264, 119, NULL, '79644035958', NULL, NULL, NULL),
(264, 120, 3, NULL, NULL, NULL, NULL);

-- --------------------------------------------------------

--
-- Структура таблицы `desktop_table_col`
--

CREATE TABLE IF NOT EXISTS `desktop_table_col` (
  `id` int(10) unsigned NOT NULL,
  `name` varchar(100) NOT NULL,
  `table_id` int(10) unsigned NOT NULL,
  `type_id` tinyint(3) unsigned NOT NULL,
  `list` tinyint(1) DEFAULT '0',
  `required` tinyint(1) DEFAULT '0',
  `width` int(11) DEFAULT '0'
) ENGINE=InnoDB AUTO_INCREMENT=121 DEFAULT CHARSET=utf8;

--
-- Дамп данных таблицы `desktop_table_col`
--

INSERT INTO `desktop_table_col` (`id`, `name`, `table_id`, `type_id`, `list`, `required`, `width`) VALUES
(1, '123', 5, 1, 0, 0, 0),
(4, 'Новое поле', 6, 1, 0, 0, 0),
(8, 'Текст', 6, 5, 0, 0, 0),
(9, 'Ололо', 6, 2, 0, 0, 0),
(16, 'Название', 8, 2, 0, 0, 0),
(17, 'Функция', 8, 2, 0, 0, 0),
(18, 'Формат', 8, 2, 0, 0, 0),
(19, 'Статус', 9, 2, 0, 0, 0),
(20, 'Дата', 9, 3, 0, 0, 0),
(21, 'Телефон', 9, 6, 0, 0, 0),
(25, 'Что подобрали', 9, 5, 0, 0, 0),
(26, 'От куда пришел', 9, 2, 0, 0, 0),
(27, 'Город лида', 9, 5, 0, 0, 0),
(33, 'Логин на дроме', 10, 2, 0, 0, 0),
(34, 'Что выкладываем (Шины, Диски)', 10, 2, 0, 0, 0),
(35, 'Доставка до ТК', 10, 1, 0, 0, 0),
(36, 'Доп. наценка', 10, 1, 0, 0, 0),
(37, 'Какими ТК отправит?', 10, 2, 0, 0, 0),
(38, 'ID партнера', 10, 1, 0, 0, 0),
(39, 'Условия работы', 11, 5, 0, 0, 0),
(40, 'Телефон', 11, 6, 0, 0, 0),
(41, 'Майл', 11, 7, 0, 0, 0),
(44, 'Местонахождение', 11, 5, 0, 0, 0),
(46, 'Логин', 12, 2, 0, 0, 0),
(47, 'Пароль', 12, 2, 0, 0, 0),
(48, 'Телефон', 12, 2, 0, 0, 0),
(49, 'Логин', 13, 2, 0, 0, 0),
(50, 'Пароль', 13, 2, 0, 0, 0),
(51, 'Телефон', 13, 2, 0, 0, 0),
(52, 'Имя', 13, 2, 0, 0, 0),
(53, 'Прокси', 13, 2, 0, 0, 0),
(56, 'ID города', 13, 1, 0, 0, 0),
(57, 'Интервал выкладки авито (мин.)', 14, 1, 0, 0, 0),
(58, 'Дата', 15, 3, 0, 0, 0),
(65, 'Выдача', 15, 2, 0, 0, 0),
(66, 'Описание', 15, 2, 0, 0, 0),
(67, 'Прием', 15, 2, 0, 0, 0),
(68, 'Описание', 15, 2, 0, 0, 0),
(69, 'Заголовок', 16, 2, 0, 0, 0),
(70, 'Описание', 16, 2, 0, 0, 0),
(71, 'Ключевые слова', 16, 2, 0, 0, 0),
(72, 'Тело страницы', 16, 5, 0, 0, 0),
(73, 'Символьный код', 16, 2, 0, 0, 0),
(78, 'Название', 18, 2, 0, 0, 0),
(79, 'Ссылка на редактирование', 18, 8, 0, 0, 0),
(80, 'Название ТК', 19, 2, 0, 0, 0),
(82, 'Реферал', 21, 2, 0, 0, 0),
(83, 'Статус лида', 22, 2, 0, 0, 0),
(85, 'Город', 13, 2, 0, 0, 0),
(86, 'Канал', 23, 2, 0, 0, 0),
(87, 'Название', 24, 2, 0, 0, 0),
(89, 'Текст', 24, 5, 0, 0, 0),
(90, 'Ссылка на таблицу гуглдиск', 25, 8, 0, 0, 0),
(95, 'Название параметра', 27, 2, 0, 0, 0),
(96, 'Ссылка на редактирование', 27, 8, 0, 0, 0),
(97, 'Название параметра', 28, 2, 0, 0, 0),
(98, 'Ссылка на редактирование', 28, 8, 0, 0, 0),
(99, 'Название атрибута', 29, 2, 0, 0, 0),
(100, 'Допустимые значения', 29, 2, 0, 0, 0),
(101, 'Описание', 29, 5, 0, 0, 0),
(102, 'Описание', 30, 5, 0, 0, 0),
(103, 'Название', 31, 2, 0, 0, 0),
(104, 'Ссылка для редактирования', 31, 8, 0, 0, 0),
(105, 'Название', 32, 2, 0, 0, 0),
(106, 'Ссылка для редактирования', 32, 8, 0, 0, 0),
(107, 'Начало рабочего дня (00:00)', 13, 2, 0, 0, 0),
(108, 'Конец рабочего дня (00:00)', 13, 2, 0, 0, 0),
(109, 'Интервал выкладки (мин.)', 13, 1, 0, 0, 0),
(110, 'Описание', 33, 2, 0, 0, 0),
(111, 'Ссылка для редактирования', 33, 8, 0, 0, 0),
(112, 'Описание', 34, 2, 0, 0, 0),
(113, 'Ссылка для редактирования', 34, 8, 0, 0, 0),
(114, 'Прокси', 12, 2, 0, 0, 0),
(115, 'Город', 12, 2, 0, 0, 0),
(116, 'Начало рабочего дня (00:00)', 12, 2, 0, 0, 0),
(117, 'Конец рабочего дня (00:00)', 12, 2, 0, 0, 0),
(118, 'Интервал выкладки (мин.)', 12, 2, 0, 0, 0),
(119, 'Телефон', 35, 2, 0, 0, 0),
(120, 'Регион', 35, 1, 0, 0, 0);

-- --------------------------------------------------------

--
-- Структура таблицы `desktop_table_col_type`
--

CREATE TABLE IF NOT EXISTS `desktop_table_col_type` (
  `id` tinyint(3) unsigned NOT NULL,
  `name` varchar(100) NOT NULL,
  `code` varchar(10) NOT NULL,
  `class` varchar(100) NOT NULL
) ENGINE=InnoDB AUTO_INCREMENT=9 DEFAULT CHARSET=utf8;

--
-- Дамп данных таблицы `desktop_table_col_type`
--

INSERT INTO `desktop_table_col_type` (`id`, `name`, `code`, `class`) VALUES
(1, 'Число', 'int', ''),
(2, 'Строка', 'varchar', ''),
(3, 'Дата', 'time', ''),
(4, 'Дата и время', 'time', ''),
(5, 'Текст', 'text', ''),
(6, 'Телефон', 'varchar', 'phone'),
(7, 'E-mail', 'varchar', 'email'),
(8, 'URL', 'varchar', 'url');

-- --------------------------------------------------------

--
-- Структура таблицы `desktop_table_col_variant`
--

CREATE TABLE IF NOT EXISTS `desktop_table_col_variant` (
  `id` int(11) NOT NULL,
  `col_id` int(11) NOT NULL,
  `int_value` int(11) NOT NULL,
  `varchar_value` varchar(255) NOT NULL
) ENGINE=InnoDB DEFAULT CHARSET=utf8;

-- --------------------------------------------------------

--
-- Структура таблицы `desktop_table_row`
--

CREATE TABLE IF NOT EXISTS `desktop_table_row` (
  `id` int(10) unsigned NOT NULL,
  `table_id` int(10) unsigned NOT NULL
) ENGINE=InnoDB AUTO_INCREMENT=265 DEFAULT CHARSET=utf8;

--
-- Дамп данных таблицы `desktop_table_row`
--

INSERT INTO `desktop_table_row` (`id`, `table_id`) VALUES
(5, 6),
(6, 6),
(7, 6),
(8, 6),
(12, 8),
(13, 8),
(14, 8),
(15, 8),
(24, 9),
(25, 10),
(26, 10),
(33, 11),
(34, 11),
(35, 12),
(36, 12),
(37, 12),
(38, 12),
(39, 12),
(40, 12),
(41, 12),
(42, 12),
(43, 12),
(44, 12),
(45, 12),
(46, 12),
(47, 12),
(48, 12),
(49, 12),
(50, 12),
(51, 12),
(52, 12),
(53, 12),
(54, 12),
(55, 12),
(56, 12),
(57, 12),
(58, 12),
(59, 12),
(60, 12),
(61, 12),
(62, 12),
(63, 12),
(64, 12),
(65, 12),
(66, 12),
(67, 13),
(68, 13),
(69, 13),
(78, 13),
(79, 13),
(81, 9),
(83, 10),
(86, 10),
(89, 9),
(93, 14),
(94, 14),
(95, 15),
(100, 13),
(102, 16),
(104, 16),
(105, 16),
(106, 16),
(114, 13),
(116, 13),
(117, 14),
(119, 14),
(120, 14),
(121, 13),
(122, 13),
(123, 13),
(124, 14),
(125, 14),
(126, 14),
(127, 15),
(128, 15),
(129, 15),
(136, 14),
(141, 15),
(142, 15),
(143, 15),
(144, 15),
(145, 15),
(146, 15),
(148, 14),
(149, 13),
(153, 14),
(154, 14),
(155, 19),
(159, 21),
(160, 21),
(161, 21),
(162, 21),
(163, 21),
(164, 22),
(165, 22),
(166, 22),
(167, 22),
(168, 22),
(169, 22),
(173, 23),
(174, 23),
(175, 19),
(176, 9),
(177, 9),
(178, 24),
(179, 24),
(180, 24),
(181, 24),
(182, 9),
(183, 13),
(184, 14),
(185, 12),
(187, 25),
(189, 9),
(190, 9),
(192, 27),
(193, 27),
(194, 27),
(195, 27),
(196, 29),
(197, 29),
(198, 29),
(199, 9),
(200, 29),
(201, 9),
(202, 30),
(203, 13),
(204, 14),
(205, 29),
(206, 29),
(207, 29),
(208, 29),
(209, 29),
(210, 29),
(211, 29),
(212, 29),
(213, 29),
(214, 29),
(215, 29),
(216, 29),
(217, 29),
(218, 29),
(219, 18),
(220, 18),
(221, 18),
(222, 18),
(223, 18),
(224, 18),
(225, 31),
(226, 31),
(227, 31),
(228, 31),
(229, 28),
(230, 28),
(231, 32),
(232, 32),
(233, 12),
(234, 35),
(235, 35),
(236, 35),
(237, 35),
(238, 35),
(239, 35),
(240, 35),
(241, 35),
(242, 35),
(243, 35),
(244, 35),
(245, 35),
(246, 35),
(247, 35),
(248, 35),
(249, 35),
(250, 35),
(251, 35),
(252, 35),
(253, 35),
(254, 35),
(255, 35),
(256, 35),
(257, 35),
(258, 35),
(259, 35),
(260, 35),
(261, 35),
(262, 35),
(263, 35),
(264, 35);

--
-- Индексы сохранённых таблиц
--

--
-- Индексы таблицы `desktop`
--
ALTER TABLE `desktop`
  ADD PRIMARY KEY (`id`);

--
-- Индексы таблицы `desktop_table`
--
ALTER TABLE `desktop_table`
  ADD PRIMARY KEY (`id`);

--
-- Индексы таблицы `desktop_table_cell`
--
ALTER TABLE `desktop_table_cell`
  ADD PRIMARY KEY (`row_id`,`col_id`);

--
-- Индексы таблицы `desktop_table_col`
--
ALTER TABLE `desktop_table_col`
  ADD PRIMARY KEY (`id`);

--
-- Индексы таблицы `desktop_table_col_type`
--
ALTER TABLE `desktop_table_col_type`
  ADD PRIMARY KEY (`id`);

--
-- Индексы таблицы `desktop_table_col_variant`
--
ALTER TABLE `desktop_table_col_variant`
  ADD PRIMARY KEY (`id`);

--
-- Индексы таблицы `desktop_table_row`
--
ALTER TABLE `desktop_table_row`
  ADD PRIMARY KEY (`id`);

--
-- AUTO_INCREMENT для сохранённых таблиц
--

--
-- AUTO_INCREMENT для таблицы `desktop`
--
ALTER TABLE `desktop`
  MODIFY `id` int(10) unsigned NOT NULL AUTO_INCREMENT,AUTO_INCREMENT=51;
--
-- AUTO_INCREMENT для таблицы `desktop_table`
--
ALTER TABLE `desktop_table`
  MODIFY `id` int(10) unsigned NOT NULL AUTO_INCREMENT,AUTO_INCREMENT=36;
--
-- AUTO_INCREMENT для таблицы `desktop_table_col`
--
ALTER TABLE `desktop_table_col`
  MODIFY `id` int(10) unsigned NOT NULL AUTO_INCREMENT,AUTO_INCREMENT=121;
--
-- AUTO_INCREMENT для таблицы `desktop_table_col_type`
--
ALTER TABLE `desktop_table_col_type`
  MODIFY `id` tinyint(3) unsigned NOT NULL AUTO_INCREMENT,AUTO_INCREMENT=9;
--
-- AUTO_INCREMENT для таблицы `desktop_table_col_variant`
--
ALTER TABLE `desktop_table_col_variant`
  MODIFY `id` int(11) NOT NULL AUTO_INCREMENT;
--
-- AUTO_INCREMENT для таблицы `desktop_table_row`
--
ALTER TABLE `desktop_table_row`
  MODIFY `id` int(10) unsigned NOT NULL AUTO_INCREMENT,AUTO_INCREMENT=265;
/*!40101 SET CHARACTER_SET_CLIENT=@OLD_CHARACTER_SET_CLIENT */;
/*!40101 SET CHARACTER_SET_RESULTS=@OLD_CHARACTER_SET_RESULTS */;
/*!40101 SET COLLATION_CONNECTION=@OLD_COLLATION_CONNECTION */;
